filename,dataset,emotion,actor,filepath
C:\Users\ngovi\.cache\kagglehub\datasets\piyushagni5\berlin-database-of-emotional-speech-emodb\versions\1\wav\16a01Ec.wav,EmoDB,E,16,C:\Users\ngovi\.cache\kagglehub\datasets\piyushagni5\berlin-database-of-emotional-speech-emodb\versions\1\wav\16a01Ec.wav
C:\Users\ngovi\.cache\kagglehub\datasets\piyushagni5\berlin-database-of-emotional-speech-emodb\versions\1\wav\08a01Fd.wav,EmoDB,F,08,C:\Users\ngovi\.cache\kagglehub\datasets\piyushagni5\berlin-database-of-emotional-speech-emodb\versions\1\wav\08a01Fd.wav
C:\Users\ngovi\.cache\kagglehub\datasets\piyushagni5\berlin-database-of-emotional-speech-emodb\versions\1\wav\13a04Ta.wav,EmoDB,T,13,C:\Users\ngovi\.cache\kagglehub\datasets\piyushagni5\berlin-database-of-emotional-speech-emodb\versions\1\wav\13a04Ta.wav
C:\Users\ngovi\.cache\kagglehub\datasets\piyushagni5\berlin-database-of-emotional-speech-emodb\versions\1\wav\14b03Ta.wav,EmoDB,T,14,C:\Users\ngovi\.cache\kagglehub\datasets\piyushagni5\berlin-database-of-emotional-speech-emodb\versions\1\wav\14b03Ta.wav
C:\Users\ngovi\.cache\kagglehub\datasets\piyushagni5\berlin-database-of-emotional-speech-emodb\versions\1\wav\13a05Tc.wav,EmoDB,T,13,C:\Users\ngovi\.cache\kagglehub\datasets\piyushagni5\berlin-database-of-emotional-speech-emodb\versions\1\wav\13a05Tc.wav
C:\Users\ngovi\.cache\kagglehub\datasets\piyushagni5\berlin-database-of-emotional-speech-emodb\versions\1\wav\14a04Tb.wav,EmoDB,T,14,C:\Users\ngovi\.cache\kagglehub\datasets\piyushagni5\berlin-database-of-emotional-speech-emodb\versions\1\wav\14a04Tb.wav
C:\Users\ngovi\.cache\kagglehub\datasets\piyushagni5\berlin-database-of-emotional-speech-emodb\versions\1\wav\11b01Nc.wav,EmoDB,N,11,C:\Users\ngovi\.cache\kagglehub\datasets\piyushagni5\berlin-database-of-emotional-speech-emodb\versions\1\wav\11b01Nc.wav
C:\Users\ngovi\.cache\kagglehub\datasets\piyushagni5\berlin-database-of-emotional-speech-emodb\versions\1\wav\03b01Fa.wav,EmoDB,F,03,C:\Users\ngovi\.cache\kagglehub\datasets\piyushagni5\berlin-database-of-emotional-speech-emodb\versions\1\wav\03b01Fa.wav
C:\Users\ngovi\.cache\kagglehub\datasets\piyushagni5\berlin-database-of-emotional-speech-emodb\versions\1\wav\08a02Na.wav,EmoDB,N,08,C:\Users\ngovi\.cache\kagglehub\datasets\piyushagni5\berlin-database-of-emotional-speech-emodb\versions\1\wav\08a02Na.wav
C:\Users\ngovi\.cache\kagglehub\datasets\piyushagni5\berlin-database-of-emotional-speech-emodb\versions\1\wav\15b03Lc.wav,EmoDB,L,15,C:\Users\ngovi\.cache\kagglehub\datasets\piyushagni5\berlin-database-of-emotional-speech-emodb\versions\1\wav\15b03Lc.wav
C:\Users\ngovi\.cache\kagglehub\datasets\piyushagni5\berlin-database-of-emotional-speech-emodb\versions\1\wav\08a05Lc.wav,EmoDB,L,08,C:\Users\ngovi\.cache\kagglehub\datasets\piyushagni5\berlin-database-of-emotional-speech-emodb\versions\1\wav\08a05Lc.wav
C:\Users\ngovi\.cache\kagglehub\datasets\piyushagni5\berlin-database-of-emotional-speech-emodb\versions\1\wav\09b09Nd.wav,EmoDB,N,09,C:\Users\ngovi\.cache\kagglehub\datasets\piyushagni5\berlin-database-of-emotional-speech-emodb\versions\1\wav\09b09Nd.wav
C:\Users\ngovi\.cache\kagglehub\datasets\piyushagni5\berlin-database-of-emotional-speech-emodb\versions\1\wav\16b03La.wav,EmoDB,L,16,C:\Users\ngovi\.cache\kagglehub\datasets\piyushagni5\berlin-database-of-emotional-speech-emodb\versions\1\wav\16b03La.wav
C:\Users\ngovi\.cache\kagglehub\datasets\piyushagni5\berlin-database-of-emotional-speech-emodb\versions\1\wav\11b09Td.wav,EmoDB,T,11,C:\Users\ngovi\.cache\kagglehub\datasets\piyushagni5\berlin-database-of-emotional-speech-emodb\versions\1\wav\11b09Td.wav
C:\Users\ngovi\.cache\kagglehub\datasets\piyushagni5\berlin-database-of-emotional-speech-emodb\versions\1\wav\11b01Eb.wav,EmoDB,E,11,C:\Users\ngovi\.cache\kagglehub\datasets\piyushagni5\berlin-database-of-emotional-speech-emodb\versions\1\wav\11b01Eb.wav
C:\Users\ngovi\.cache\kagglehub\datasets\piyushagni5\berlin-database-of-emotional-speech-emodb\versions\1\wav\11a02Fb.wav,EmoDB,F,11,C:\Users\ngovi\.cache\kagglehub\datasets\piyushagni5\berlin-database-of-emotional-speech-emodb\versions\1\wav\11a02Fb.wav
C:\Users\ngovi\.cache\kagglehub\datasets\piyushagni5\berlin-database-of-emotional-speech-emodb\versions\1\wav\13b09Ab.wav,EmoDB,A,13,C:\Users\ngovi\.cache\kagglehub\datasets\piyushagni5\berlin-database-of-emotional-speech-emodb\versions\1\wav\13b09Ab.wav
C:\Users\ngovi\.cache\kagglehub\datasets\piyushagni5\berlin-database-of-emotional-speech-emodb\versions\1\wav\03a05Wb.wav,EmoDB,W,03,C:\Users\ngovi\.cache\kagglehub\datasets\piyushagni5\berlin-database-of-emotional-speech-emodb\versions\1\wav\03a05Wb.wav
C:\Users\ngovi\.cache\kagglehub\datasets\piyushagni5\berlin-database-of-emotional-speech-emodb\versions\1\wav\14a01Na.wav,EmoDB,N,14,C:\Users\ngovi\.cache\kagglehub\datasets\piyushagni5\berlin-database-of-emotional-speech-emodb\versions\1\wav\14a01Na.wav
C:\Users\ngovi\.cache\kagglehub\datasets\piyushagni5\berlin-database-of-emotional-speech-emodb\versions\1\wav\14b10Nb.wav,EmoDB,N,14,C:\Users\ngovi\.cache\kagglehub\datasets\piyushagni5\berlin-database-of-emotional-speech-emodb\versions\1\wav\14b10Nb.wav
C:\Users\ngovi\.cache\kagglehub\datasets\piyushagni5\berlin-database-of-emotional-speech-emodb\versions\1\wav\13b09Wa.wav,EmoDB,W,13,C:\Users\ngovi\.cache\kagglehub\datasets\piyushagni5\berlin-database-of-emotional-speech-emodb\versions\1\wav\13b09Wa.wav
C:\Users\ngovi\.cache\kagglehub\datasets\piyushagni5\berlin-database-of-emotional-speech-emodb\versions\1\wav\15b01Wc.wav,EmoDB,W,15,C:\Users\ngovi\.cache\kagglehub\datasets\piyushagni5\berlin-database-of-emotional-speech-emodb\versions\1\wav\15b01Wc.wav
C:\Users\ngovi\.cache\kagglehub\datasets\piyushagni5\berlin-database-of-emotional-speech-emodb\versions\1\wav\09a01Wb.wav,EmoDB,W,09,C:\Users\ngovi\.cache\kagglehub\datasets\piyushagni5\berlin-database-of-emotional-speech-emodb\versions\1\wav\09a01Wb.wav
C:\Users\ngovi\.cache\kagglehub\datasets\piyushagni5\berlin-database-of-emotional-speech-emodb\versions\1\wav\13b02Fb.wav,EmoDB,F,13,C:\Users\ngovi\.cache\kagglehub\datasets\piyushagni5\berlin-database-of-emotional-speech-emodb\versions\1\wav\13b02Fb.wav
C:\Users\ngovi\.cache\kagglehub\datasets\piyushagni5\berlin-database-of-emotional-speech-emodb\versions\1\wav\13a01Ac.wav,EmoDB,A,13,C:\Users\ngovi\.cache\kagglehub\datasets\piyushagni5\berlin-database-of-emotional-speech-emodb\versions\1\wav\13a01Ac.wav
C:\Users\ngovi\.cache\kagglehub\datasets\piyushagni5\berlin-database-of-emotional-speech-emodb\versions\1\wav\12b01Wa.wav,EmoDB,W,12,C:\Users\ngovi\.cache\kagglehub\datasets\piyushagni5\berlin-database-of-emotional-speech-emodb\versions\1\wav\12b01Wa.wav
C:\Users\ngovi\.cache\kagglehub\datasets\piyushagni5\berlin-database-of-emotional-speech-emodb\versions\1\wav\08a07Na.wav,EmoDB,N,08,C:\Users\ngovi\.cache\kagglehub\datasets\piyushagni5\berlin-database-of-emotional-speech-emodb\versions\1\wav\08a07Na.wav
C:\Users\ngovi\.cache\kagglehub\datasets\piyushagni5\berlin-database-of-emotional-speech-emodb\versions\1\wav\16a01Nc.wav,EmoDB,N,16,C:\Users\ngovi\.cache\kagglehub\datasets\piyushagni5\berlin-database-of-emotional-speech-emodb\versions\1\wav\16a01Nc.wav
C:\Users\ngovi\.cache\kagglehub\datasets\piyushagni5\berlin-database-of-emotional-speech-emodb\versions\1\wav\13b02Nb.wav,EmoDB,N,13,C:\Users\ngovi\.cache\kagglehub\datasets\piyushagni5\berlin-database-of-emotional-speech-emodb\versions\1\wav\13b02Nb.wav
C:\Users\ngovi\.cache\kagglehub\datasets\piyushagni5\berlin-database-of-emotional-speech-emodb\versions\1\wav\13a02Fa.wav,EmoDB,F,13,C:\Users\ngovi\.cache\kagglehub\datasets\piyushagni5\berlin-database-of-emotional-speech-emodb\versions\1\wav\13a02Fa.wav
C:\Users\ngovi\.cache\kagglehub\datasets\piyushagni5\berlin-database-of-emotional-speech-emodb\versions\1\wav\13a01Wb.wav,EmoDB,W,13,C:\Users\ngovi\.cache\kagglehub\datasets\piyushagni5\berlin-database-of-emotional-speech-emodb\versions\1\wav\13a01Wb.wav
C:\Users\ngovi\.cache\kagglehub\datasets\piyushagni5\berlin-database-of-emotional-speech-emodb\versions\1\wav\10b02La.wav,EmoDB,L,10,C:\Users\ngovi\.cache\kagglehub\datasets\piyushagni5\berlin-database-of-emotional-speech-emodb\versions\1\wav\10b02La.wav
C:\Users\ngovi\.cache\kagglehub\datasets\piyushagni5\berlin-database-of-emotional-speech-emodb\versions\1\wav\12b10Wa.wav,EmoDB,W,12,C:\Users\ngovi\.cache\kagglehub\datasets\piyushagni5\berlin-database-of-emotional-speech-emodb\versions\1\wav\12b10Wa.wav
C:\Users\ngovi\.cache\kagglehub\datasets\piyushagni5\berlin-database-of-emotional-speech-emodb\versions\1\wav\09a01Ea.wav,EmoDB,E,09,C:\Users\ngovi\.cache\kagglehub\datasets\piyushagni5\berlin-database-of-emotional-speech-emodb\versions\1\wav\09a01Ea.wav
C:\Users\ngovi\.cache\kagglehub\datasets\piyushagni5\berlin-database-of-emotional-speech-emodb\versions\1\wav\13b09Fc.wav,EmoDB,F,13,C:\Users\ngovi\.cache\kagglehub\datasets\piyushagni5\berlin-database-of-emotional-speech-emodb\versions\1\wav\13b09Fc.wav
C:\Users\ngovi\.cache\kagglehub\datasets\piyushagni5\berlin-database-of-emotional-speech-emodb\versions\1\wav\08b10Fd.wav,EmoDB,F,08,C:\Users\ngovi\.cache\kagglehub\datasets\piyushagni5\berlin-database-of-emotional-speech-emodb\versions\1\wav\08b10Fd.wav
C:\Users\ngovi\.cache\kagglehub\datasets\piyushagni5\berlin-database-of-emotional-speech-emodb\versions\1\wav\12a01Nb.wav,EmoDB,N,12,C:\Users\ngovi\.cache\kagglehub\datasets\piyushagni5\berlin-database-of-emotional-speech-emodb\versions\1\wav\12a01Nb.wav
C:\Users\ngovi\.cache\kagglehub\datasets\piyushagni5\berlin-database-of-emotional-speech-emodb\versions\1\wav\14a07Fd.wav,EmoDB,F,14,C:\Users\ngovi\.cache\kagglehub\datasets\piyushagni5\berlin-database-of-emotional-speech-emodb\versions\1\wav\14a07Fd.wav
C:\Users\ngovi\.cache\kagglehub\datasets\piyushagni5\berlin-database-of-emotional-speech-emodb\versions\1\wav\11b09Ad.wav,EmoDB,A,11,C:\Users\ngovi\.cache\kagglehub\datasets\piyushagni5\berlin-database-of-emotional-speech-emodb\versions\1\wav\11b09Ad.wav
C:\Users\ngovi\.cache\kagglehub\datasets\piyushagni5\berlin-database-of-emotional-speech-emodb\versions\1\wav\03b10Na.wav,EmoDB,N,03,C:\Users\ngovi\.cache\kagglehub\datasets\piyushagni5\berlin-database-of-emotional-speech-emodb\versions\1\wav\03b10Na.wav
C:\Users\ngovi\.cache\kagglehub\datasets\piyushagni5\berlin-database-of-emotional-speech-emodb\versions\1\wav\08b09Lc.wav,EmoDB,L,08,C:\Users\ngovi\.cache\kagglehub\datasets\piyushagni5\berlin-database-of-emotional-speech-emodb\versions\1\wav\08b09Lc.wav
C:\Users\ngovi\.cache\kagglehub\datasets\piyushagni5\berlin-database-of-emotional-speech-emodb\versions\1\wav\03a04Ta.wav,EmoDB,T,03,C:\Users\ngovi\.cache\kagglehub\datasets\piyushagni5\berlin-database-of-emotional-speech-emodb\versions\1\wav\03a04Ta.wav
C:\Users\ngovi\.cache\kagglehub\datasets\piyushagni5\berlin-database-of-emotional-speech-emodb\versions\1\wav\08a04Nc.wav,EmoDB,N,08,C:\Users\ngovi\.cache\kagglehub\datasets\piyushagni5\berlin-database-of-emotional-speech-emodb\versions\1\wav\08a04Nc.wav
C:\Users\ngovi\.cache\kagglehub\datasets\piyushagni5\berlin-database-of-emotional-speech-emodb\versions\1\wav\15a05Eb.wav,EmoDB,E,15,C:\Users\ngovi\.cache\kagglehub\datasets\piyushagni5\berlin-database-of-emotional-speech-emodb\versions\1\wav\15a05Eb.wav
C:\Users\ngovi\.cache\kagglehub\datasets\piyushagni5\berlin-database-of-emotional-speech-emodb\versions\1\wav\14b09Ea.wav,EmoDB,E,14,C:\Users\ngovi\.cache\kagglehub\datasets\piyushagni5\berlin-database-of-emotional-speech-emodb\versions\1\wav\14b09Ea.wav
C:\Users\ngovi\.cache\kagglehub\datasets\piyushagni5\berlin-database-of-emotional-speech-emodb\versions\1\wav\08b01Aa.wav,EmoDB,A,08,C:\Users\ngovi\.cache\kagglehub\datasets\piyushagni5\berlin-database-of-emotional-speech-emodb\versions\1\wav\08b01Aa.wav
C:\Users\ngovi\.cache\kagglehub\datasets\piyushagni5\berlin-database-of-emotional-speech-emodb\versions\1\wav\16b09Ab.wav,EmoDB,A,16,C:\Users\ngovi\.cache\kagglehub\datasets\piyushagni5\berlin-database-of-emotional-speech-emodb\versions\1\wav\16b09Ab.wav
C:\Users\ngovi\.cache\kagglehub\datasets\piyushagni5\berlin-database-of-emotional-speech-emodb\versions\1\wav\09a01Nb.wav,EmoDB,N,09,C:\Users\ngovi\.cache\kagglehub\datasets\piyushagni5\berlin-database-of-emotional-speech-emodb\versions\1\wav\09a01Nb.wav
C:\Users\ngovi\.cache\kagglehub\datasets\piyushagni5\berlin-database-of-emotional-speech-emodb\versions\1\wav\11a04Fd.wav,EmoDB,F,11,C:\Users\ngovi\.cache\kagglehub\datasets\piyushagni5\berlin-database-of-emotional-speech-emodb\versions\1\wav\11a04Fd.wav
C:\Users\ngovi\.cache\kagglehub\datasets\piyushagni5\berlin-database-of-emotional-speech-emodb\versions\1\wav\11a07Ta.wav,EmoDB,T,11,C:\Users\ngovi\.cache\kagglehub\datasets\piyushagni5\berlin-database-of-emotional-speech-emodb\versions\1\wav\11a07Ta.wav
C:\Users\ngovi\.cache\kagglehub\datasets\piyushagni5\berlin-database-of-emotional-speech-emodb\versions\1\wav\14a05Wb.wav,EmoDB,W,14,C:\Users\ngovi\.cache\kagglehub\datasets\piyushagni5\berlin-database-of-emotional-speech-emodb\versions\1\wav\14a05Wb.wav
C:\Users\ngovi\.cache\kagglehub\datasets\piyushagni5\berlin-database-of-emotional-speech-emodb\versions\1\wav\15a07Nc.wav,EmoDB,N,15,C:\Users\ngovi\.cache\kagglehub\datasets\piyushagni5\berlin-database-of-emotional-speech-emodb\versions\1\wav\15a07Nc.wav
C:\Users\ngovi\.cache\kagglehub\datasets\piyushagni5\berlin-database-of-emotional-speech-emodb\versions\1\wav\15b01Lb.wav,EmoDB,L,15,C:\Users\ngovi\.cache\kagglehub\datasets\piyushagni5\berlin-database-of-emotional-speech-emodb\versions\1\wav\15b01Lb.wav
C:\Users\ngovi\.cache\kagglehub\datasets\piyushagni5\berlin-database-of-emotional-speech-emodb\versions\1\wav\11a02Ec.wav,EmoDB,E,11,C:\Users\ngovi\.cache\kagglehub\datasets\piyushagni5\berlin-database-of-emotional-speech-emodb\versions\1\wav\11a02Ec.wav
C:\Users\ngovi\.cache\kagglehub\datasets\piyushagni5\berlin-database-of-emotional-speech-emodb\versions\1\wav\10b09Ad.wav,EmoDB,A,10,C:\Users\ngovi\.cache\kagglehub\datasets\piyushagni5\berlin-database-of-emotional-speech-emodb\versions\1\wav\10b09Ad.wav
C:\Users\ngovi\.cache\kagglehub\datasets\piyushagni5\berlin-database-of-emotional-speech-emodb\versions\1\wav\16b03Fd.wav,EmoDB,F,16,C:\Users\ngovi\.cache\kagglehub\datasets\piyushagni5\berlin-database-of-emotional-speech-emodb\versions\1\wav\16b03Fd.wav
C:\Users\ngovi\.cache\kagglehub\datasets\piyushagni5\berlin-database-of-emotional-speech-emodb\versions\1\wav\12b10Ld.wav,EmoDB,L,12,C:\Users\ngovi\.cache\kagglehub\datasets\piyushagni5\berlin-database-of-emotional-speech-emodb\versions\1\wav\12b10Ld.wav
C:\Users\ngovi\.cache\kagglehub\datasets\piyushagni5\berlin-database-of-emotional-speech-emodb\versions\1\wav\09a07Ta.wav,EmoDB,T,09,C:\Users\ngovi\.cache\kagglehub\datasets\piyushagni5\berlin-database-of-emotional-speech-emodb\versions\1\wav\09a07Ta.wav
C:\Users\ngovi\.cache\kagglehub\datasets\piyushagni5\berlin-database-of-emotional-speech-emodb\versions\1\wav\16a04Fa.wav,EmoDB,F,16,C:\Users\ngovi\.cache\kagglehub\datasets\piyushagni5\berlin-database-of-emotional-speech-emodb\versions\1\wav\16a04Fa.wav
C:\Users\ngovi\.cache\kagglehub\datasets\piyushagni5\berlin-database-of-emotional-speech-emodb\versions\1\wav\14b02Fb.wav,EmoDB,F,14,C:\Users\ngovi\.cache\kagglehub\datasets\piyushagni5\berlin-database-of-emotional-speech-emodb\versions\1\wav\14b02Fb.wav
C:\Users\ngovi\.cache\kagglehub\datasets\piyushagni5\berlin-database-of-emotional-speech-emodb\versions\1\wav\15b03Wb.wav,EmoDB,W,15,C:\Users\ngovi\.cache\kagglehub\datasets\piyushagni5\berlin-database-of-emotional-speech-emodb\versions\1\wav\15b03Wb.wav
C:\Users\ngovi\.cache\kagglehub\datasets\piyushagni5\berlin-database-of-emotional-speech-emodb\versions\1\wav\15b02Tc.wav,EmoDB,T,15,C:\Users\ngovi\.cache\kagglehub\datasets\piyushagni5\berlin-database-of-emotional-speech-emodb\versions\1\wav\15b02Tc.wav
C:\Users\ngovi\.cache\kagglehub\datasets\piyushagni5\berlin-database-of-emotional-speech-emodb\versions\1\wav\14a01Wa.wav,EmoDB,W,14,C:\Users\ngovi\.cache\kagglehub\datasets\piyushagni5\berlin-database-of-emotional-speech-emodb\versions\1\wav\14a01Wa.wav
C:\Users\ngovi\.cache\kagglehub\datasets\piyushagni5\berlin-database-of-emotional-speech-emodb\versions\1\wav\09b03Lb.wav,EmoDB,L,09,C:\Users\ngovi\.cache\kagglehub\datasets\piyushagni5\berlin-database-of-emotional-speech-emodb\versions\1\wav\09b03Lb.wav
C:\Users\ngovi\.cache\kagglehub\datasets\piyushagni5\berlin-database-of-emotional-speech-emodb\versions\1\wav\12b09Ac.wav,EmoDB,A,12,C:\Users\ngovi\.cache\kagglehub\datasets\piyushagni5\berlin-database-of-emotional-speech-emodb\versions\1\wav\12b09Ac.wav
C:\Users\ngovi\.cache\kagglehub\datasets\piyushagni5\berlin-database-of-emotional-speech-emodb\versions\1\wav\12b02Na.wav,EmoDB,N,12,C:\Users\ngovi\.cache\kagglehub\datasets\piyushagni5\berlin-database-of-emotional-speech-emodb\versions\1\wav\12b02Na.wav
C:\Users\ngovi\.cache\kagglehub\datasets\piyushagni5\berlin-database-of-emotional-speech-emodb\versions\1\wav\12b01Ta.wav,EmoDB,T,12,C:\Users\ngovi\.cache\kagglehub\datasets\piyushagni5\berlin-database-of-emotional-speech-emodb\versions\1\wav\12b01Ta.wav
C:\Users\ngovi\.cache\kagglehub\datasets\piyushagni5\berlin-database-of-emotional-speech-emodb\versions\1\wav\12b02Fb.wav,EmoDB,F,12,C:\Users\ngovi\.cache\kagglehub\datasets\piyushagni5\berlin-database-of-emotional-speech-emodb\versions\1\wav\12b02Fb.wav
C:\Users\ngovi\.cache\kagglehub\datasets\piyushagni5\berlin-database-of-emotional-speech-emodb\versions\1\wav\12a04Wc.wav,EmoDB,W,12,C:\Users\ngovi\.cache\kagglehub\datasets\piyushagni5\berlin-database-of-emotional-speech-emodb\versions\1\wav\12a04Wc.wav
C:\Users\ngovi\.cache\kagglehub\datasets\piyushagni5\berlin-database-of-emotional-speech-emodb\versions\1\wav\08b02Ff.wav,EmoDB,F,08,C:\Users\ngovi\.cache\kagglehub\datasets\piyushagni5\berlin-database-of-emotional-speech-emodb\versions\1\wav\08b02Ff.wav
C:\Users\ngovi\.cache\kagglehub\datasets\piyushagni5\berlin-database-of-emotional-speech-emodb\versions\1\wav\12b10Ac.wav,EmoDB,A,12,C:\Users\ngovi\.cache\kagglehub\datasets\piyushagni5\berlin-database-of-emotional-speech-emodb\versions\1\wav\12b10Ac.wav
C:\Users\ngovi\.cache\kagglehub\datasets\piyushagni5\berlin-database-of-emotional-speech-emodb\versions\1\wav\13a02Nc.wav,EmoDB,N,13,C:\Users\ngovi\.cache\kagglehub\datasets\piyushagni5\berlin-database-of-emotional-speech-emodb\versions\1\wav\13a02Nc.wav
C:\Users\ngovi\.cache\kagglehub\datasets\piyushagni5\berlin-database-of-emotional-speech-emodb\versions\1\wav\13a01Fd.wav,EmoDB,F,13,C:\Users\ngovi\.cache\kagglehub\datasets\piyushagni5\berlin-database-of-emotional-speech-emodb\versions\1\wav\13a01Fd.wav
C:\Users\ngovi\.cache\kagglehub\datasets\piyushagni5\berlin-database-of-emotional-speech-emodb\versions\1\wav\10b03La.wav,EmoDB,L,10,C:\Users\ngovi\.cache\kagglehub\datasets\piyushagni5\berlin-database-of-emotional-speech-emodb\versions\1\wav\10b03La.wav
C:\Users\ngovi\.cache\kagglehub\datasets\piyushagni5\berlin-database-of-emotional-speech-emodb\versions\1\wav\13a01Nb.wav,EmoDB,N,13,C:\Users\ngovi\.cache\kagglehub\datasets\piyushagni5\berlin-database-of-emotional-speech-emodb\versions\1\wav\13a01Nb.wav
C:\Users\ngovi\.cache\kagglehub\datasets\piyushagni5\berlin-database-of-emotional-speech-emodb\versions\1\wav\14a04Wb.wav,EmoDB,W,14,C:\Users\ngovi\.cache\kagglehub\datasets\piyushagni5\berlin-database-of-emotional-speech-emodb\versions\1\wav\14a04Wb.wav
C:\Users\ngovi\.cache\kagglehub\datasets\piyushagni5\berlin-database-of-emotional-speech-emodb\versions\1\wav\13a05Wc.wav,EmoDB,W,13,C:\Users\ngovi\.cache\kagglehub\datasets\piyushagni5\berlin-database-of-emotional-speech-emodb\versions\1\wav\13a05Wc.wav
C:\Users\ngovi\.cache\kagglehub\datasets\piyushagni5\berlin-database-of-emotional-speech-emodb\versions\1\wav\08b03Tc.wav,EmoDB,T,08,C:\Users\ngovi\.cache\kagglehub\datasets\piyushagni5\berlin-database-of-emotional-speech-emodb\versions\1\wav\08b03Tc.wav
C:\Users\ngovi\.cache\kagglehub\datasets\piyushagni5\berlin-database-of-emotional-speech-emodb\versions\1\wav\16b10Lb.wav,EmoDB,L,16,C:\Users\ngovi\.cache\kagglehub\datasets\piyushagni5\berlin-database-of-emotional-speech-emodb\versions\1\wav\16b10Lb.wav
C:\Users\ngovi\.cache\kagglehub\datasets\piyushagni5\berlin-database-of-emotional-speech-emodb\versions\1\wav\15b02Aa.wav,EmoDB,A,15,C:\Users\ngovi\.cache\kagglehub\datasets\piyushagni5\berlin-database-of-emotional-speech-emodb\versions\1\wav\15b02Aa.wav
C:\Users\ngovi\.cache\kagglehub\datasets\piyushagni5\berlin-database-of-emotional-speech-emodb\versions\1\wav\14a05Lb.wav,EmoDB,L,14,C:\Users\ngovi\.cache\kagglehub\datasets\piyushagni5\berlin-database-of-emotional-speech-emodb\versions\1\wav\14a05Lb.wav
C:\Users\ngovi\.cache\kagglehub\datasets\piyushagni5\berlin-database-of-emotional-speech-emodb\versions\1\wav\16a02Tc.wav,EmoDB,T,16,C:\Users\ngovi\.cache\kagglehub\datasets\piyushagni5\berlin-database-of-emotional-speech-emodb\versions\1\wav\16a02Tc.wav
C:\Users\ngovi\.cache\kagglehub\datasets\piyushagni5\berlin-database-of-emotional-speech-emodb\versions\1\wav\10b09Lb.wav,EmoDB,L,10,C:\Users\ngovi\.cache\kagglehub\datasets\piyushagni5\berlin-database-of-emotional-speech-emodb\versions\1\wav\10b09Lb.wav
C:\Users\ngovi\.cache\kagglehub\datasets\piyushagni5\berlin-database-of-emotional-speech-emodb\versions\1\wav\03a01Nc.wav,EmoDB,N,03,C:\Users\ngovi\.cache\kagglehub\datasets\piyushagni5\berlin-database-of-emotional-speech-emodb\versions\1\wav\03a01Nc.wav
C:\Users\ngovi\.cache\kagglehub\datasets\piyushagni5\berlin-database-of-emotional-speech-emodb\versions\1\wav\03a04Ad.wav,EmoDB,A,03,C:\Users\ngovi\.cache\kagglehub\datasets\piyushagni5\berlin-database-of-emotional-speech-emodb\versions\1\wav\03a04Ad.wav
C:\Users\ngovi\.cache\kagglehub\datasets\piyushagni5\berlin-database-of-emotional-speech-emodb\versions\1\wav\16b03Ta.wav,EmoDB,T,16,C:\Users\ngovi\.cache\kagglehub\datasets\piyushagni5\berlin-database-of-emotional-speech-emodb\versions\1\wav\16b03Ta.wav
C:\Users\ngovi\.cache\kagglehub\datasets\piyushagni5\berlin-database-of-emotional-speech-emodb\versions\1\wav\14b09Fc.wav,EmoDB,F,14,C:\Users\ngovi\.cache\kagglehub\datasets\piyushagni5\berlin-database-of-emotional-speech-emodb\versions\1\wav\14b09Fc.wav
C:\Users\ngovi\.cache\kagglehub\datasets\piyushagni5\berlin-database-of-emotional-speech-emodb\versions\1\wav\14a02Ea.wav,EmoDB,E,14,C:\Users\ngovi\.cache\kagglehub\datasets\piyushagni5\berlin-database-of-emotional-speech-emodb\versions\1\wav\14a02Ea.wav
C:\Users\ngovi\.cache\kagglehub\datasets\piyushagni5\berlin-database-of-emotional-speech-emodb\versions\1\wav\13a05Nb.wav,EmoDB,N,13,C:\Users\ngovi\.cache\kagglehub\datasets\piyushagni5\berlin-database-of-emotional-speech-emodb\versions\1\wav\13a05Nb.wav
C:\Users\ngovi\.cache\kagglehub\datasets\piyushagni5\berlin-database-of-emotional-speech-emodb\versions\1\wav\11a07Ld.wav,EmoDB,L,11,C:\Users\ngovi\.cache\kagglehub\datasets\piyushagni5\berlin-database-of-emotional-speech-emodb\versions\1\wav\11a07Ld.wav
C:\Users\ngovi\.cache\kagglehub\datasets\piyushagni5\berlin-database-of-emotional-speech-emodb\versions\1\wav\14b03Wb.wav,EmoDB,W,14,C:\Users\ngovi\.cache\kagglehub\datasets\piyushagni5\berlin-database-of-emotional-speech-emodb\versions\1\wav\14b03Wb.wav
C:\Users\ngovi\.cache\kagglehub\datasets\piyushagni5\berlin-database-of-emotional-speech-emodb\versions\1\wav\12b02Wa.wav,EmoDB,W,12,C:\Users\ngovi\.cache\kagglehub\datasets\piyushagni5\berlin-database-of-emotional-speech-emodb\versions\1\wav\12b02Wa.wav
C:\Users\ngovi\.cache\kagglehub\datasets\piyushagni5\berlin-database-of-emotional-speech-emodb\versions\1\wav\16a02Ec.wav,EmoDB,E,16,C:\Users\ngovi\.cache\kagglehub\datasets\piyushagni5\berlin-database-of-emotional-speech-emodb\versions\1\wav\16a02Ec.wav
C:\Users\ngovi\.cache\kagglehub\datasets\piyushagni5\berlin-database-of-emotional-speech-emodb\versions\1\wav\12a05Wb.wav,EmoDB,W,12,C:\Users\ngovi\.cache\kagglehub\datasets\piyushagni5\berlin-database-of-emotional-speech-emodb\versions\1\wav\12a05Wb.wav
C:\Users\ngovi\.cache\kagglehub\datasets\piyushagni5\berlin-database-of-emotional-speech-emodb\versions\1\wav\15b09Wb.wav,EmoDB,W,15,C:\Users\ngovi\.cache\kagglehub\datasets\piyushagni5\berlin-database-of-emotional-speech-emodb\versions\1\wav\15b09Wb.wav
C:\Users\ngovi\.cache\kagglehub\datasets\piyushagni5\berlin-database-of-emotional-speech-emodb\versions\1\wav\03a02Fc.wav,EmoDB,F,03,C:\Users\ngovi\.cache\kagglehub\datasets\piyushagni5\berlin-database-of-emotional-speech-emodb\versions\1\wav\03a02Fc.wav
C:\Users\ngovi\.cache\kagglehub\datasets\piyushagni5\berlin-database-of-emotional-speech-emodb\versions\1\wav\11a05Fb.wav,EmoDB,F,11,C:\Users\ngovi\.cache\kagglehub\datasets\piyushagni5\berlin-database-of-emotional-speech-emodb\versions\1\wav\11a05Fb.wav
C:\Users\ngovi\.cache\kagglehub\datasets\piyushagni5\berlin-database-of-emotional-speech-emodb\versions\1\wav\08b03Nb.wav,EmoDB,N,08,C:\Users\ngovi\.cache\kagglehub\datasets\piyushagni5\berlin-database-of-emotional-speech-emodb\versions\1\wav\08b03Nb.wav
C:\Users\ngovi\.cache\kagglehub\datasets\piyushagni5\berlin-database-of-emotional-speech-emodb\versions\1\wav\14a05Ta.wav,EmoDB,T,14,C:\Users\ngovi\.cache\kagglehub\datasets\piyushagni5\berlin-database-of-emotional-speech-emodb\versions\1\wav\14a05Ta.wav
C:\Users\ngovi\.cache\kagglehub\datasets\piyushagni5\berlin-database-of-emotional-speech-emodb\versions\1\wav\03b09Wa.wav,EmoDB,W,03,C:\Users\ngovi\.cache\kagglehub\datasets\piyushagni5\berlin-database-of-emotional-speech-emodb\versions\1\wav\03b09Wa.wav
C:\Users\ngovi\.cache\kagglehub\datasets\piyushagni5\berlin-database-of-emotional-speech-emodb\versions\1\wav\03b09La.wav,EmoDB,L,03,C:\Users\ngovi\.cache\kagglehub\datasets\piyushagni5\berlin-database-of-emotional-speech-emodb\versions\1\wav\03b09La.wav
C:\Users\ngovi\.cache\kagglehub\datasets\piyushagni5\berlin-database-of-emotional-speech-emodb\versions\1\wav\03b02Na.wav,EmoDB,N,03,C:\Users\ngovi\.cache\kagglehub\datasets\piyushagni5\berlin-database-of-emotional-speech-emodb\versions\1\wav\03b02Na.wav
C:\Users\ngovi\.cache\kagglehub\datasets\piyushagni5\berlin-database-of-emotional-speech-emodb\versions\1\wav\12a05Lb.wav,EmoDB,L,12,C:\Users\ngovi\.cache\kagglehub\datasets\piyushagni5\berlin-database-of-emotional-speech-emodb\versions\1\wav\12a05Lb.wav
C:\Users\ngovi\.cache\kagglehub\datasets\piyushagni5\berlin-database-of-emotional-speech-emodb\versions\1\wav\13a07Lb.wav,EmoDB,L,13,C:\Users\ngovi\.cache\kagglehub\datasets\piyushagni5\berlin-database-of-emotional-speech-emodb\versions\1\wav\13a07Lb.wav
C:\Users\ngovi\.cache\kagglehub\datasets\piyushagni5\berlin-database-of-emotional-speech-emodb\versions\1\wav\11b01Fc.wav,EmoDB,F,11,C:\Users\ngovi\.cache\kagglehub\datasets\piyushagni5\berlin-database-of-emotional-speech-emodb\versions\1\wav\11b01Fc.wav
C:\Users\ngovi\.cache\kagglehub\datasets\piyushagni5\berlin-database-of-emotional-speech-emodb\versions\1\wav\13b10Wc.wav,EmoDB,W,13,C:\Users\ngovi\.cache\kagglehub\datasets\piyushagni5\berlin-database-of-emotional-speech-emodb\versions\1\wav\13b10Wc.wav
C:\Users\ngovi\.cache\kagglehub\datasets\piyushagni5\berlin-database-of-emotional-speech-emodb\versions\1\wav\16a04Ea.wav,EmoDB,E,16,C:\Users\ngovi\.cache\kagglehub\datasets\piyushagni5\berlin-database-of-emotional-speech-emodb\versions\1\wav\16a04Ea.wav
C:\Users\ngovi\.cache\kagglehub\datasets\piyushagni5\berlin-database-of-emotional-speech-emodb\versions\1\wav\13b09Fb.wav,EmoDB,F,13,C:\Users\ngovi\.cache\kagglehub\datasets\piyushagni5\berlin-database-of-emotional-speech-emodb\versions\1\wav\13b09Fb.wav
C:\Users\ngovi\.cache\kagglehub\datasets\piyushagni5\berlin-database-of-emotional-speech-emodb\versions\1\wav\08b09Tb.wav,EmoDB,T,08,C:\Users\ngovi\.cache\kagglehub\datasets\piyushagni5\berlin-database-of-emotional-speech-emodb\versions\1\wav\08b09Tb.wav
C:\Users\ngovi\.cache\kagglehub\datasets\piyushagni5\berlin-database-of-emotional-speech-emodb\versions\1\wav\16b10Tb.wav,EmoDB,T,16,C:\Users\ngovi\.cache\kagglehub\datasets\piyushagni5\berlin-database-of-emotional-speech-emodb\versions\1\wav\16b10Tb.wav
C:\Users\ngovi\.cache\kagglehub\datasets\piyushagni5\berlin-database-of-emotional-speech-emodb\versions\1\wav\03b10Nc.wav,EmoDB,N,03,C:\Users\ngovi\.cache\kagglehub\datasets\piyushagni5\berlin-database-of-emotional-speech-emodb\versions\1\wav\03b10Nc.wav
C:\Users\ngovi\.cache\kagglehub\datasets\piyushagni5\berlin-database-of-emotional-speech-emodb\versions\1\wav\13b03Wc.wav,EmoDB,W,13,C:\Users\ngovi\.cache\kagglehub\datasets\piyushagni5\berlin-database-of-emotional-speech-emodb\versions\1\wav\13b03Wc.wav
C:\Users\ngovi\.cache\kagglehub\datasets\piyushagni5\berlin-database-of-emotional-speech-emodb\versions\1\wav\15a02Ea.wav,EmoDB,E,15,C:\Users\ngovi\.cache\kagglehub\datasets\piyushagni5\berlin-database-of-emotional-speech-emodb\versions\1\wav\15a02Ea.wav
C:\Users\ngovi\.cache\kagglehub\datasets\piyushagni5\berlin-database-of-emotional-speech-emodb\versions\1\wav\03b01Wa.wav,EmoDB,W,03,C:\Users\ngovi\.cache\kagglehub\datasets\piyushagni5\berlin-database-of-emotional-speech-emodb\versions\1\wav\03b01Wa.wav
C:\Users\ngovi\.cache\kagglehub\datasets\piyushagni5\berlin-database-of-emotional-speech-emodb\versions\1\wav\14a02Nc.wav,EmoDB,N,14,C:\Users\ngovi\.cache\kagglehub\datasets\piyushagni5\berlin-database-of-emotional-speech-emodb\versions\1\wav\14a02Nc.wav
C:\Users\ngovi\.cache\kagglehub\datasets\piyushagni5\berlin-database-of-emotional-speech-emodb\versions\1\wav\15b10Nb.wav,EmoDB,N,15,C:\Users\ngovi\.cache\kagglehub\datasets\piyushagni5\berlin-database-of-emotional-speech-emodb\versions\1\wav\15b10Nb.wav
C:\Users\ngovi\.cache\kagglehub\datasets\piyushagni5\berlin-database-of-emotional-speech-emodb\versions\1\wav\16b01Aa.wav,EmoDB,A,16,C:\Users\ngovi\.cache\kagglehub\datasets\piyushagni5\berlin-database-of-emotional-speech-emodb\versions\1\wav\16b01Aa.wav
C:\Users\ngovi\.cache\kagglehub\datasets\piyushagni5\berlin-database-of-emotional-speech-emodb\versions\1\wav\10b01Lb.wav,EmoDB,L,10,C:\Users\ngovi\.cache\kagglehub\datasets\piyushagni5\berlin-database-of-emotional-speech-emodb\versions\1\wav\10b01Lb.wav
C:\Users\ngovi\.cache\kagglehub\datasets\piyushagni5\berlin-database-of-emotional-speech-emodb\versions\1\wav\15b03Nb.wav,EmoDB,N,15,C:\Users\ngovi\.cache\kagglehub\datasets\piyushagni5\berlin-database-of-emotional-speech-emodb\versions\1\wav\15b03Nb.wav
C:\Users\ngovi\.cache\kagglehub\datasets\piyushagni5\berlin-database-of-emotional-speech-emodb\versions\1\wav\14a07Na.wav,EmoDB,N,14,C:\Users\ngovi\.cache\kagglehub\datasets\piyushagni5\berlin-database-of-emotional-speech-emodb\versions\1\wav\14a07Na.wav
C:\Users\ngovi\.cache\kagglehub\datasets\piyushagni5\berlin-database-of-emotional-speech-emodb\versions\1\wav\09b02Tb.wav,EmoDB,T,09,C:\Users\ngovi\.cache\kagglehub\datasets\piyushagni5\berlin-database-of-emotional-speech-emodb\versions\1\wav\09b02Tb.wav
C:\Users\ngovi\.cache\kagglehub\datasets\piyushagni5\berlin-database-of-emotional-speech-emodb\versions\1\wav\14a04Wc.wav,EmoDB,W,14,C:\Users\ngovi\.cache\kagglehub\datasets\piyushagni5\berlin-database-of-emotional-speech-emodb\versions\1\wav\14a04Wc.wav
C:\Users\ngovi\.cache\kagglehub\datasets\piyushagni5\berlin-database-of-emotional-speech-emodb\versions\1\wav\09a02Eb.wav,EmoDB,E,09,C:\Users\ngovi\.cache\kagglehub\datasets\piyushagni5\berlin-database-of-emotional-speech-emodb\versions\1\wav\09a02Eb.wav
C:\Users\ngovi\.cache\kagglehub\datasets\piyushagni5\berlin-database-of-emotional-speech-emodb\versions\1\wav\11b09Na.wav,EmoDB,N,11,C:\Users\ngovi\.cache\kagglehub\datasets\piyushagni5\berlin-database-of-emotional-speech-emodb\versions\1\wav\11b09Na.wav
C:\Users\ngovi\.cache\kagglehub\datasets\piyushagni5\berlin-database-of-emotional-speech-emodb\versions\1\wav\16b03Fa.wav,EmoDB,F,16,C:\Users\ngovi\.cache\kagglehub\datasets\piyushagni5\berlin-database-of-emotional-speech-emodb\versions\1\wav\16b03Fa.wav
C:\Users\ngovi\.cache\kagglehub\datasets\piyushagni5\berlin-database-of-emotional-speech-emodb\versions\1\wav\13a04Lb.wav,EmoDB,L,13,C:\Users\ngovi\.cache\kagglehub\datasets\piyushagni5\berlin-database-of-emotional-speech-emodb\versions\1\wav\13a04Lb.wav
C:\Users\ngovi\.cache\kagglehub\datasets\piyushagni5\berlin-database-of-emotional-speech-emodb\versions\1\wav\15b03Tc.wav,EmoDB,T,15,C:\Users\ngovi\.cache\kagglehub\datasets\piyushagni5\berlin-database-of-emotional-speech-emodb\versions\1\wav\15b03Tc.wav
C:\Users\ngovi\.cache\kagglehub\datasets\piyushagni5\berlin-database-of-emotional-speech-emodb\versions\1\wav\16a01Fc.wav,EmoDB,F,16,C:\Users\ngovi\.cache\kagglehub\datasets\piyushagni5\berlin-database-of-emotional-speech-emodb\versions\1\wav\16a01Fc.wav
C:\Users\ngovi\.cache\kagglehub\datasets\piyushagni5\berlin-database-of-emotional-speech-emodb\versions\1\wav\12b09Td.wav,EmoDB,T,12,C:\Users\ngovi\.cache\kagglehub\datasets\piyushagni5\berlin-database-of-emotional-speech-emodb\versions\1\wav\12b09Td.wav
C:\Users\ngovi\.cache\kagglehub\datasets\piyushagni5\berlin-database-of-emotional-speech-emodb\versions\1\wav\10a02Wa.wav,EmoDB,W,10,C:\Users\ngovi\.cache\kagglehub\datasets\piyushagni5\berlin-database-of-emotional-speech-emodb\versions\1\wav\10a02Wa.wav
C:\Users\ngovi\.cache\kagglehub\datasets\piyushagni5\berlin-database-of-emotional-speech-emodb\versions\1\wav\08b10Tc.wav,EmoDB,T,08,C:\Users\ngovi\.cache\kagglehub\datasets\piyushagni5\berlin-database-of-emotional-speech-emodb\versions\1\wav\08b10Tc.wav
C:\Users\ngovi\.cache\kagglehub\datasets\piyushagni5\berlin-database-of-emotional-speech-emodb\versions\1\wav\09b01Ea.wav,EmoDB,E,09,C:\Users\ngovi\.cache\kagglehub\datasets\piyushagni5\berlin-database-of-emotional-speech-emodb\versions\1\wav\09b01Ea.wav
C:\Users\ngovi\.cache\kagglehub\datasets\piyushagni5\berlin-database-of-emotional-speech-emodb\versions\1\wav\11a01Ld.wav,EmoDB,L,11,C:\Users\ngovi\.cache\kagglehub\datasets\piyushagni5\berlin-database-of-emotional-speech-emodb\versions\1\wav\11a01Ld.wav
C:\Users\ngovi\.cache\kagglehub\datasets\piyushagni5\berlin-database-of-emotional-speech-emodb\versions\1\wav\12a07Wa.wav,EmoDB,W,12,C:\Users\ngovi\.cache\kagglehub\datasets\piyushagni5\berlin-database-of-emotional-speech-emodb\versions\1\wav\12a07Wa.wav
C:\Users\ngovi\.cache\kagglehub\datasets\piyushagni5\berlin-database-of-emotional-speech-emodb\versions\1\wav\03a04Lc.wav,EmoDB,L,03,C:\Users\ngovi\.cache\kagglehub\datasets\piyushagni5\berlin-database-of-emotional-speech-emodb\versions\1\wav\03a04Lc.wav
C:\Users\ngovi\.cache\kagglehub\datasets\piyushagni5\berlin-database-of-emotional-speech-emodb\versions\1\wav\10a07Ta.wav,EmoDB,T,10,C:\Users\ngovi\.cache\kagglehub\datasets\piyushagni5\berlin-database-of-emotional-speech-emodb\versions\1\wav\10a07Ta.wav
C:\Users\ngovi\.cache\kagglehub\datasets\piyushagni5\berlin-database-of-emotional-speech-emodb\versions\1\wav\14a01Aa.wav,EmoDB,A,14,C:\Users\ngovi\.cache\kagglehub\datasets\piyushagni5\berlin-database-of-emotional-speech-emodb\versions\1\wav\14a01Aa.wav
C:\Users\ngovi\.cache\kagglehub\datasets\piyushagni5\berlin-database-of-emotional-speech-emodb\versions\1\wav\13b03Fd.wav,EmoDB,F,13,C:\Users\ngovi\.cache\kagglehub\datasets\piyushagni5\berlin-database-of-emotional-speech-emodb\versions\1\wav\13b03Fd.wav
C:\Users\ngovi\.cache\kagglehub\datasets\piyushagni5\berlin-database-of-emotional-speech-emodb\versions\1\wav\16a02Wb.wav,EmoDB,W,16,C:\Users\ngovi\.cache\kagglehub\datasets\piyushagni5\berlin-database-of-emotional-speech-emodb\versions\1\wav\16a02Wb.wav
C:\Users\ngovi\.cache\kagglehub\datasets\piyushagni5\berlin-database-of-emotional-speech-emodb\versions\1\wav\14b03Ed.wav,EmoDB,E,14,C:\Users\ngovi\.cache\kagglehub\datasets\piyushagni5\berlin-database-of-emotional-speech-emodb\versions\1\wav\14b03Ed.wav
C:\Users\ngovi\.cache\kagglehub\datasets\piyushagni5\berlin-database-of-emotional-speech-emodb\versions\1\wav\03b03Nb.wav,EmoDB,N,03,C:\Users\ngovi\.cache\kagglehub\datasets\piyushagni5\berlin-database-of-emotional-speech-emodb\versions\1\wav\03b03Nb.wav
C:\Users\ngovi\.cache\kagglehub\datasets\piyushagni5\berlin-database-of-emotional-speech-emodb\versions\1\wav\16a02Nb.wav,EmoDB,N,16,C:\Users\ngovi\.cache\kagglehub\datasets\piyushagni5\berlin-database-of-emotional-speech-emodb\versions\1\wav\16a02Nb.wav
C:\Users\ngovi\.cache\kagglehub\datasets\piyushagni5\berlin-database-of-emotional-speech-emodb\versions\1\wav\16b01Fa.wav,EmoDB,F,16,C:\Users\ngovi\.cache\kagglehub\datasets\piyushagni5\berlin-database-of-emotional-speech-emodb\versions\1\wav\16b01Fa.wav
C:\Users\ngovi\.cache\kagglehub\datasets\piyushagni5\berlin-database-of-emotional-speech-emodb\versions\1\wav\08b09Wc.wav,EmoDB,W,08,C:\Users\ngovi\.cache\kagglehub\datasets\piyushagni5\berlin-database-of-emotional-speech-emodb\versions\1\wav\08b09Wc.wav
C:\Users\ngovi\.cache\kagglehub\datasets\piyushagni5\berlin-database-of-emotional-speech-emodb\versions\1\wav\16b09La.wav,EmoDB,L,16,C:\Users\ngovi\.cache\kagglehub\datasets\piyushagni5\berlin-database-of-emotional-speech-emodb\versions\1\wav\16b09La.wav
C:\Users\ngovi\.cache\kagglehub\datasets\piyushagni5\berlin-database-of-emotional-speech-emodb\versions\1\wav\14a07Wc.wav,EmoDB,W,14,C:\Users\ngovi\.cache\kagglehub\datasets\piyushagni5\berlin-database-of-emotional-speech-emodb\versions\1\wav\14a07Wc.wav
C:\Users\ngovi\.cache\kagglehub\datasets\piyushagni5\berlin-database-of-emotional-speech-emodb\versions\1\wav\03b01Td.wav,EmoDB,T,03,C:\Users\ngovi\.cache\kagglehub\datasets\piyushagni5\berlin-database-of-emotional-speech-emodb\versions\1\wav\03b01Td.wav
C:\Users\ngovi\.cache\kagglehub\datasets\piyushagni5\berlin-database-of-emotional-speech-emodb\versions\1\wav\03a05Aa.wav,EmoDB,A,03,C:\Users\ngovi\.cache\kagglehub\datasets\piyushagni5\berlin-database-of-emotional-speech-emodb\versions\1\wav\03a05Aa.wav
C:\Users\ngovi\.cache\kagglehub\datasets\piyushagni5\berlin-database-of-emotional-speech-emodb\versions\1\wav\14b01Fc.wav,EmoDB,F,14,C:\Users\ngovi\.cache\kagglehub\datasets\piyushagni5\berlin-database-of-emotional-speech-emodb\versions\1\wav\14b01Fc.wav
C:\Users\ngovi\.cache\kagglehub\datasets\piyushagni5\berlin-database-of-emotional-speech-emodb\versions\1\wav\16b10Td.wav,EmoDB,T,16,C:\Users\ngovi\.cache\kagglehub\datasets\piyushagni5\berlin-database-of-emotional-speech-emodb\versions\1\wav\16b10Td.wav
C:\Users\ngovi\.cache\kagglehub\datasets\piyushagni5\berlin-database-of-emotional-speech-emodb\versions\1\wav\14a07Ld.wav,EmoDB,L,14,C:\Users\ngovi\.cache\kagglehub\datasets\piyushagni5\berlin-database-of-emotional-speech-emodb\versions\1\wav\14a07Ld.wav
C:\Users\ngovi\.cache\kagglehub\datasets\piyushagni5\berlin-database-of-emotional-speech-emodb\versions\1\wav\03b01Wc.wav,EmoDB,W,03,C:\Users\ngovi\.cache\kagglehub\datasets\piyushagni5\berlin-database-of-emotional-speech-emodb\versions\1\wav\03b01Wc.wav
C:\Users\ngovi\.cache\kagglehub\datasets\piyushagni5\berlin-database-of-emotional-speech-emodb\versions\1\wav\03b10Ec.wav,EmoDB,E,03,C:\Users\ngovi\.cache\kagglehub\datasets\piyushagni5\berlin-database-of-emotional-speech-emodb\versions\1\wav\03b10Ec.wav
C:\Users\ngovi\.cache\kagglehub\datasets\piyushagni5\berlin-database-of-emotional-speech-emodb\versions\1\wav\03a05Wa.wav,EmoDB,W,03,C:\Users\ngovi\.cache\kagglehub\datasets\piyushagni5\berlin-database-of-emotional-speech-emodb\versions\1\wav\03a05Wa.wav
C:\Users\ngovi\.cache\kagglehub\datasets\piyushagni5\berlin-database-of-emotional-speech-emodb\versions\1\wav\11a05Td.wav,EmoDB,T,11,C:\Users\ngovi\.cache\kagglehub\datasets\piyushagni5\berlin-database-of-emotional-speech-emodb\versions\1\wav\11a05Td.wav
C:\Users\ngovi\.cache\kagglehub\datasets\piyushagni5\berlin-database-of-emotional-speech-emodb\versions\1\wav\11a01Aa.wav,EmoDB,A,11,C:\Users\ngovi\.cache\kagglehub\datasets\piyushagni5\berlin-database-of-emotional-speech-emodb\versions\1\wav\11a01Aa.wav
C:\Users\ngovi\.cache\kagglehub\datasets\piyushagni5\berlin-database-of-emotional-speech-emodb\versions\1\wav\08b10Aa.wav,EmoDB,A,08,C:\Users\ngovi\.cache\kagglehub\datasets\piyushagni5\berlin-database-of-emotional-speech-emodb\versions\1\wav\08b10Aa.wav
C:\Users\ngovi\.cache\kagglehub\datasets\piyushagni5\berlin-database-of-emotional-speech-emodb\versions\1\wav\15a07Fb.wav,EmoDB,F,15,C:\Users\ngovi\.cache\kagglehub\datasets\piyushagni5\berlin-database-of-emotional-speech-emodb\versions\1\wav\15a07Fb.wav
C:\Users\ngovi\.cache\kagglehub\datasets\piyushagni5\berlin-database-of-emotional-speech-emodb\versions\1\wav\14b02Wb.wav,EmoDB,W,14,C:\Users\ngovi\.cache\kagglehub\datasets\piyushagni5\berlin-database-of-emotional-speech-emodb\versions\1\wav\14b02Wb.wav
C:\Users\ngovi\.cache\kagglehub\datasets\piyushagni5\berlin-database-of-emotional-speech-emodb\versions\1\wav\15b03Aa.wav,EmoDB,A,15,C:\Users\ngovi\.cache\kagglehub\datasets\piyushagni5\berlin-database-of-emotional-speech-emodb\versions\1\wav\15b03Aa.wav
C:\Users\ngovi\.cache\kagglehub\datasets\piyushagni5\berlin-database-of-emotional-speech-emodb\versions\1\wav\08b02Nb.wav,EmoDB,N,08,C:\Users\ngovi\.cache\kagglehub\datasets\piyushagni5\berlin-database-of-emotional-speech-emodb\versions\1\wav\08b02Nb.wav
C:\Users\ngovi\.cache\kagglehub\datasets\piyushagni5\berlin-database-of-emotional-speech-emodb\versions\1\wav\09b03Fd.wav,EmoDB,F,09,C:\Users\ngovi\.cache\kagglehub\datasets\piyushagni5\berlin-database-of-emotional-speech-emodb\versions\1\wav\09b03Fd.wav
C:\Users\ngovi\.cache\kagglehub\datasets\piyushagni5\berlin-database-of-emotional-speech-emodb\versions\1\wav\09b09Ea.wav,EmoDB,E,09,C:\Users\ngovi\.cache\kagglehub\datasets\piyushagni5\berlin-database-of-emotional-speech-emodb\versions\1\wav\09b09Ea.wav
C:\Users\ngovi\.cache\kagglehub\datasets\piyushagni5\berlin-database-of-emotional-speech-emodb\versions\1\wav\08a02La.wav,EmoDB,L,08,C:\Users\ngovi\.cache\kagglehub\datasets\piyushagni5\berlin-database-of-emotional-speech-emodb\versions\1\wav\08a02La.wav
C:\Users\ngovi\.cache\kagglehub\datasets\piyushagni5\berlin-database-of-emotional-speech-emodb\versions\1\wav\13b10Nc.wav,EmoDB,N,13,C:\Users\ngovi\.cache\kagglehub\datasets\piyushagni5\berlin-database-of-emotional-speech-emodb\versions\1\wav\13b10Nc.wav
C:\Users\ngovi\.cache\kagglehub\datasets\piyushagni5\berlin-database-of-emotional-speech-emodb\versions\1\wav\16b01Eb.wav,EmoDB,E,16,C:\Users\ngovi\.cache\kagglehub\datasets\piyushagni5\berlin-database-of-emotional-speech-emodb\versions\1\wav\16b01Eb.wav
C:\Users\ngovi\.cache\kagglehub\datasets\piyushagni5\berlin-database-of-emotional-speech-emodb\versions\1\wav\13a02Ta.wav,EmoDB,T,13,C:\Users\ngovi\.cache\kagglehub\datasets\piyushagni5\berlin-database-of-emotional-speech-emodb\versions\1\wav\13a02Ta.wav
C:\Users\ngovi\.cache\kagglehub\datasets\piyushagni5\berlin-database-of-emotional-speech-emodb\versions\1\wav\08b10Wa.wav,EmoDB,W,08,C:\Users\ngovi\.cache\kagglehub\datasets\piyushagni5\berlin-database-of-emotional-speech-emodb\versions\1\wav\08b10Wa.wav
C:\Users\ngovi\.cache\kagglehub\datasets\piyushagni5\berlin-database-of-emotional-speech-emodb\versions\1\wav\14a07Aa.wav,EmoDB,A,14,C:\Users\ngovi\.cache\kagglehub\datasets\piyushagni5\berlin-database-of-emotional-speech-emodb\versions\1\wav\14a07Aa.wav
C:\Users\ngovi\.cache\kagglehub\datasets\piyushagni5\berlin-database-of-emotional-speech-emodb\versions\1\wav\13a04Wc.wav,EmoDB,W,13,C:\Users\ngovi\.cache\kagglehub\datasets\piyushagni5\berlin-database-of-emotional-speech-emodb\versions\1\wav\13a04Wc.wav
C:\Users\ngovi\.cache\kagglehub\datasets\piyushagni5\berlin-database-of-emotional-speech-emodb\versions\1\wav\12a05Nd.wav,EmoDB,N,12,C:\Users\ngovi\.cache\kagglehub\datasets\piyushagni5\berlin-database-of-emotional-speech-emodb\versions\1\wav\12a05Nd.wav
C:\Users\ngovi\.cache\kagglehub\datasets\piyushagni5\berlin-database-of-emotional-speech-emodb\versions\1\wav\10b03Tb.wav,EmoDB,T,10,C:\Users\ngovi\.cache\kagglehub\datasets\piyushagni5\berlin-database-of-emotional-speech-emodb\versions\1\wav\10b03Tb.wav
C:\Users\ngovi\.cache\kagglehub\datasets\piyushagni5\berlin-database-of-emotional-speech-emodb\versions\1\wav\15b03Wa.wav,EmoDB,W,15,C:\Users\ngovi\.cache\kagglehub\datasets\piyushagni5\berlin-database-of-emotional-speech-emodb\versions\1\wav\15b03Wa.wav
C:\Users\ngovi\.cache\kagglehub\datasets\piyushagni5\berlin-database-of-emotional-speech-emodb\versions\1\wav\14a04Aa.wav,EmoDB,A,14,C:\Users\ngovi\.cache\kagglehub\datasets\piyushagni5\berlin-database-of-emotional-speech-emodb\versions\1\wav\14a04Aa.wav
C:\Users\ngovi\.cache\kagglehub\datasets\piyushagni5\berlin-database-of-emotional-speech-emodb\versions\1\wav\03b10Ab.wav,EmoDB,A,03,C:\Users\ngovi\.cache\kagglehub\datasets\piyushagni5\berlin-database-of-emotional-speech-emodb\versions\1\wav\03b10Ab.wav
C:\Users\ngovi\.cache\kagglehub\datasets\piyushagni5\berlin-database-of-emotional-speech-emodb\versions\1\wav\11a04Nd.wav,EmoDB,N,11,C:\Users\ngovi\.cache\kagglehub\datasets\piyushagni5\berlin-database-of-emotional-speech-emodb\versions\1\wav\11a04Nd.wav
C:\Users\ngovi\.cache\kagglehub\datasets\piyushagni5\berlin-database-of-emotional-speech-emodb\versions\1\wav\15b09Fa.wav,EmoDB,F,15,C:\Users\ngovi\.cache\kagglehub\datasets\piyushagni5\berlin-database-of-emotional-speech-emodb\versions\1\wav\15b09Fa.wav
C:\Users\ngovi\.cache\kagglehub\datasets\piyushagni5\berlin-database-of-emotional-speech-emodb\versions\1\wav\14b02Wd.wav,EmoDB,W,14,C:\Users\ngovi\.cache\kagglehub\datasets\piyushagni5\berlin-database-of-emotional-speech-emodb\versions\1\wav\14b02Wd.wav
C:\Users\ngovi\.cache\kagglehub\datasets\piyushagni5\berlin-database-of-emotional-speech-emodb\versions\1\wav\16a04Wb.wav,EmoDB,W,16,C:\Users\ngovi\.cache\kagglehub\datasets\piyushagni5\berlin-database-of-emotional-speech-emodb\versions\1\wav\16a04Wb.wav
C:\Users\ngovi\.cache\kagglehub\datasets\piyushagni5\berlin-database-of-emotional-speech-emodb\versions\1\wav\11b03Fc.wav,EmoDB,F,11,C:\Users\ngovi\.cache\kagglehub\datasets\piyushagni5\berlin-database-of-emotional-speech-emodb\versions\1\wav\11b03Fc.wav
C:\Users\ngovi\.cache\kagglehub\datasets\piyushagni5\berlin-database-of-emotional-speech-emodb\versions\1\wav\16a07Nb.wav,EmoDB,N,16,C:\Users\ngovi\.cache\kagglehub\datasets\piyushagni5\berlin-database-of-emotional-speech-emodb\versions\1\wav\16a07Nb.wav
C:\Users\ngovi\.cache\kagglehub\datasets\piyushagni5\berlin-database-of-emotional-speech-emodb\versions\1\wav\09a07Na.wav,EmoDB,N,09,C:\Users\ngovi\.cache\kagglehub\datasets\piyushagni5\berlin-database-of-emotional-speech-emodb\versions\1\wav\09a07Na.wav
C:\Users\ngovi\.cache\kagglehub\datasets\piyushagni5\berlin-database-of-emotional-speech-emodb\versions\1\wav\11b10Ad.wav,EmoDB,A,11,C:\Users\ngovi\.cache\kagglehub\datasets\piyushagni5\berlin-database-of-emotional-speech-emodb\versions\1\wav\11b10Ad.wav
C:\Users\ngovi\.cache\kagglehub\datasets\piyushagni5\berlin-database-of-emotional-speech-emodb\versions\1\wav\13b09Ec.wav,EmoDB,E,13,C:\Users\ngovi\.cache\kagglehub\datasets\piyushagni5\berlin-database-of-emotional-speech-emodb\versions\1\wav\13b09Ec.wav
C:\Users\ngovi\.cache\kagglehub\datasets\piyushagni5\berlin-database-of-emotional-speech-emodb\versions\1\wav\09a05Ed.wav,EmoDB,E,09,C:\Users\ngovi\.cache\kagglehub\datasets\piyushagni5\berlin-database-of-emotional-speech-emodb\versions\1\wav\09a05Ed.wav
C:\Users\ngovi\.cache\kagglehub\datasets\piyushagni5\berlin-database-of-emotional-speech-emodb\versions\1\wav\13b10Ec.wav,EmoDB,E,13,C:\Users\ngovi\.cache\kagglehub\datasets\piyushagni5\berlin-database-of-emotional-speech-emodb\versions\1\wav\13b10Ec.wav
C:\Users\ngovi\.cache\kagglehub\datasets\piyushagni5\berlin-database-of-emotional-speech-emodb\versions\1\wav\13a02Ad.wav,EmoDB,A,13,C:\Users\ngovi\.cache\kagglehub\datasets\piyushagni5\berlin-database-of-emotional-speech-emodb\versions\1\wav\13a02Ad.wav
C:\Users\ngovi\.cache\kagglehub\datasets\piyushagni5\berlin-database-of-emotional-speech-emodb\versions\1\wav\16a02Ea.wav,EmoDB,E,16,C:\Users\ngovi\.cache\kagglehub\datasets\piyushagni5\berlin-database-of-emotional-speech-emodb\versions\1\wav\16a02Ea.wav
C:\Users\ngovi\.cache\kagglehub\datasets\piyushagni5\berlin-database-of-emotional-speech-emodb\versions\1\wav\13a05Aa.wav,EmoDB,A,13,C:\Users\ngovi\.cache\kagglehub\datasets\piyushagni5\berlin-database-of-emotional-speech-emodb\versions\1\wav\13a05Aa.wav
C:\Users\ngovi\.cache\kagglehub\datasets\piyushagni5\berlin-database-of-emotional-speech-emodb\versions\1\wav\03a02Wc.wav,EmoDB,W,03,C:\Users\ngovi\.cache\kagglehub\datasets\piyushagni5\berlin-database-of-emotional-speech-emodb\versions\1\wav\03a02Wc.wav
C:\Users\ngovi\.cache\kagglehub\datasets\piyushagni5\berlin-database-of-emotional-speech-emodb\versions\1\wav\03a02Ta.wav,EmoDB,T,03,C:\Users\ngovi\.cache\kagglehub\datasets\piyushagni5\berlin-database-of-emotional-speech-emodb\versions\1\wav\03a02Ta.wav
C:\Users\ngovi\.cache\kagglehub\datasets\piyushagni5\berlin-database-of-emotional-speech-emodb\versions\1\wav\12b09Wc.wav,EmoDB,W,12,C:\Users\ngovi\.cache\kagglehub\datasets\piyushagni5\berlin-database-of-emotional-speech-emodb\versions\1\wav\12b09Wc.wav
C:\Users\ngovi\.cache\kagglehub\datasets\piyushagni5\berlin-database-of-emotional-speech-emodb\versions\1\wav\03a07Nc.wav,EmoDB,N,03,C:\Users\ngovi\.cache\kagglehub\datasets\piyushagni5\berlin-database-of-emotional-speech-emodb\versions\1\wav\03a07Nc.wav
C:\Users\ngovi\.cache\kagglehub\datasets\piyushagni5\berlin-database-of-emotional-speech-emodb\versions\1\wav\09a02Wb.wav,EmoDB,W,09,C:\Users\ngovi\.cache\kagglehub\datasets\piyushagni5\berlin-database-of-emotional-speech-emodb\versions\1\wav\09a02Wb.wav
C:\Users\ngovi\.cache\kagglehub\datasets\piyushagni5\berlin-database-of-emotional-speech-emodb\versions\1\wav\08a02Fe.wav,EmoDB,F,08,C:\Users\ngovi\.cache\kagglehub\datasets\piyushagni5\berlin-database-of-emotional-speech-emodb\versions\1\wav\08a02Fe.wav
C:\Users\ngovi\.cache\kagglehub\datasets\piyushagni5\berlin-database-of-emotional-speech-emodb\versions\1\wav\16a07Wa.wav,EmoDB,W,16,C:\Users\ngovi\.cache\kagglehub\datasets\piyushagni5\berlin-database-of-emotional-speech-emodb\versions\1\wav\16a07Wa.wav
C:\Users\ngovi\.cache\kagglehub\datasets\piyushagni5\berlin-database-of-emotional-speech-emodb\versions\1\wav\03a07Wc.wav,EmoDB,W,03,C:\Users\ngovi\.cache\kagglehub\datasets\piyushagni5\berlin-database-of-emotional-speech-emodb\versions\1\wav\03a07Wc.wav
C:\Users\ngovi\.cache\kagglehub\datasets\piyushagni5\berlin-database-of-emotional-speech-emodb\versions\1\wav\15a04Ac.wav,EmoDB,A,15,C:\Users\ngovi\.cache\kagglehub\datasets\piyushagni5\berlin-database-of-emotional-speech-emodb\versions\1\wav\15a04Ac.wav
C:\Users\ngovi\.cache\kagglehub\datasets\piyushagni5\berlin-database-of-emotional-speech-emodb\versions\1\wav\16b03Ea.wav,EmoDB,E,16,C:\Users\ngovi\.cache\kagglehub\datasets\piyushagni5\berlin-database-of-emotional-speech-emodb\versions\1\wav\16b03Ea.wav
C:\Users\ngovi\.cache\kagglehub\datasets\piyushagni5\berlin-database-of-emotional-speech-emodb\versions\1\wav\14b09Ac.wav,EmoDB,A,14,C:\Users\ngovi\.cache\kagglehub\datasets\piyushagni5\berlin-database-of-emotional-speech-emodb\versions\1\wav\14b09Ac.wav
C:\Users\ngovi\.cache\kagglehub\datasets\piyushagni5\berlin-database-of-emotional-speech-emodb\versions\1\wav\10a05Tb.wav,EmoDB,T,10,C:\Users\ngovi\.cache\kagglehub\datasets\piyushagni5\berlin-database-of-emotional-speech-emodb\versions\1\wav\10a05Tb.wav
C:\Users\ngovi\.cache\kagglehub\datasets\piyushagni5\berlin-database-of-emotional-speech-emodb\versions\1\wav\11b09Ld.wav,EmoDB,L,11,C:\Users\ngovi\.cache\kagglehub\datasets\piyushagni5\berlin-database-of-emotional-speech-emodb\versions\1\wav\11b09Ld.wav
C:\Users\ngovi\.cache\kagglehub\datasets\piyushagni5\berlin-database-of-emotional-speech-emodb\versions\1\wav\16b02Wb.wav,EmoDB,W,16,C:\Users\ngovi\.cache\kagglehub\datasets\piyushagni5\berlin-database-of-emotional-speech-emodb\versions\1\wav\16b02Wb.wav
C:\Users\ngovi\.cache\kagglehub\datasets\piyushagni5\berlin-database-of-emotional-speech-emodb\versions\1\wav\10a07La.wav,EmoDB,L,10,C:\Users\ngovi\.cache\kagglehub\datasets\piyushagni5\berlin-database-of-emotional-speech-emodb\versions\1\wav\10a07La.wav
C:\Users\ngovi\.cache\kagglehub\datasets\piyushagni5\berlin-database-of-emotional-speech-emodb\versions\1\wav\11b03Wa.wav,EmoDB,W,11,C:\Users\ngovi\.cache\kagglehub\datasets\piyushagni5\berlin-database-of-emotional-speech-emodb\versions\1\wav\11b03Wa.wav
C:\Users\ngovi\.cache\kagglehub\datasets\piyushagni5\berlin-database-of-emotional-speech-emodb\versions\1\wav\13a05Ea.wav,EmoDB,E,13,C:\Users\ngovi\.cache\kagglehub\datasets\piyushagni5\berlin-database-of-emotional-speech-emodb\versions\1\wav\13a05Ea.wav
C:\Users\ngovi\.cache\kagglehub\datasets\piyushagni5\berlin-database-of-emotional-speech-emodb\versions\1\wav\03b02Wb.wav,EmoDB,W,03,C:\Users\ngovi\.cache\kagglehub\datasets\piyushagni5\berlin-database-of-emotional-speech-emodb\versions\1\wav\03b02Wb.wav
C:\Users\ngovi\.cache\kagglehub\datasets\piyushagni5\berlin-database-of-emotional-speech-emodb\versions\1\wav\09b01Wb.wav,EmoDB,W,09,C:\Users\ngovi\.cache\kagglehub\datasets\piyushagni5\berlin-database-of-emotional-speech-emodb\versions\1\wav\09b01Wb.wav
C:\Users\ngovi\.cache\kagglehub\datasets\piyushagni5\berlin-database-of-emotional-speech-emodb\versions\1\wav\13b03Ac.wav,EmoDB,A,13,C:\Users\ngovi\.cache\kagglehub\datasets\piyushagni5\berlin-database-of-emotional-speech-emodb\versions\1\wav\13b03Ac.wav
C:\Users\ngovi\.cache\kagglehub\datasets\piyushagni5\berlin-database-of-emotional-speech-emodb\versions\1\wav\09a05Tb.wav,EmoDB,T,09,C:\Users\ngovi\.cache\kagglehub\datasets\piyushagni5\berlin-database-of-emotional-speech-emodb\versions\1\wav\09a05Tb.wav
C:\Users\ngovi\.cache\kagglehub\datasets\piyushagni5\berlin-database-of-emotional-speech-emodb\versions\1\wav\03b02La.wav,EmoDB,L,03,C:\Users\ngovi\.cache\kagglehub\datasets\piyushagni5\berlin-database-of-emotional-speech-emodb\versions\1\wav\03b02La.wav
C:\Users\ngovi\.cache\kagglehub\datasets\piyushagni5\berlin-database-of-emotional-speech-emodb\versions\1\wav\13b09La.wav,EmoDB,L,13,C:\Users\ngovi\.cache\kagglehub\datasets\piyushagni5\berlin-database-of-emotional-speech-emodb\versions\1\wav\13b09La.wav
C:\Users\ngovi\.cache\kagglehub\datasets\piyushagni5\berlin-database-of-emotional-speech-emodb\versions\1\wav\13a05Lc.wav,EmoDB,L,13,C:\Users\ngovi\.cache\kagglehub\datasets\piyushagni5\berlin-database-of-emotional-speech-emodb\versions\1\wav\13a05Lc.wav
C:\Users\ngovi\.cache\kagglehub\datasets\piyushagni5\berlin-database-of-emotional-speech-emodb\versions\1\wav\13b01Ld.wav,EmoDB,L,13,C:\Users\ngovi\.cache\kagglehub\datasets\piyushagni5\berlin-database-of-emotional-speech-emodb\versions\1\wav\13b01Ld.wav
C:\Users\ngovi\.cache\kagglehub\datasets\piyushagni5\berlin-database-of-emotional-speech-emodb\versions\1\wav\16a02Lb.wav,EmoDB,L,16,C:\Users\ngovi\.cache\kagglehub\datasets\piyushagni5\berlin-database-of-emotional-speech-emodb\versions\1\wav\16a02Lb.wav
C:\Users\ngovi\.cache\kagglehub\datasets\piyushagni5\berlin-database-of-emotional-speech-emodb\versions\1\wav\08a02Tb.wav,EmoDB,T,08,C:\Users\ngovi\.cache\kagglehub\datasets\piyushagni5\berlin-database-of-emotional-speech-emodb\versions\1\wav\08a02Tb.wav
C:\Users\ngovi\.cache\kagglehub\datasets\piyushagni5\berlin-database-of-emotional-speech-emodb\versions\1\wav\16a05Tb.wav,EmoDB,T,16,C:\Users\ngovi\.cache\kagglehub\datasets\piyushagni5\berlin-database-of-emotional-speech-emodb\versions\1\wav\16a05Tb.wav
C:\Users\ngovi\.cache\kagglehub\datasets\piyushagni5\berlin-database-of-emotional-speech-emodb\versions\1\wav\14b09Lb.wav,EmoDB,L,14,C:\Users\ngovi\.cache\kagglehub\datasets\piyushagni5\berlin-database-of-emotional-speech-emodb\versions\1\wav\14b09Lb.wav
C:\Users\ngovi\.cache\kagglehub\datasets\piyushagni5\berlin-database-of-emotional-speech-emodb\versions\1\wav\09b03Wb.wav,EmoDB,W,09,C:\Users\ngovi\.cache\kagglehub\datasets\piyushagni5\berlin-database-of-emotional-speech-emodb\versions\1\wav\09b03Wb.wav
C:\Users\ngovi\.cache\kagglehub\datasets\piyushagni5\berlin-database-of-emotional-speech-emodb\versions\1\wav\08a02Ac.wav,EmoDB,A,08,C:\Users\ngovi\.cache\kagglehub\datasets\piyushagni5\berlin-database-of-emotional-speech-emodb\versions\1\wav\08a02Ac.wav
C:\Users\ngovi\.cache\kagglehub\datasets\piyushagni5\berlin-database-of-emotional-speech-emodb\versions\1\wav\09a05Wc.wav,EmoDB,W,09,C:\Users\ngovi\.cache\kagglehub\datasets\piyushagni5\berlin-database-of-emotional-speech-emodb\versions\1\wav\09a05Wc.wav
C:\Users\ngovi\.cache\kagglehub\datasets\piyushagni5\berlin-database-of-emotional-speech-emodb\versions\1\wav\16a04Tc.wav,EmoDB,T,16,C:\Users\ngovi\.cache\kagglehub\datasets\piyushagni5\berlin-database-of-emotional-speech-emodb\versions\1\wav\16a04Tc.wav
C:\Users\ngovi\.cache\kagglehub\datasets\piyushagni5\berlin-database-of-emotional-speech-emodb\versions\1\wav\08b09Ab.wav,EmoDB,A,08,C:\Users\ngovi\.cache\kagglehub\datasets\piyushagni5\berlin-database-of-emotional-speech-emodb\versions\1\wav\08b09Ab.wav
C:\Users\ngovi\.cache\kagglehub\datasets\piyushagni5\berlin-database-of-emotional-speech-emodb\versions\1\wav\11a05Wd.wav,EmoDB,W,11,C:\Users\ngovi\.cache\kagglehub\datasets\piyushagni5\berlin-database-of-emotional-speech-emodb\versions\1\wav\11a05Wd.wav
C:\Users\ngovi\.cache\kagglehub\datasets\piyushagni5\berlin-database-of-emotional-speech-emodb\versions\1\wav\09a02Ea.wav,EmoDB,E,09,C:\Users\ngovi\.cache\kagglehub\datasets\piyushagni5\berlin-database-of-emotional-speech-emodb\versions\1\wav\09a02Ea.wav
C:\Users\ngovi\.cache\kagglehub\datasets\piyushagni5\berlin-database-of-emotional-speech-emodb\versions\1\wav\16b01Wa.wav,EmoDB,W,16,C:\Users\ngovi\.cache\kagglehub\datasets\piyushagni5\berlin-database-of-emotional-speech-emodb\versions\1\wav\16b01Wa.wav
C:\Users\ngovi\.cache\kagglehub\datasets\piyushagni5\berlin-database-of-emotional-speech-emodb\versions\1\wav\08a05Ta.wav,EmoDB,T,08,C:\Users\ngovi\.cache\kagglehub\datasets\piyushagni5\berlin-database-of-emotional-speech-emodb\versions\1\wav\08a05Ta.wav
C:\Users\ngovi\.cache\kagglehub\datasets\piyushagni5\berlin-database-of-emotional-speech-emodb\versions\1\wav\15a04Wb.wav,EmoDB,W,15,C:\Users\ngovi\.cache\kagglehub\datasets\piyushagni5\berlin-database-of-emotional-speech-emodb\versions\1\wav\15a04Wb.wav
C:\Users\ngovi\.cache\kagglehub\datasets\piyushagni5\berlin-database-of-emotional-speech-emodb\versions\1\wav\15b10Nc.wav,EmoDB,N,15,C:\Users\ngovi\.cache\kagglehub\datasets\piyushagni5\berlin-database-of-emotional-speech-emodb\versions\1\wav\15b10Nc.wav
C:\Users\ngovi\.cache\kagglehub\datasets\piyushagni5\berlin-database-of-emotional-speech-emodb\versions\1\wav\11a05Fc.wav,EmoDB,F,11,C:\Users\ngovi\.cache\kagglehub\datasets\piyushagni5\berlin-database-of-emotional-speech-emodb\versions\1\wav\11a05Fc.wav
C:\Users\ngovi\.cache\kagglehub\datasets\piyushagni5\berlin-database-of-emotional-speech-emodb\versions\1\wav\09b03Ta.wav,EmoDB,T,09,C:\Users\ngovi\.cache\kagglehub\datasets\piyushagni5\berlin-database-of-emotional-speech-emodb\versions\1\wav\09b03Ta.wav
C:\Users\ngovi\.cache\kagglehub\datasets\piyushagni5\berlin-database-of-emotional-speech-emodb\versions\1\wav\14a01Ac.wav,EmoDB,A,14,C:\Users\ngovi\.cache\kagglehub\datasets\piyushagni5\berlin-database-of-emotional-speech-emodb\versions\1\wav\14a01Ac.wav
C:\Users\ngovi\.cache\kagglehub\datasets\piyushagni5\berlin-database-of-emotional-speech-emodb\versions\1\wav\12b02Wd.wav,EmoDB,W,12,C:\Users\ngovi\.cache\kagglehub\datasets\piyushagni5\berlin-database-of-emotional-speech-emodb\versions\1\wav\12b02Wd.wav
C:\Users\ngovi\.cache\kagglehub\datasets\piyushagni5\berlin-database-of-emotional-speech-emodb\versions\1\wav\13a02Lc.wav,EmoDB,L,13,C:\Users\ngovi\.cache\kagglehub\datasets\piyushagni5\berlin-database-of-emotional-speech-emodb\versions\1\wav\13a02Lc.wav
C:\Users\ngovi\.cache\kagglehub\datasets\piyushagni5\berlin-database-of-emotional-speech-emodb\versions\1\wav\11a02Wc.wav,EmoDB,W,11,C:\Users\ngovi\.cache\kagglehub\datasets\piyushagni5\berlin-database-of-emotional-speech-emodb\versions\1\wav\11a02Wc.wav
C:\Users\ngovi\.cache\kagglehub\datasets\piyushagni5\berlin-database-of-emotional-speech-emodb\versions\1\wav\10a05Ld.wav,EmoDB,L,10,C:\Users\ngovi\.cache\kagglehub\datasets\piyushagni5\berlin-database-of-emotional-speech-emodb\versions\1\wav\10a05Ld.wav
C:\Users\ngovi\.cache\kagglehub\datasets\piyushagni5\berlin-database-of-emotional-speech-emodb\versions\1\wav\03a05Fc.wav,EmoDB,F,03,C:\Users\ngovi\.cache\kagglehub\datasets\piyushagni5\berlin-database-of-emotional-speech-emodb\versions\1\wav\03a05Fc.wav
C:\Users\ngovi\.cache\kagglehub\datasets\piyushagni5\berlin-database-of-emotional-speech-emodb\versions\1\wav\10a02Lb.wav,EmoDB,L,10,C:\Users\ngovi\.cache\kagglehub\datasets\piyushagni5\berlin-database-of-emotional-speech-emodb\versions\1\wav\10a02Lb.wav
C:\Users\ngovi\.cache\kagglehub\datasets\piyushagni5\berlin-database-of-emotional-speech-emodb\versions\1\wav\11a01Wc.wav,EmoDB,W,11,C:\Users\ngovi\.cache\kagglehub\datasets\piyushagni5\berlin-database-of-emotional-speech-emodb\versions\1\wav\11a01Wc.wav
C:\Users\ngovi\.cache\kagglehub\datasets\piyushagni5\berlin-database-of-emotional-speech-emodb\versions\1\wav\09b09Wa.wav,EmoDB,W,09,C:\Users\ngovi\.cache\kagglehub\datasets\piyushagni5\berlin-database-of-emotional-speech-emodb\versions\1\wav\09b09Wa.wav
C:\Users\ngovi\.cache\kagglehub\datasets\piyushagni5\berlin-database-of-emotional-speech-emodb\versions\1\wav\12b03Ta.wav,EmoDB,T,12,C:\Users\ngovi\.cache\kagglehub\datasets\piyushagni5\berlin-database-of-emotional-speech-emodb\versions\1\wav\12b03Ta.wav
C:\Users\ngovi\.cache\kagglehub\datasets\piyushagni5\berlin-database-of-emotional-speech-emodb\versions\1\wav\14b09Wa.wav,EmoDB,W,14,C:\Users\ngovi\.cache\kagglehub\datasets\piyushagni5\berlin-database-of-emotional-speech-emodb\versions\1\wav\14b09Wa.wav
C:\Users\ngovi\.cache\kagglehub\datasets\piyushagni5\berlin-database-of-emotional-speech-emodb\versions\1\wav\11b10Wa.wav,EmoDB,W,11,C:\Users\ngovi\.cache\kagglehub\datasets\piyushagni5\berlin-database-of-emotional-speech-emodb\versions\1\wav\11b10Wa.wav
C:\Users\ngovi\.cache\kagglehub\datasets\piyushagni5\berlin-database-of-emotional-speech-emodb\versions\1\wav\08a04La.wav,EmoDB,L,08,C:\Users\ngovi\.cache\kagglehub\datasets\piyushagni5\berlin-database-of-emotional-speech-emodb\versions\1\wav\08a04La.wav
C:\Users\ngovi\.cache\kagglehub\datasets\piyushagni5\berlin-database-of-emotional-speech-emodb\versions\1\wav\13b03Td.wav,EmoDB,T,13,C:\Users\ngovi\.cache\kagglehub\datasets\piyushagni5\berlin-database-of-emotional-speech-emodb\versions\1\wav\13b03Td.wav
C:\Users\ngovi\.cache\kagglehub\datasets\piyushagni5\berlin-database-of-emotional-speech-emodb\versions\1\wav\11b02Wb.wav,EmoDB,W,11,C:\Users\ngovi\.cache\kagglehub\datasets\piyushagni5\berlin-database-of-emotional-speech-emodb\versions\1\wav\11b02Wb.wav
C:\Users\ngovi\.cache\kagglehub\datasets\piyushagni5\berlin-database-of-emotional-speech-emodb\versions\1\wav\12a05Ab.wav,EmoDB,A,12,C:\Users\ngovi\.cache\kagglehub\datasets\piyushagni5\berlin-database-of-emotional-speech-emodb\versions\1\wav\12a05Ab.wav
C:\Users\ngovi\.cache\kagglehub\datasets\piyushagni5\berlin-database-of-emotional-speech-emodb\versions\1\wav\09a04Fd.wav,EmoDB,F,09,C:\Users\ngovi\.cache\kagglehub\datasets\piyushagni5\berlin-database-of-emotional-speech-emodb\versions\1\wav\09a04Fd.wav
C:\Users\ngovi\.cache\kagglehub\datasets\piyushagni5\berlin-database-of-emotional-speech-emodb\versions\1\wav\16b03Ad.wav,EmoDB,A,16,C:\Users\ngovi\.cache\kagglehub\datasets\piyushagni5\berlin-database-of-emotional-speech-emodb\versions\1\wav\16b03Ad.wav
C:\Users\ngovi\.cache\kagglehub\datasets\piyushagni5\berlin-database-of-emotional-speech-emodb\versions\1\wav\11b03Nb.wav,EmoDB,N,11,C:\Users\ngovi\.cache\kagglehub\datasets\piyushagni5\berlin-database-of-emotional-speech-emodb\versions\1\wav\11b03Nb.wav
C:\Users\ngovi\.cache\kagglehub\datasets\piyushagni5\berlin-database-of-emotional-speech-emodb\versions\1\wav\09b02Wc.wav,EmoDB,W,09,C:\Users\ngovi\.cache\kagglehub\datasets\piyushagni5\berlin-database-of-emotional-speech-emodb\versions\1\wav\09b02Wc.wav
C:\Users\ngovi\.cache\kagglehub\datasets\piyushagni5\berlin-database-of-emotional-speech-emodb\versions\1\wav\13a01Lb.wav,EmoDB,L,13,C:\Users\ngovi\.cache\kagglehub\datasets\piyushagni5\berlin-database-of-emotional-speech-emodb\versions\1\wav\13a01Lb.wav
C:\Users\ngovi\.cache\kagglehub\datasets\piyushagni5\berlin-database-of-emotional-speech-emodb\versions\1\wav\10b01Fa.wav,EmoDB,F,10,C:\Users\ngovi\.cache\kagglehub\datasets\piyushagni5\berlin-database-of-emotional-speech-emodb\versions\1\wav\10b01Fa.wav
C:\Users\ngovi\.cache\kagglehub\datasets\piyushagni5\berlin-database-of-emotional-speech-emodb\versions\1\wav\15a02Ac.wav,EmoDB,A,15,C:\Users\ngovi\.cache\kagglehub\datasets\piyushagni5\berlin-database-of-emotional-speech-emodb\versions\1\wav\15a02Ac.wav
C:\Users\ngovi\.cache\kagglehub\datasets\piyushagni5\berlin-database-of-emotional-speech-emodb\versions\1\wav\10a05Aa.wav,EmoDB,A,10,C:\Users\ngovi\.cache\kagglehub\datasets\piyushagni5\berlin-database-of-emotional-speech-emodb\versions\1\wav\10a05Aa.wav
C:\Users\ngovi\.cache\kagglehub\datasets\piyushagni5\berlin-database-of-emotional-speech-emodb\versions\1\wav\09b10Wa.wav,EmoDB,W,09,C:\Users\ngovi\.cache\kagglehub\datasets\piyushagni5\berlin-database-of-emotional-speech-emodb\versions\1\wav\09b10Wa.wav
C:\Users\ngovi\.cache\kagglehub\datasets\piyushagni5\berlin-database-of-emotional-speech-emodb\versions\1\wav\14b10Ad.wav,EmoDB,A,14,C:\Users\ngovi\.cache\kagglehub\datasets\piyushagni5\berlin-database-of-emotional-speech-emodb\versions\1\wav\14b10Ad.wav
C:\Users\ngovi\.cache\kagglehub\datasets\piyushagni5\berlin-database-of-emotional-speech-emodb\versions\1\wav\16b02Aa.wav,EmoDB,A,16,C:\Users\ngovi\.cache\kagglehub\datasets\piyushagni5\berlin-database-of-emotional-speech-emodb\versions\1\wav\16b02Aa.wav
C:\Users\ngovi\.cache\kagglehub\datasets\piyushagni5\berlin-database-of-emotional-speech-emodb\versions\1\wav\03a01Wa.wav,EmoDB,W,03,C:\Users\ngovi\.cache\kagglehub\datasets\piyushagni5\berlin-database-of-emotional-speech-emodb\versions\1\wav\03a01Wa.wav
C:\Users\ngovi\.cache\kagglehub\datasets\piyushagni5\berlin-database-of-emotional-speech-emodb\versions\1\wav\15a04Wa.wav,EmoDB,W,15,C:\Users\ngovi\.cache\kagglehub\datasets\piyushagni5\berlin-database-of-emotional-speech-emodb\versions\1\wav\15a04Wa.wav
C:\Users\ngovi\.cache\kagglehub\datasets\piyushagni5\berlin-database-of-emotional-speech-emodb\versions\1\wav\08b01Wa.wav,EmoDB,W,08,C:\Users\ngovi\.cache\kagglehub\datasets\piyushagni5\berlin-database-of-emotional-speech-emodb\versions\1\wav\08b01Wa.wav
C:\Users\ngovi\.cache\kagglehub\datasets\piyushagni5\berlin-database-of-emotional-speech-emodb\versions\1\wav\08b01Na.wav,EmoDB,N,08,C:\Users\ngovi\.cache\kagglehub\datasets\piyushagni5\berlin-database-of-emotional-speech-emodb\versions\1\wav\08b01Na.wav
C:\Users\ngovi\.cache\kagglehub\datasets\piyushagni5\berlin-database-of-emotional-speech-emodb\versions\1\wav\14b10Tc.wav,EmoDB,T,14,C:\Users\ngovi\.cache\kagglehub\datasets\piyushagni5\berlin-database-of-emotional-speech-emodb\versions\1\wav\14b10Tc.wav
C:\Users\ngovi\.cache\kagglehub\datasets\piyushagni5\berlin-database-of-emotional-speech-emodb\versions\1\wav\12a07La.wav,EmoDB,L,12,C:\Users\ngovi\.cache\kagglehub\datasets\piyushagni5\berlin-database-of-emotional-speech-emodb\versions\1\wav\12a07La.wav
C:\Users\ngovi\.cache\kagglehub\datasets\piyushagni5\berlin-database-of-emotional-speech-emodb\versions\1\wav\13b10La.wav,EmoDB,L,13,C:\Users\ngovi\.cache\kagglehub\datasets\piyushagni5\berlin-database-of-emotional-speech-emodb\versions\1\wav\13b10La.wav
C:\Users\ngovi\.cache\kagglehub\datasets\piyushagni5\berlin-database-of-emotional-speech-emodb\versions\1\wav\13a02Ec.wav,EmoDB,E,13,C:\Users\ngovi\.cache\kagglehub\datasets\piyushagni5\berlin-database-of-emotional-speech-emodb\versions\1\wav\13a02Ec.wav
C:\Users\ngovi\.cache\kagglehub\datasets\piyushagni5\berlin-database-of-emotional-speech-emodb\versions\1\wav\16b01La.wav,EmoDB,L,16,C:\Users\ngovi\.cache\kagglehub\datasets\piyushagni5\berlin-database-of-emotional-speech-emodb\versions\1\wav\16b01La.wav
C:\Users\ngovi\.cache\kagglehub\datasets\piyushagni5\berlin-database-of-emotional-speech-emodb\versions\1\wav\10a01Nb.wav,EmoDB,N,10,C:\Users\ngovi\.cache\kagglehub\datasets\piyushagni5\berlin-database-of-emotional-speech-emodb\versions\1\wav\10a01Nb.wav
C:\Users\ngovi\.cache\kagglehub\datasets\piyushagni5\berlin-database-of-emotional-speech-emodb\versions\1\wav\13a05Wa.wav,EmoDB,W,13,C:\Users\ngovi\.cache\kagglehub\datasets\piyushagni5\berlin-database-of-emotional-speech-emodb\versions\1\wav\13a05Wa.wav
C:\Users\ngovi\.cache\kagglehub\datasets\piyushagni5\berlin-database-of-emotional-speech-emodb\versions\1\wav\08a04Wc.wav,EmoDB,W,08,C:\Users\ngovi\.cache\kagglehub\datasets\piyushagni5\berlin-database-of-emotional-speech-emodb\versions\1\wav\08a04Wc.wav
C:\Users\ngovi\.cache\kagglehub\datasets\piyushagni5\berlin-database-of-emotional-speech-emodb\versions\1\wav\15a02Wd.wav,EmoDB,W,15,C:\Users\ngovi\.cache\kagglehub\datasets\piyushagni5\berlin-database-of-emotional-speech-emodb\versions\1\wav\15a02Wd.wav
C:\Users\ngovi\.cache\kagglehub\datasets\piyushagni5\berlin-database-of-emotional-speech-emodb\versions\1\wav\15b10Wa.wav,EmoDB,W,15,C:\Users\ngovi\.cache\kagglehub\datasets\piyushagni5\berlin-database-of-emotional-speech-emodb\versions\1\wav\15b10Wa.wav
C:\Users\ngovi\.cache\kagglehub\datasets\piyushagni5\berlin-database-of-emotional-speech-emodb\versions\1\wav\11b09Fd.wav,EmoDB,F,11,C:\Users\ngovi\.cache\kagglehub\datasets\piyushagni5\berlin-database-of-emotional-speech-emodb\versions\1\wav\11b09Fd.wav
C:\Users\ngovi\.cache\kagglehub\datasets\piyushagni5\berlin-database-of-emotional-speech-emodb\versions\1\wav\15a07Fa.wav,EmoDB,F,15,C:\Users\ngovi\.cache\kagglehub\datasets\piyushagni5\berlin-database-of-emotional-speech-emodb\versions\1\wav\15a07Fa.wav
C:\Users\ngovi\.cache\kagglehub\datasets\piyushagni5\berlin-database-of-emotional-speech-emodb\versions\1\wav\16a05La.wav,EmoDB,L,16,C:\Users\ngovi\.cache\kagglehub\datasets\piyushagni5\berlin-database-of-emotional-speech-emodb\versions\1\wav\16a05La.wav
C:\Users\ngovi\.cache\kagglehub\datasets\piyushagni5\berlin-database-of-emotional-speech-emodb\versions\1\wav\14a05Wa.wav,EmoDB,W,14,C:\Users\ngovi\.cache\kagglehub\datasets\piyushagni5\berlin-database-of-emotional-speech-emodb\versions\1\wav\14a05Wa.wav
C:\Users\ngovi\.cache\kagglehub\datasets\piyushagni5\berlin-database-of-emotional-speech-emodb\versions\1\wav\09b10Aa.wav,EmoDB,A,09,C:\Users\ngovi\.cache\kagglehub\datasets\piyushagni5\berlin-database-of-emotional-speech-emodb\versions\1\wav\09b10Aa.wav
C:\Users\ngovi\.cache\kagglehub\datasets\piyushagni5\berlin-database-of-emotional-speech-emodb\versions\1\wav\15a05Fb.wav,EmoDB,F,15,C:\Users\ngovi\.cache\kagglehub\datasets\piyushagni5\berlin-database-of-emotional-speech-emodb\versions\1\wav\15a05Fb.wav
C:\Users\ngovi\.cache\kagglehub\datasets\piyushagni5\berlin-database-of-emotional-speech-emodb\versions\1\wav\13a01Ec.wav,EmoDB,E,13,C:\Users\ngovi\.cache\kagglehub\datasets\piyushagni5\berlin-database-of-emotional-speech-emodb\versions\1\wav\13a01Ec.wav
C:\Users\ngovi\.cache\kagglehub\datasets\piyushagni5\berlin-database-of-emotional-speech-emodb\versions\1\wav\11b09Wa.wav,EmoDB,W,11,C:\Users\ngovi\.cache\kagglehub\datasets\piyushagni5\berlin-database-of-emotional-speech-emodb\versions\1\wav\11b09Wa.wav
C:\Users\ngovi\.cache\kagglehub\datasets\piyushagni5\berlin-database-of-emotional-speech-emodb\versions\1\wav\09b01Na.wav,EmoDB,N,09,C:\Users\ngovi\.cache\kagglehub\datasets\piyushagni5\berlin-database-of-emotional-speech-emodb\versions\1\wav\09b01Na.wav
C:\Users\ngovi\.cache\kagglehub\datasets\piyushagni5\berlin-database-of-emotional-speech-emodb\versions\1\wav\14b01Wc.wav,EmoDB,W,14,C:\Users\ngovi\.cache\kagglehub\datasets\piyushagni5\berlin-database-of-emotional-speech-emodb\versions\1\wav\14b01Wc.wav
C:\Users\ngovi\.cache\kagglehub\datasets\piyushagni5\berlin-database-of-emotional-speech-emodb\versions\1\wav\13a07Tc.wav,EmoDB,T,13,C:\Users\ngovi\.cache\kagglehub\datasets\piyushagni5\berlin-database-of-emotional-speech-emodb\versions\1\wav\13a07Tc.wav
C:\Users\ngovi\.cache\kagglehub\datasets\piyushagni5\berlin-database-of-emotional-speech-emodb\versions\1\wav\10b10Lc.wav,EmoDB,L,10,C:\Users\ngovi\.cache\kagglehub\datasets\piyushagni5\berlin-database-of-emotional-speech-emodb\versions\1\wav\10b10Lc.wav
C:\Users\ngovi\.cache\kagglehub\datasets\piyushagni5\berlin-database-of-emotional-speech-emodb\versions\1\wav\16b09Fb.wav,EmoDB,F,16,C:\Users\ngovi\.cache\kagglehub\datasets\piyushagni5\berlin-database-of-emotional-speech-emodb\versions\1\wav\16b09Fb.wav
C:\Users\ngovi\.cache\kagglehub\datasets\piyushagni5\berlin-database-of-emotional-speech-emodb\versions\1\wav\10b10Wa.wav,EmoDB,W,10,C:\Users\ngovi\.cache\kagglehub\datasets\piyushagni5\berlin-database-of-emotional-speech-emodb\versions\1\wav\10b10Wa.wav
C:\Users\ngovi\.cache\kagglehub\datasets\piyushagni5\berlin-database-of-emotional-speech-emodb\versions\1\wav\16b10Wa.wav,EmoDB,W,16,C:\Users\ngovi\.cache\kagglehub\datasets\piyushagni5\berlin-database-of-emotional-speech-emodb\versions\1\wav\16b10Wa.wav
C:\Users\ngovi\.cache\kagglehub\datasets\piyushagni5\berlin-database-of-emotional-speech-emodb\versions\1\wav\11b01Lb.wav,EmoDB,L,11,C:\Users\ngovi\.cache\kagglehub\datasets\piyushagni5\berlin-database-of-emotional-speech-emodb\versions\1\wav\11b01Lb.wav
C:\Users\ngovi\.cache\kagglehub\datasets\piyushagni5\berlin-database-of-emotional-speech-emodb\versions\1\wav\15b01Ec.wav,EmoDB,E,15,C:\Users\ngovi\.cache\kagglehub\datasets\piyushagni5\berlin-database-of-emotional-speech-emodb\versions\1\wav\15b01Ec.wav
C:\Users\ngovi\.cache\kagglehub\datasets\piyushagni5\berlin-database-of-emotional-speech-emodb\versions\1\wav\15a07Ld.wav,EmoDB,L,15,C:\Users\ngovi\.cache\kagglehub\datasets\piyushagni5\berlin-database-of-emotional-speech-emodb\versions\1\wav\15a07Ld.wav
C:\Users\ngovi\.cache\kagglehub\datasets\piyushagni5\berlin-database-of-emotional-speech-emodb\versions\1\wav\11a05Lc.wav,EmoDB,L,11,C:\Users\ngovi\.cache\kagglehub\datasets\piyushagni5\berlin-database-of-emotional-speech-emodb\versions\1\wav\11a05Lc.wav
C:\Users\ngovi\.cache\kagglehub\datasets\piyushagni5\berlin-database-of-emotional-speech-emodb\versions\1\wav\14b01Na.wav,EmoDB,N,14,C:\Users\ngovi\.cache\kagglehub\datasets\piyushagni5\berlin-database-of-emotional-speech-emodb\versions\1\wav\14b01Na.wav
C:\Users\ngovi\.cache\kagglehub\datasets\piyushagni5\berlin-database-of-emotional-speech-emodb\versions\1\wav\10a02Na.wav,EmoDB,N,10,C:\Users\ngovi\.cache\kagglehub\datasets\piyushagni5\berlin-database-of-emotional-speech-emodb\versions\1\wav\10a02Na.wav
C:\Users\ngovi\.cache\kagglehub\datasets\piyushagni5\berlin-database-of-emotional-speech-emodb\versions\1\wav\14b10Eb.wav,EmoDB,E,14,C:\Users\ngovi\.cache\kagglehub\datasets\piyushagni5\berlin-database-of-emotional-speech-emodb\versions\1\wav\14b10Eb.wav
C:\Users\ngovi\.cache\kagglehub\datasets\piyushagni5\berlin-database-of-emotional-speech-emodb\versions\1\wav\14a07Tc.wav,EmoDB,T,14,C:\Users\ngovi\.cache\kagglehub\datasets\piyushagni5\berlin-database-of-emotional-speech-emodb\versions\1\wav\14a07Tc.wav
C:\Users\ngovi\.cache\kagglehub\datasets\piyushagni5\berlin-database-of-emotional-speech-emodb\versions\1\wav\09b03Fa.wav,EmoDB,F,09,C:\Users\ngovi\.cache\kagglehub\datasets\piyushagni5\berlin-database-of-emotional-speech-emodb\versions\1\wav\09b03Fa.wav
C:\Users\ngovi\.cache\kagglehub\datasets\piyushagni5\berlin-database-of-emotional-speech-emodb\versions\1\wav\08b03Wd.wav,EmoDB,W,08,C:\Users\ngovi\.cache\kagglehub\datasets\piyushagni5\berlin-database-of-emotional-speech-emodb\versions\1\wav\08b03Wd.wav
C:\Users\ngovi\.cache\kagglehub\datasets\piyushagni5\berlin-database-of-emotional-speech-emodb\versions\1\wav\08b09Fd.wav,EmoDB,F,08,C:\Users\ngovi\.cache\kagglehub\datasets\piyushagni5\berlin-database-of-emotional-speech-emodb\versions\1\wav\08b09Fd.wav
C:\Users\ngovi\.cache\kagglehub\datasets\piyushagni5\berlin-database-of-emotional-speech-emodb\versions\1\wav\10b10Fc.wav,EmoDB,F,10,C:\Users\ngovi\.cache\kagglehub\datasets\piyushagni5\berlin-database-of-emotional-speech-emodb\versions\1\wav\10b10Fc.wav
C:\Users\ngovi\.cache\kagglehub\datasets\piyushagni5\berlin-database-of-emotional-speech-emodb\versions\1\wav\15a02La.wav,EmoDB,L,15,C:\Users\ngovi\.cache\kagglehub\datasets\piyushagni5\berlin-database-of-emotional-speech-emodb\versions\1\wav\15a02La.wav
C:\Users\ngovi\.cache\kagglehub\datasets\piyushagni5\berlin-database-of-emotional-speech-emodb\versions\1\wav\12b02Ad.wav,EmoDB,A,12,C:\Users\ngovi\.cache\kagglehub\datasets\piyushagni5\berlin-database-of-emotional-speech-emodb\versions\1\wav\12b02Ad.wav
C:\Users\ngovi\.cache\kagglehub\datasets\piyushagni5\berlin-database-of-emotional-speech-emodb\versions\1\wav\12a07Ac.wav,EmoDB,A,12,C:\Users\ngovi\.cache\kagglehub\datasets\piyushagni5\berlin-database-of-emotional-speech-emodb\versions\1\wav\12a07Ac.wav
C:\Users\ngovi\.cache\kagglehub\datasets\piyushagni5\berlin-database-of-emotional-speech-emodb\versions\1\wav\16a01Lb.wav,EmoDB,L,16,C:\Users\ngovi\.cache\kagglehub\datasets\piyushagni5\berlin-database-of-emotional-speech-emodb\versions\1\wav\16a01Lb.wav
C:\Users\ngovi\.cache\kagglehub\datasets\piyushagni5\berlin-database-of-emotional-speech-emodb\versions\1\wav\12a02Wa.wav,EmoDB,W,12,C:\Users\ngovi\.cache\kagglehub\datasets\piyushagni5\berlin-database-of-emotional-speech-emodb\versions\1\wav\12a02Wa.wav
C:\Users\ngovi\.cache\kagglehub\datasets\piyushagni5\berlin-database-of-emotional-speech-emodb\versions\1\wav\11b02Td.wav,EmoDB,T,11,C:\Users\ngovi\.cache\kagglehub\datasets\piyushagni5\berlin-database-of-emotional-speech-emodb\versions\1\wav\11b02Td.wav
C:\Users\ngovi\.cache\kagglehub\datasets\piyushagni5\berlin-database-of-emotional-speech-emodb\versions\1\wav\16b01Lc.wav,EmoDB,L,16,C:\Users\ngovi\.cache\kagglehub\datasets\piyushagni5\berlin-database-of-emotional-speech-emodb\versions\1\wav\16b01Lc.wav
C:\Users\ngovi\.cache\kagglehub\datasets\piyushagni5\berlin-database-of-emotional-speech-emodb\versions\1\wav\13b02Wa.wav,EmoDB,W,13,C:\Users\ngovi\.cache\kagglehub\datasets\piyushagni5\berlin-database-of-emotional-speech-emodb\versions\1\wav\13b02Wa.wav
C:\Users\ngovi\.cache\kagglehub\datasets\piyushagni5\berlin-database-of-emotional-speech-emodb\versions\1\wav\08a05Fe.wav,EmoDB,F,08,C:\Users\ngovi\.cache\kagglehub\datasets\piyushagni5\berlin-database-of-emotional-speech-emodb\versions\1\wav\08a05Fe.wav
C:\Users\ngovi\.cache\kagglehub\datasets\piyushagni5\berlin-database-of-emotional-speech-emodb\versions\1\wav\16b09Lb.wav,EmoDB,L,16,C:\Users\ngovi\.cache\kagglehub\datasets\piyushagni5\berlin-database-of-emotional-speech-emodb\versions\1\wav\16b09Lb.wav
C:\Users\ngovi\.cache\kagglehub\datasets\piyushagni5\berlin-database-of-emotional-speech-emodb\versions\1\wav\14b01Ac.wav,EmoDB,A,14,C:\Users\ngovi\.cache\kagglehub\datasets\piyushagni5\berlin-database-of-emotional-speech-emodb\versions\1\wav\14b01Ac.wav
C:\Users\ngovi\.cache\kagglehub\datasets\piyushagni5\berlin-database-of-emotional-speech-emodb\versions\1\wav\15a05Na.wav,EmoDB,N,15,C:\Users\ngovi\.cache\kagglehub\datasets\piyushagni5\berlin-database-of-emotional-speech-emodb\versions\1\wav\15a05Na.wav
C:\Users\ngovi\.cache\kagglehub\datasets\piyushagni5\berlin-database-of-emotional-speech-emodb\versions\1\wav\16b01Wb.wav,EmoDB,W,16,C:\Users\ngovi\.cache\kagglehub\datasets\piyushagni5\berlin-database-of-emotional-speech-emodb\versions\1\wav\16b01Wb.wav
C:\Users\ngovi\.cache\kagglehub\datasets\piyushagni5\berlin-database-of-emotional-speech-emodb\versions\1\wav\10b01Ea.wav,EmoDB,E,10,C:\Users\ngovi\.cache\kagglehub\datasets\piyushagni5\berlin-database-of-emotional-speech-emodb\versions\1\wav\10b01Ea.wav
C:\Users\ngovi\.cache\kagglehub\datasets\piyushagni5\berlin-database-of-emotional-speech-emodb\versions\1\wav\15a07Ac.wav,EmoDB,A,15,C:\Users\ngovi\.cache\kagglehub\datasets\piyushagni5\berlin-database-of-emotional-speech-emodb\versions\1\wav\15a07Ac.wav
C:\Users\ngovi\.cache\kagglehub\datasets\piyushagni5\berlin-database-of-emotional-speech-emodb\versions\1\wav\08b02Wd.wav,EmoDB,W,08,C:\Users\ngovi\.cache\kagglehub\datasets\piyushagni5\berlin-database-of-emotional-speech-emodb\versions\1\wav\08b02Wd.wav
C:\Users\ngovi\.cache\kagglehub\datasets\piyushagni5\berlin-database-of-emotional-speech-emodb\versions\1\wav\14b02Na.wav,EmoDB,N,14,C:\Users\ngovi\.cache\kagglehub\datasets\piyushagni5\berlin-database-of-emotional-speech-emodb\versions\1\wav\14b02Na.wav
C:\Users\ngovi\.cache\kagglehub\datasets\piyushagni5\berlin-database-of-emotional-speech-emodb\versions\1\wav\14a05Fb.wav,EmoDB,F,14,C:\Users\ngovi\.cache\kagglehub\datasets\piyushagni5\berlin-database-of-emotional-speech-emodb\versions\1\wav\14a05Fb.wav
C:\Users\ngovi\.cache\kagglehub\datasets\piyushagni5\berlin-database-of-emotional-speech-emodb\versions\1\wav\11b10Nc.wav,EmoDB,N,11,C:\Users\ngovi\.cache\kagglehub\datasets\piyushagni5\berlin-database-of-emotional-speech-emodb\versions\1\wav\11b10Nc.wav
C:\Users\ngovi\.cache\kagglehub\datasets\piyushagni5\berlin-database-of-emotional-speech-emodb\versions\1\wav\09a04Nb.wav,EmoDB,N,09,C:\Users\ngovi\.cache\kagglehub\datasets\piyushagni5\berlin-database-of-emotional-speech-emodb\versions\1\wav\09a04Nb.wav
C:\Users\ngovi\.cache\kagglehub\datasets\piyushagni5\berlin-database-of-emotional-speech-emodb\versions\1\wav\08b09Wa.wav,EmoDB,W,08,C:\Users\ngovi\.cache\kagglehub\datasets\piyushagni5\berlin-database-of-emotional-speech-emodb\versions\1\wav\08b09Wa.wav
C:\Users\ngovi\.cache\kagglehub\datasets\piyushagni5\berlin-database-of-emotional-speech-emodb\versions\1\wav\10a04Wa.wav,EmoDB,W,10,C:\Users\ngovi\.cache\kagglehub\datasets\piyushagni5\berlin-database-of-emotional-speech-emodb\versions\1\wav\10a04Wa.wav
C:\Users\ngovi\.cache\kagglehub\datasets\piyushagni5\berlin-database-of-emotional-speech-emodb\versions\1\wav\11b02Fd.wav,EmoDB,F,11,C:\Users\ngovi\.cache\kagglehub\datasets\piyushagni5\berlin-database-of-emotional-speech-emodb\versions\1\wav\11b02Fd.wav
C:\Users\ngovi\.cache\kagglehub\datasets\piyushagni5\berlin-database-of-emotional-speech-emodb\versions\1\wav\08a07Fd.wav,EmoDB,F,08,C:\Users\ngovi\.cache\kagglehub\datasets\piyushagni5\berlin-database-of-emotional-speech-emodb\versions\1\wav\08a07Fd.wav
C:\Users\ngovi\.cache\kagglehub\datasets\piyushagni5\berlin-database-of-emotional-speech-emodb\versions\1\wav\13a07Wb.wav,EmoDB,W,13,C:\Users\ngovi\.cache\kagglehub\datasets\piyushagni5\berlin-database-of-emotional-speech-emodb\versions\1\wav\13a07Wb.wav
C:\Users\ngovi\.cache\kagglehub\datasets\piyushagni5\berlin-database-of-emotional-speech-emodb\versions\1\wav\15a05Lb.wav,EmoDB,L,15,C:\Users\ngovi\.cache\kagglehub\datasets\piyushagni5\berlin-database-of-emotional-speech-emodb\versions\1\wav\15a05Lb.wav
C:\Users\ngovi\.cache\kagglehub\datasets\piyushagni5\berlin-database-of-emotional-speech-emodb\versions\1\wav\14a05Ac.wav,EmoDB,A,14,C:\Users\ngovi\.cache\kagglehub\datasets\piyushagni5\berlin-database-of-emotional-speech-emodb\versions\1\wav\14a05Ac.wav
C:\Users\ngovi\.cache\kagglehub\datasets\piyushagni5\berlin-database-of-emotional-speech-emodb\versions\1\wav\11b10Ld.wav,EmoDB,L,11,C:\Users\ngovi\.cache\kagglehub\datasets\piyushagni5\berlin-database-of-emotional-speech-emodb\versions\1\wav\11b10Ld.wav
C:\Users\ngovi\.cache\kagglehub\datasets\piyushagni5\berlin-database-of-emotional-speech-emodb\versions\1\wav\13b10Fa.wav,EmoDB,F,13,C:\Users\ngovi\.cache\kagglehub\datasets\piyushagni5\berlin-database-of-emotional-speech-emodb\versions\1\wav\13b10Fa.wav
C:\Users\ngovi\.cache\kagglehub\datasets\piyushagni5\berlin-database-of-emotional-speech-emodb\versions\1\wav\10a01Ac.wav,EmoDB,A,10,C:\Users\ngovi\.cache\kagglehub\datasets\piyushagni5\berlin-database-of-emotional-speech-emodb\versions\1\wav\10a01Ac.wav
C:\Users\ngovi\.cache\kagglehub\datasets\piyushagni5\berlin-database-of-emotional-speech-emodb\versions\1\wav\16b10Eb.wav,EmoDB,E,16,C:\Users\ngovi\.cache\kagglehub\datasets\piyushagni5\berlin-database-of-emotional-speech-emodb\versions\1\wav\16b10Eb.wav
C:\Users\ngovi\.cache\kagglehub\datasets\piyushagni5\berlin-database-of-emotional-speech-emodb\versions\1\wav\10a07Wb.wav,EmoDB,W,10,C:\Users\ngovi\.cache\kagglehub\datasets\piyushagni5\berlin-database-of-emotional-speech-emodb\versions\1\wav\10a07Wb.wav
C:\Users\ngovi\.cache\kagglehub\datasets\piyushagni5\berlin-database-of-emotional-speech-emodb\versions\1\wav\16b09Wb.wav,EmoDB,W,16,C:\Users\ngovi\.cache\kagglehub\datasets\piyushagni5\berlin-database-of-emotional-speech-emodb\versions\1\wav\16b09Wb.wav
C:\Users\ngovi\.cache\kagglehub\datasets\piyushagni5\berlin-database-of-emotional-speech-emodb\versions\1\wav\10b01Aa.wav,EmoDB,A,10,C:\Users\ngovi\.cache\kagglehub\datasets\piyushagni5\berlin-database-of-emotional-speech-emodb\versions\1\wav\10b01Aa.wav
C:\Users\ngovi\.cache\kagglehub\datasets\piyushagni5\berlin-database-of-emotional-speech-emodb\versions\1\wav\15b10Ac.wav,EmoDB,A,15,C:\Users\ngovi\.cache\kagglehub\datasets\piyushagni5\berlin-database-of-emotional-speech-emodb\versions\1\wav\15b10Ac.wav
C:\Users\ngovi\.cache\kagglehub\datasets\piyushagni5\berlin-database-of-emotional-speech-emodb\versions\1\wav\10a04Wb.wav,EmoDB,W,10,C:\Users\ngovi\.cache\kagglehub\datasets\piyushagni5\berlin-database-of-emotional-speech-emodb\versions\1\wav\10a04Wb.wav
C:\Users\ngovi\.cache\kagglehub\datasets\piyushagni5\berlin-database-of-emotional-speech-emodb\versions\1\wav\14a04Ed.wav,EmoDB,E,14,C:\Users\ngovi\.cache\kagglehub\datasets\piyushagni5\berlin-database-of-emotional-speech-emodb\versions\1\wav\14a04Ed.wav
C:\Users\ngovi\.cache\kagglehub\datasets\piyushagni5\berlin-database-of-emotional-speech-emodb\versions\1\wav\14b01Fa.wav,EmoDB,F,14,C:\Users\ngovi\.cache\kagglehub\datasets\piyushagni5\berlin-database-of-emotional-speech-emodb\versions\1\wav\14b01Fa.wav
C:\Users\ngovi\.cache\kagglehub\datasets\piyushagni5\berlin-database-of-emotional-speech-emodb\versions\1\wav\08a01Ab.wav,EmoDB,A,08,C:\Users\ngovi\.cache\kagglehub\datasets\piyushagni5\berlin-database-of-emotional-speech-emodb\versions\1\wav\08a01Ab.wav
C:\Users\ngovi\.cache\kagglehub\datasets\piyushagni5\berlin-database-of-emotional-speech-emodb\versions\1\wav\15a02Wb.wav,EmoDB,W,15,C:\Users\ngovi\.cache\kagglehub\datasets\piyushagni5\berlin-database-of-emotional-speech-emodb\versions\1\wav\15a02Wb.wav
C:\Users\ngovi\.cache\kagglehub\datasets\piyushagni5\berlin-database-of-emotional-speech-emodb\versions\1\wav\16b02Lb.wav,EmoDB,L,16,C:\Users\ngovi\.cache\kagglehub\datasets\piyushagni5\berlin-database-of-emotional-speech-emodb\versions\1\wav\16b02Lb.wav
C:\Users\ngovi\.cache\kagglehub\datasets\piyushagni5\berlin-database-of-emotional-speech-emodb\versions\1\wav\12a05Ta.wav,EmoDB,T,12,C:\Users\ngovi\.cache\kagglehub\datasets\piyushagni5\berlin-database-of-emotional-speech-emodb\versions\1\wav\12a05Ta.wav
C:\Users\ngovi\.cache\kagglehub\datasets\piyushagni5\berlin-database-of-emotional-speech-emodb\versions\1\wav\15a01Nb.wav,EmoDB,N,15,C:\Users\ngovi\.cache\kagglehub\datasets\piyushagni5\berlin-database-of-emotional-speech-emodb\versions\1\wav\15a01Nb.wav
C:\Users\ngovi\.cache\kagglehub\datasets\piyushagni5\berlin-database-of-emotional-speech-emodb\versions\1\wav\13b01Ec.wav,EmoDB,E,13,C:\Users\ngovi\.cache\kagglehub\datasets\piyushagni5\berlin-database-of-emotional-speech-emodb\versions\1\wav\13b01Ec.wav
C:\Users\ngovi\.cache\kagglehub\datasets\piyushagni5\berlin-database-of-emotional-speech-emodb\versions\1\wav\09b03Nb.wav,EmoDB,N,09,C:\Users\ngovi\.cache\kagglehub\datasets\piyushagni5\berlin-database-of-emotional-speech-emodb\versions\1\wav\09b03Nb.wav
C:\Users\ngovi\.cache\kagglehub\datasets\piyushagni5\berlin-database-of-emotional-speech-emodb\versions\1\wav\16a05Fc.wav,EmoDB,F,16,C:\Users\ngovi\.cache\kagglehub\datasets\piyushagni5\berlin-database-of-emotional-speech-emodb\versions\1\wav\16a05Fc.wav
C:\Users\ngovi\.cache\kagglehub\datasets\piyushagni5\berlin-database-of-emotional-speech-emodb\versions\1\wav\14a01Wc.wav,EmoDB,W,14,C:\Users\ngovi\.cache\kagglehub\datasets\piyushagni5\berlin-database-of-emotional-speech-emodb\versions\1\wav\14a01Wc.wav
C:\Users\ngovi\.cache\kagglehub\datasets\piyushagni5\berlin-database-of-emotional-speech-emodb\versions\1\wav\13a04Ac.wav,EmoDB,A,13,C:\Users\ngovi\.cache\kagglehub\datasets\piyushagni5\berlin-database-of-emotional-speech-emodb\versions\1\wav\13a04Ac.wav
C:\Users\ngovi\.cache\kagglehub\datasets\piyushagni5\berlin-database-of-emotional-speech-emodb\versions\1\wav\16a07La.wav,EmoDB,L,16,C:\Users\ngovi\.cache\kagglehub\datasets\piyushagni5\berlin-database-of-emotional-speech-emodb\versions\1\wav\16a07La.wav
C:\Users\ngovi\.cache\kagglehub\datasets\piyushagni5\berlin-database-of-emotional-speech-emodb\versions\1\wav\13a02Wa.wav,EmoDB,W,13,C:\Users\ngovi\.cache\kagglehub\datasets\piyushagni5\berlin-database-of-emotional-speech-emodb\versions\1\wav\13a02Wa.wav
C:\Users\ngovi\.cache\kagglehub\datasets\piyushagni5\berlin-database-of-emotional-speech-emodb\versions\1\wav\03b03Wc.wav,EmoDB,W,03,C:\Users\ngovi\.cache\kagglehub\datasets\piyushagni5\berlin-database-of-emotional-speech-emodb\versions\1\wav\03b03Wc.wav
C:\Users\ngovi\.cache\kagglehub\datasets\piyushagni5\berlin-database-of-emotional-speech-emodb\versions\1\wav\09a07Eb.wav,EmoDB,E,09,C:\Users\ngovi\.cache\kagglehub\datasets\piyushagni5\berlin-database-of-emotional-speech-emodb\versions\1\wav\09a07Eb.wav
C:\Users\ngovi\.cache\kagglehub\datasets\piyushagni5\berlin-database-of-emotional-speech-emodb\versions\1\wav\16b02Eb.wav,EmoDB,E,16,C:\Users\ngovi\.cache\kagglehub\datasets\piyushagni5\berlin-database-of-emotional-speech-emodb\versions\1\wav\16b02Eb.wav
C:\Users\ngovi\.cache\kagglehub\datasets\piyushagni5\berlin-database-of-emotional-speech-emodb\versions\1\wav\13b09Na.wav,EmoDB,N,13,C:\Users\ngovi\.cache\kagglehub\datasets\piyushagni5\berlin-database-of-emotional-speech-emodb\versions\1\wav\13b09Na.wav
C:\Users\ngovi\.cache\kagglehub\datasets\piyushagni5\berlin-database-of-emotional-speech-emodb\versions\1\wav\03b02Tb.wav,EmoDB,T,03,C:\Users\ngovi\.cache\kagglehub\datasets\piyushagni5\berlin-database-of-emotional-speech-emodb\versions\1\wav\03b02Tb.wav
C:\Users\ngovi\.cache\kagglehub\datasets\piyushagni5\berlin-database-of-emotional-speech-emodb\versions\1\wav\08a07Wc.wav,EmoDB,W,08,C:\Users\ngovi\.cache\kagglehub\datasets\piyushagni5\berlin-database-of-emotional-speech-emodb\versions\1\wav\08a07Wc.wav
C:\Users\ngovi\.cache\kagglehub\datasets\piyushagni5\berlin-database-of-emotional-speech-emodb\versions\1\wav\03b03Tc.wav,EmoDB,T,03,C:\Users\ngovi\.cache\kagglehub\datasets\piyushagni5\berlin-database-of-emotional-speech-emodb\versions\1\wav\03b03Tc.wav
C:\Users\ngovi\.cache\kagglehub\datasets\piyushagni5\berlin-database-of-emotional-speech-emodb\versions\1\wav\12a02Ac.wav,EmoDB,A,12,C:\Users\ngovi\.cache\kagglehub\datasets\piyushagni5\berlin-database-of-emotional-speech-emodb\versions\1\wav\12a02Ac.wav
C:\Users\ngovi\.cache\kagglehub\datasets\piyushagni5\berlin-database-of-emotional-speech-emodb\versions\1\wav\09a05Lc.wav,EmoDB,L,09,C:\Users\ngovi\.cache\kagglehub\datasets\piyushagni5\berlin-database-of-emotional-speech-emodb\versions\1\wav\09a05Lc.wav
C:\Users\ngovi\.cache\kagglehub\datasets\piyushagni5\berlin-database-of-emotional-speech-emodb\versions\1\wav\15a01Wa.wav,EmoDB,W,15,C:\Users\ngovi\.cache\kagglehub\datasets\piyushagni5\berlin-database-of-emotional-speech-emodb\versions\1\wav\15a01Wa.wav
C:\Users\ngovi\.cache\kagglehub\datasets\piyushagni5\berlin-database-of-emotional-speech-emodb\versions\1\wav\11b02Ab.wav,EmoDB,A,11,C:\Users\ngovi\.cache\kagglehub\datasets\piyushagni5\berlin-database-of-emotional-speech-emodb\versions\1\wav\11b02Ab.wav
C:\Users\ngovi\.cache\kagglehub\datasets\piyushagni5\berlin-database-of-emotional-speech-emodb\versions\1\wav\03b01Nb.wav,EmoDB,N,03,C:\Users\ngovi\.cache\kagglehub\datasets\piyushagni5\berlin-database-of-emotional-speech-emodb\versions\1\wav\03b01Nb.wav
C:\Users\ngovi\.cache\kagglehub\datasets\piyushagni5\berlin-database-of-emotional-speech-emodb\versions\1\wav\15b09La.wav,EmoDB,L,15,C:\Users\ngovi\.cache\kagglehub\datasets\piyushagni5\berlin-database-of-emotional-speech-emodb\versions\1\wav\15b09La.wav
C:\Users\ngovi\.cache\kagglehub\datasets\piyushagni5\berlin-database-of-emotional-speech-emodb\versions\1\wav\16a04La.wav,EmoDB,L,16,C:\Users\ngovi\.cache\kagglehub\datasets\piyushagni5\berlin-database-of-emotional-speech-emodb\versions\1\wav\16a04La.wav
C:\Users\ngovi\.cache\kagglehub\datasets\piyushagni5\berlin-database-of-emotional-speech-emodb\versions\1\wav\13b01Wa.wav,EmoDB,W,13,C:\Users\ngovi\.cache\kagglehub\datasets\piyushagni5\berlin-database-of-emotional-speech-emodb\versions\1\wav\13b01Wa.wav
C:\Users\ngovi\.cache\kagglehub\datasets\piyushagni5\berlin-database-of-emotional-speech-emodb\versions\1\wav\09a04Wa.wav,EmoDB,W,09,C:\Users\ngovi\.cache\kagglehub\datasets\piyushagni5\berlin-database-of-emotional-speech-emodb\versions\1\wav\09a04Wa.wav
C:\Users\ngovi\.cache\kagglehub\datasets\piyushagni5\berlin-database-of-emotional-speech-emodb\versions\1\wav\14a05Aa.wav,EmoDB,A,14,C:\Users\ngovi\.cache\kagglehub\datasets\piyushagni5\berlin-database-of-emotional-speech-emodb\versions\1\wav\14a05Aa.wav
C:\Users\ngovi\.cache\kagglehub\datasets\piyushagni5\berlin-database-of-emotional-speech-emodb\versions\1\wav\16b02Fd.wav,EmoDB,F,16,C:\Users\ngovi\.cache\kagglehub\datasets\piyushagni5\berlin-database-of-emotional-speech-emodb\versions\1\wav\16b02Fd.wav
C:\Users\ngovi\.cache\kagglehub\datasets\piyushagni5\berlin-database-of-emotional-speech-emodb\versions\1\wav\13b02Lc.wav,EmoDB,L,13,C:\Users\ngovi\.cache\kagglehub\datasets\piyushagni5\berlin-database-of-emotional-speech-emodb\versions\1\wav\13b02Lc.wav
C:\Users\ngovi\.cache\kagglehub\datasets\piyushagni5\berlin-database-of-emotional-speech-emodb\versions\1\wav\03a02Nc.wav,EmoDB,N,03,C:\Users\ngovi\.cache\kagglehub\datasets\piyushagni5\berlin-database-of-emotional-speech-emodb\versions\1\wav\03a02Nc.wav
C:\Users\ngovi\.cache\kagglehub\datasets\piyushagni5\berlin-database-of-emotional-speech-emodb\versions\1\wav\11b03Lc.wav,EmoDB,L,11,C:\Users\ngovi\.cache\kagglehub\datasets\piyushagni5\berlin-database-of-emotional-speech-emodb\versions\1\wav\11b03Lc.wav
C:\Users\ngovi\.cache\kagglehub\datasets\piyushagni5\berlin-database-of-emotional-speech-emodb\versions\1\wav\10b02Wb.wav,EmoDB,W,10,C:\Users\ngovi\.cache\kagglehub\datasets\piyushagni5\berlin-database-of-emotional-speech-emodb\versions\1\wav\10b02Wb.wav
C:\Users\ngovi\.cache\kagglehub\datasets\piyushagni5\berlin-database-of-emotional-speech-emodb\versions\1\wav\08b10La.wav,EmoDB,L,08,C:\Users\ngovi\.cache\kagglehub\datasets\piyushagni5\berlin-database-of-emotional-speech-emodb\versions\1\wav\08b10La.wav
C:\Users\ngovi\.cache\kagglehub\datasets\piyushagni5\berlin-database-of-emotional-speech-emodb\versions\1\wav\12a02Nb.wav,EmoDB,N,12,C:\Users\ngovi\.cache\kagglehub\datasets\piyushagni5\berlin-database-of-emotional-speech-emodb\versions\1\wav\12a02Nb.wav
C:\Users\ngovi\.cache\kagglehub\datasets\piyushagni5\berlin-database-of-emotional-speech-emodb\versions\1\wav\08a07Tb.wav,EmoDB,T,08,C:\Users\ngovi\.cache\kagglehub\datasets\piyushagni5\berlin-database-of-emotional-speech-emodb\versions\1\wav\08a07Tb.wav
C:\Users\ngovi\.cache\kagglehub\datasets\piyushagni5\berlin-database-of-emotional-speech-emodb\versions\1\wav\03b09Nc.wav,EmoDB,N,03,C:\Users\ngovi\.cache\kagglehub\datasets\piyushagni5\berlin-database-of-emotional-speech-emodb\versions\1\wav\03b09Nc.wav
C:\Users\ngovi\.cache\kagglehub\datasets\piyushagni5\berlin-database-of-emotional-speech-emodb\versions\1\wav\10b09Wb.wav,EmoDB,W,10,C:\Users\ngovi\.cache\kagglehub\datasets\piyushagni5\berlin-database-of-emotional-speech-emodb\versions\1\wav\10b09Wb.wav
C:\Users\ngovi\.cache\kagglehub\datasets\piyushagni5\berlin-database-of-emotional-speech-emodb\versions\1\wav\12a02Ec.wav,EmoDB,E,12,C:\Users\ngovi\.cache\kagglehub\datasets\piyushagni5\berlin-database-of-emotional-speech-emodb\versions\1\wav\12a02Ec.wav
C:\Users\ngovi\.cache\kagglehub\datasets\piyushagni5\berlin-database-of-emotional-speech-emodb\versions\1\wav\09a01Fa.wav,EmoDB,F,09,C:\Users\ngovi\.cache\kagglehub\datasets\piyushagni5\berlin-database-of-emotional-speech-emodb\versions\1\wav\09a01Fa.wav
C:\Users\ngovi\.cache\kagglehub\datasets\piyushagni5\berlin-database-of-emotional-speech-emodb\versions\1\wav\11b03Td.wav,EmoDB,T,11,C:\Users\ngovi\.cache\kagglehub\datasets\piyushagni5\berlin-database-of-emotional-speech-emodb\versions\1\wav\11b03Td.wav
C:\Users\ngovi\.cache\kagglehub\datasets\piyushagni5\berlin-database-of-emotional-speech-emodb\versions\1\wav\11a02Ld.wav,EmoDB,L,11,C:\Users\ngovi\.cache\kagglehub\datasets\piyushagni5\berlin-database-of-emotional-speech-emodb\versions\1\wav\11a02Ld.wav
C:\Users\ngovi\.cache\kagglehub\datasets\piyushagni5\berlin-database-of-emotional-speech-emodb\versions\1\wav\14a05Fa.wav,EmoDB,F,14,C:\Users\ngovi\.cache\kagglehub\datasets\piyushagni5\berlin-database-of-emotional-speech-emodb\versions\1\wav\14a05Fa.wav
C:\Users\ngovi\.cache\kagglehub\datasets\piyushagni5\berlin-database-of-emotional-speech-emodb\versions\1\wav\16a07Fa.wav,EmoDB,F,16,C:\Users\ngovi\.cache\kagglehub\datasets\piyushagni5\berlin-database-of-emotional-speech-emodb\versions\1\wav\16a07Fa.wav
C:\Users\ngovi\.cache\kagglehub\datasets\piyushagni5\berlin-database-of-emotional-speech-emodb\versions\1\wav\11b03Wb.wav,EmoDB,W,11,C:\Users\ngovi\.cache\kagglehub\datasets\piyushagni5\berlin-database-of-emotional-speech-emodb\versions\1\wav\11b03Wb.wav
C:\Users\ngovi\.cache\kagglehub\datasets\piyushagni5\berlin-database-of-emotional-speech-emodb\versions\1\wav\08b01Fd.wav,EmoDB,F,08,C:\Users\ngovi\.cache\kagglehub\datasets\piyushagni5\berlin-database-of-emotional-speech-emodb\versions\1\wav\08b01Fd.wav
C:\Users\ngovi\.cache\kagglehub\datasets\piyushagni5\berlin-database-of-emotional-speech-emodb\versions\1\wav\11b02Na.wav,EmoDB,N,11,C:\Users\ngovi\.cache\kagglehub\datasets\piyushagni5\berlin-database-of-emotional-speech-emodb\versions\1\wav\11b02Na.wav
C:\Users\ngovi\.cache\kagglehub\datasets\piyushagni5\berlin-database-of-emotional-speech-emodb\versions\1\wav\16a07Ea.wav,EmoDB,E,16,C:\Users\ngovi\.cache\kagglehub\datasets\piyushagni5\berlin-database-of-emotional-speech-emodb\versions\1\wav\16a07Ea.wav
C:\Users\ngovi\.cache\kagglehub\datasets\piyushagni5\berlin-database-of-emotional-speech-emodb\versions\1\wav\15b02Wc.wav,EmoDB,W,15,C:\Users\ngovi\.cache\kagglehub\datasets\piyushagni5\berlin-database-of-emotional-speech-emodb\versions\1\wav\15b02Wc.wav
C:\Users\ngovi\.cache\kagglehub\datasets\piyushagni5\berlin-database-of-emotional-speech-emodb\versions\1\wav\08a05Nb.wav,EmoDB,N,08,C:\Users\ngovi\.cache\kagglehub\datasets\piyushagni5\berlin-database-of-emotional-speech-emodb\versions\1\wav\08a05Nb.wav
C:\Users\ngovi\.cache\kagglehub\datasets\piyushagni5\berlin-database-of-emotional-speech-emodb\versions\1\wav\16a05Ab.wav,EmoDB,A,16,C:\Users\ngovi\.cache\kagglehub\datasets\piyushagni5\berlin-database-of-emotional-speech-emodb\versions\1\wav\16a05Ab.wav
C:\Users\ngovi\.cache\kagglehub\datasets\piyushagni5\berlin-database-of-emotional-speech-emodb\versions\1\wav\11a05Na.wav,EmoDB,N,11,C:\Users\ngovi\.cache\kagglehub\datasets\piyushagni5\berlin-database-of-emotional-speech-emodb\versions\1\wav\11a05Na.wav
C:\Users\ngovi\.cache\kagglehub\datasets\piyushagni5\berlin-database-of-emotional-speech-emodb\versions\1\wav\15a02Na.wav,EmoDB,N,15,C:\Users\ngovi\.cache\kagglehub\datasets\piyushagni5\berlin-database-of-emotional-speech-emodb\versions\1\wav\15a02Na.wav
C:\Users\ngovi\.cache\kagglehub\datasets\piyushagni5\berlin-database-of-emotional-speech-emodb\versions\1\wav\10a05Wb.wav,EmoDB,W,10,C:\Users\ngovi\.cache\kagglehub\datasets\piyushagni5\berlin-database-of-emotional-speech-emodb\versions\1\wav\10a05Wb.wav
C:\Users\ngovi\.cache\kagglehub\datasets\piyushagni5\berlin-database-of-emotional-speech-emodb\versions\1\wav\14a05Tc.wav,EmoDB,T,14,C:\Users\ngovi\.cache\kagglehub\datasets\piyushagni5\berlin-database-of-emotional-speech-emodb\versions\1\wav\14a05Tc.wav
C:\Users\ngovi\.cache\kagglehub\datasets\piyushagni5\berlin-database-of-emotional-speech-emodb\versions\1\wav\13b01Fc.wav,EmoDB,F,13,C:\Users\ngovi\.cache\kagglehub\datasets\piyushagni5\berlin-database-of-emotional-speech-emodb\versions\1\wav\13b01Fc.wav
C:\Users\ngovi\.cache\kagglehub\datasets\piyushagni5\berlin-database-of-emotional-speech-emodb\versions\1\wav\11b10Ae.wav,EmoDB,A,11,C:\Users\ngovi\.cache\kagglehub\datasets\piyushagni5\berlin-database-of-emotional-speech-emodb\versions\1\wav\11b10Ae.wav
C:\Users\ngovi\.cache\kagglehub\datasets\piyushagni5\berlin-database-of-emotional-speech-emodb\versions\1\wav\08b02Tc.wav,EmoDB,T,08,C:\Users\ngovi\.cache\kagglehub\datasets\piyushagni5\berlin-database-of-emotional-speech-emodb\versions\1\wav\08b02Tc.wav
C:\Users\ngovi\.cache\kagglehub\datasets\piyushagni5\berlin-database-of-emotional-speech-emodb\versions\1\wav\13b01Ab.wav,EmoDB,A,13,C:\Users\ngovi\.cache\kagglehub\datasets\piyushagni5\berlin-database-of-emotional-speech-emodb\versions\1\wav\13b01Ab.wav
C:\Users\ngovi\.cache\kagglehub\datasets\piyushagni5\berlin-database-of-emotional-speech-emodb\versions\1\wav\11a05Ad.wav,EmoDB,A,11,C:\Users\ngovi\.cache\kagglehub\datasets\piyushagni5\berlin-database-of-emotional-speech-emodb\versions\1\wav\11a05Ad.wav
C:\Users\ngovi\.cache\kagglehub\datasets\piyushagni5\berlin-database-of-emotional-speech-emodb\versions\1\wav\03a04Wc.wav,EmoDB,W,03,C:\Users\ngovi\.cache\kagglehub\datasets\piyushagni5\berlin-database-of-emotional-speech-emodb\versions\1\wav\03a04Wc.wav
C:\Users\ngovi\.cache\kagglehub\datasets\piyushagni5\berlin-database-of-emotional-speech-emodb\versions\1\wav\08a07La.wav,EmoDB,L,08,C:\Users\ngovi\.cache\kagglehub\datasets\piyushagni5\berlin-database-of-emotional-speech-emodb\versions\1\wav\08a07La.wav
C:\Users\ngovi\.cache\kagglehub\datasets\piyushagni5\berlin-database-of-emotional-speech-emodb\versions\1\wav\15a01Ea.wav,EmoDB,E,15,C:\Users\ngovi\.cache\kagglehub\datasets\piyushagni5\berlin-database-of-emotional-speech-emodb\versions\1\wav\15a01Ea.wav
C:\Users\ngovi\.cache\kagglehub\datasets\piyushagni5\berlin-database-of-emotional-speech-emodb\versions\1\wav\16b01Tb.wav,EmoDB,T,16,C:\Users\ngovi\.cache\kagglehub\datasets\piyushagni5\berlin-database-of-emotional-speech-emodb\versions\1\wav\16b01Tb.wav
C:\Users\ngovi\.cache\kagglehub\datasets\piyushagni5\berlin-database-of-emotional-speech-emodb\versions\1\wav\08b10Nc.wav,EmoDB,N,08,C:\Users\ngovi\.cache\kagglehub\datasets\piyushagni5\berlin-database-of-emotional-speech-emodb\versions\1\wav\08b10Nc.wav
C:\Users\ngovi\.cache\kagglehub\datasets\piyushagni5\berlin-database-of-emotional-speech-emodb\versions\1\wav\15a01Fb.wav,EmoDB,F,15,C:\Users\ngovi\.cache\kagglehub\datasets\piyushagni5\berlin-database-of-emotional-speech-emodb\versions\1\wav\15a01Fb.wav
C:\Users\ngovi\.cache\kagglehub\datasets\piyushagni5\berlin-database-of-emotional-speech-emodb\versions\1\wav\12a01Lb.wav,EmoDB,L,12,C:\Users\ngovi\.cache\kagglehub\datasets\piyushagni5\berlin-database-of-emotional-speech-emodb\versions\1\wav\12a01Lb.wav
C:\Users\ngovi\.cache\kagglehub\datasets\piyushagni5\berlin-database-of-emotional-speech-emodb\versions\1\wav\10b02Aa.wav,EmoDB,A,10,C:\Users\ngovi\.cache\kagglehub\datasets\piyushagni5\berlin-database-of-emotional-speech-emodb\versions\1\wav\10b02Aa.wav
C:\Users\ngovi\.cache\kagglehub\datasets\piyushagni5\berlin-database-of-emotional-speech-emodb\versions\1\wav\09a07Wd.wav,EmoDB,W,09,C:\Users\ngovi\.cache\kagglehub\datasets\piyushagni5\berlin-database-of-emotional-speech-emodb\versions\1\wav\09a07Wd.wav
C:\Users\ngovi\.cache\kagglehub\datasets\piyushagni5\berlin-database-of-emotional-speech-emodb\versions\1\wav\09a02La.wav,EmoDB,L,09,C:\Users\ngovi\.cache\kagglehub\datasets\piyushagni5\berlin-database-of-emotional-speech-emodb\versions\1\wav\09a02La.wav
C:\Users\ngovi\.cache\kagglehub\datasets\piyushagni5\berlin-database-of-emotional-speech-emodb\versions\1\wav\08b01Lb.wav,EmoDB,L,08,C:\Users\ngovi\.cache\kagglehub\datasets\piyushagni5\berlin-database-of-emotional-speech-emodb\versions\1\wav\08b01Lb.wav
C:\Users\ngovi\.cache\kagglehub\datasets\piyushagni5\berlin-database-of-emotional-speech-emodb\versions\1\wav\03a02Wb.wav,EmoDB,W,03,C:\Users\ngovi\.cache\kagglehub\datasets\piyushagni5\berlin-database-of-emotional-speech-emodb\versions\1\wav\03a02Wb.wav
C:\Users\ngovi\.cache\kagglehub\datasets\piyushagni5\berlin-database-of-emotional-speech-emodb\versions\1\wav\14a07Lc.wav,EmoDB,L,14,C:\Users\ngovi\.cache\kagglehub\datasets\piyushagni5\berlin-database-of-emotional-speech-emodb\versions\1\wav\14a07Lc.wav
C:\Users\ngovi\.cache\kagglehub\datasets\piyushagni5\berlin-database-of-emotional-speech-emodb\versions\1\wav\11a07Wc.wav,EmoDB,W,11,C:\Users\ngovi\.cache\kagglehub\datasets\piyushagni5\berlin-database-of-emotional-speech-emodb\versions\1\wav\11a07Wc.wav
C:\Users\ngovi\.cache\kagglehub\datasets\piyushagni5\berlin-database-of-emotional-speech-emodb\versions\1\wav\14a02La.wav,EmoDB,L,14,C:\Users\ngovi\.cache\kagglehub\datasets\piyushagni5\berlin-database-of-emotional-speech-emodb\versions\1\wav\14a02La.wav
C:\Users\ngovi\.cache\kagglehub\datasets\piyushagni5\berlin-database-of-emotional-speech-emodb\versions\1\wav\13b10Wa.wav,EmoDB,W,13,C:\Users\ngovi\.cache\kagglehub\datasets\piyushagni5\berlin-database-of-emotional-speech-emodb\versions\1\wav\13b10Wa.wav
C:\Users\ngovi\.cache\kagglehub\datasets\piyushagni5\berlin-database-of-emotional-speech-emodb\versions\1\wav\14a05Na.wav,EmoDB,N,14,C:\Users\ngovi\.cache\kagglehub\datasets\piyushagni5\berlin-database-of-emotional-speech-emodb\versions\1\wav\14a05Na.wav
C:\Users\ngovi\.cache\kagglehub\datasets\piyushagni5\berlin-database-of-emotional-speech-emodb\versions\1\wav\15b02Nd.wav,EmoDB,N,15,C:\Users\ngovi\.cache\kagglehub\datasets\piyushagni5\berlin-database-of-emotional-speech-emodb\versions\1\wav\15b02Nd.wav
C:\Users\ngovi\.cache\kagglehub\datasets\piyushagni5\berlin-database-of-emotional-speech-emodb\versions\1\wav\08a01Wa.wav,EmoDB,W,08,C:\Users\ngovi\.cache\kagglehub\datasets\piyushagni5\berlin-database-of-emotional-speech-emodb\versions\1\wav\08a01Wa.wav
C:\Users\ngovi\.cache\kagglehub\datasets\piyushagni5\berlin-database-of-emotional-speech-emodb\versions\1\wav\15b09Ta.wav,EmoDB,T,15,C:\Users\ngovi\.cache\kagglehub\datasets\piyushagni5\berlin-database-of-emotional-speech-emodb\versions\1\wav\15b09Ta.wav
C:\Users\ngovi\.cache\kagglehub\datasets\piyushagni5\berlin-database-of-emotional-speech-emodb\versions\1\wav\10a02Ab.wav,EmoDB,A,10,C:\Users\ngovi\.cache\kagglehub\datasets\piyushagni5\berlin-database-of-emotional-speech-emodb\versions\1\wav\10a02Ab.wav
C:\Users\ngovi\.cache\kagglehub\datasets\piyushagni5\berlin-database-of-emotional-speech-emodb\versions\1\wav\16a04Ab.wav,EmoDB,A,16,C:\Users\ngovi\.cache\kagglehub\datasets\piyushagni5\berlin-database-of-emotional-speech-emodb\versions\1\wav\16a04Ab.wav
C:\Users\ngovi\.cache\kagglehub\datasets\piyushagni5\berlin-database-of-emotional-speech-emodb\versions\1\wav\11b10Td.wav,EmoDB,T,11,C:\Users\ngovi\.cache\kagglehub\datasets\piyushagni5\berlin-database-of-emotional-speech-emodb\versions\1\wav\11b10Td.wav
C:\Users\ngovi\.cache\kagglehub\datasets\piyushagni5\berlin-database-of-emotional-speech-emodb\versions\1\wav\15a04Nc.wav,EmoDB,N,15,C:\Users\ngovi\.cache\kagglehub\datasets\piyushagni5\berlin-database-of-emotional-speech-emodb\versions\1\wav\15a04Nc.wav
C:\Users\ngovi\.cache\kagglehub\datasets\piyushagni5\berlin-database-of-emotional-speech-emodb\versions\1\wav\03a07Fb.wav,EmoDB,F,03,C:\Users\ngovi\.cache\kagglehub\datasets\piyushagni5\berlin-database-of-emotional-speech-emodb\versions\1\wav\03a07Fb.wav
C:\Users\ngovi\.cache\kagglehub\datasets\piyushagni5\berlin-database-of-emotional-speech-emodb\versions\1\wav\16b10Fb.wav,EmoDB,F,16,C:\Users\ngovi\.cache\kagglehub\datasets\piyushagni5\berlin-database-of-emotional-speech-emodb\versions\1\wav\16b10Fb.wav
C:\Users\ngovi\.cache\kagglehub\datasets\piyushagni5\berlin-database-of-emotional-speech-emodb\versions\1\wav\10b02Na.wav,EmoDB,N,10,C:\Users\ngovi\.cache\kagglehub\datasets\piyushagni5\berlin-database-of-emotional-speech-emodb\versions\1\wav\10b02Na.wav
C:\Users\ngovi\.cache\kagglehub\datasets\piyushagni5\berlin-database-of-emotional-speech-emodb\versions\1\wav\10b03Wb.wav,EmoDB,W,10,C:\Users\ngovi\.cache\kagglehub\datasets\piyushagni5\berlin-database-of-emotional-speech-emodb\versions\1\wav\10b03Wb.wav
C:\Users\ngovi\.cache\kagglehub\datasets\piyushagni5\berlin-database-of-emotional-speech-emodb\versions\1\wav\03a05Nd.wav,EmoDB,N,03,C:\Users\ngovi\.cache\kagglehub\datasets\piyushagni5\berlin-database-of-emotional-speech-emodb\versions\1\wav\03a05Nd.wav
