filepath,emotion,features
processed_emodb\16a01Ec.wav,E,"[-199.4928741455078, 95.52881622314453, -55.45964813232422, 37.569862365722656, -14.263049125671387, 16.124801635742188, -25.76058006286621, -9.875568389892578, -9.172555923461914, -6.935327529907227, 1.0794168710708618, -0.9829088449478149, -4.256462097167969, 104.7889633178711, 54.618011474609375, 39.89096450805664, 36.722206115722656, 25.035892486572266, 20.65833282470703, 17.24040412902832, 19.260231018066406, 11.747440338134766, 15.287707328796387, 9.973305702209473, 7.4385199546813965, 11.259599685668945, 0.37032797932624817, 0.3366970121860504, 0.3364494740962982, 0.37335941195487976, 0.3655078113079071, 0.3706015348434448, 0.31376785039901733, 0.3347678482532501, 0.37931588292121887, 0.3997924327850342, 0.44969460368156433, 0.4211721420288086, 0.33049872517585754, 0.31598570942878723, 0.3184073269367218, 0.35316064953804016, 0.33206161856651306, 0.3681376278400421, 0.32503989338874817, 0.32262900471687317, 0.3430711328983307, 0.34168803691864014, 0.34803488850593567, 0.3474068343639374, 1844.6196203567263, 979.6881028505661, 3432.9052734375, 1579.646403697829, 0.08525855654761905, 0.09422461838964664]"
processed_emodb\08a01Fd.wav,F,"[-239.4112091064453, 85.0867691040039, -16.915790557861328, 41.84884262084961, -9.001233100891113, 19.1198787689209, -7.169435024261475, 8.469165802001953, -1.6156973838806152, 2.1685476303100586, 4.948518753051758, 0.970124363899231, 8.876886367797852, 153.72067260742188, 56.06753921508789, 43.53504943847656, 28.28544807434082, 32.67950439453125, 15.488144874572754, 22.198925018310547, 12.055071830749512, 14.630668640136719, 15.960351943969727, 9.343216896057129, 10.481232643127441, 10.35568904876709, 0.47497260570526123, 0.4499046206474304, 0.43402981758117676, 0.4860016107559204, 0.5327808856964111, 0.49586907029151917, 0.42291969060897827, 0.3542729914188385, 0.3067808449268341, 0.2956652343273163, 0.3571487367153168, 0.471261203289032, 0.2815554440021515, 0.287111759185791, 0.36735793948173523, 0.3996001183986664, 0.4164675772190094, 0.3445204198360443, 0.32348141074180603, 0.28666043281555176, 0.2699797451496124, 0.26554611325263977, 0.2727648913860321, 0.3286847770214081, 1664.9909478351804, 1109.5237910416126, 3251.621337890625, 1620.619606644979, 0.0751220703125, 0.11391268519680875]"
processed_emodb\13a04Ta.wav,T,"[-209.62496948242188, 115.00711059570312, -11.721663475036621, 58.098331451416016, -7.152895927429199, 32.789634704589844, -2.3537003993988037, 8.762784957885742, -2.6740362644195557, 0.02576313354074955, 10.996016502380371, 2.7257680892944336, -0.4675917327404022, 111.10648345947266, 36.128299713134766, 28.387935638427734, 27.361722946166992, 24.88969612121582, 15.956277847290039, 16.957063674926758, 10.498483657836914, 10.402402877807617, 11.336958885192871, 9.283516883850098, 7.383586883544922, 13.894818305969238, 0.39765334129333496, 0.42478346824645996, 0.46385228633880615, 0.5085434317588806, 0.6037439107894897, 0.7526670098304749, 0.7542926073074341, 0.6384412050247192, 0.5213364958763123, 0.43576738238334656, 0.38580483198165894, 0.36424148082733154, 0.3411358892917633, 0.36288008093833923, 0.38635382056236267, 0.37640273571014404, 0.32958531379699707, 0.2993601858615875, 0.27695903182029724, 0.3443167805671692, 0.3655463755130768, 0.3589301109313965, 0.33935946226119995, 0.3224650025367737, 1060.8775482715112, 923.4882910836599, 2160.8481802591464, 1946.4643389566584, 0.015926702235772357, 0.01724543316523117]"
processed_emodb\14b03Ta.wav,T,"[-220.29653930664062, 119.16991424560547, -4.018867015838623, 51.95631408691406, -10.139118194580078, 36.21107482910156, -1.1449016332626343, 6.9922709465026855, -5.696326732635498, -0.634454071521759, 11.016444206237793, -1.6967172622680664, 8.248679161071777, 114.07325744628906, 46.271183013916016, 29.74401092529297, 27.007991790771484, 27.62900733947754, 21.02432632446289, 19.653839111328125, 12.741485595703125, 12.08431339263916, 11.431294441223145, 9.520370483398438, 10.25686264038086, 8.697566032409668, 0.4556284248828888, 0.4423549771308899, 0.4555465579032898, 0.535808265209198, 0.6883999705314636, 0.7159507274627686, 0.6523219347000122, 0.5613405108451843, 0.4843190014362335, 0.42379051446914673, 0.3949204981327057, 0.409010112285614, 0.33141306042671204, 0.33573684096336365, 0.3443892002105713, 0.3379552364349365, 0.34061241149902344, 0.3007650375366211, 0.3328794538974762, 0.3633459210395813, 0.36681482195854187, 0.35199254751205444, 0.32591885328292847, 0.30366915464401245, 952.838876395155, 888.1784600129648, 2004.9047542523733, 1860.7132214816709, 0.0061272085970464135, 0.0070298457352089335]"
processed_emodb\13a05Tc.wav,T,"[-218.9564971923828, 116.1583251953125, -21.744436264038086, 61.9874382019043, -11.605570793151855, 33.93916702270508, -3.8737857341766357, 9.024004936218262, -8.295381546020508, 2.4704549312591553, 8.300192832946777, 4.173590183258057, 4.8379669189453125, 80.09141540527344, 46.417903900146484, 27.72513198852539, 28.647850036621094, 26.48647117614746, 15.810412406921387, 17.607040405273438, 13.913661003112793, 12.6959810256958, 10.160964965820312, 8.892766952514648, 8.437701225280762, 13.988676071166992, 0.3456073999404907, 0.39000892639160156, 0.4597311317920685, 0.5351595282554626, 0.6241977214813232, 0.6732247471809387, 0.5888910889625549, 0.5132796168327332, 0.4968299865722656, 0.4201756715774536, 0.3505423963069916, 0.31301775574684143, 0.3037252128124237, 0.3051998019218445, 0.3261910080909729, 0.32995712757110596, 0.32286959886550903, 0.3473118245601654, 0.32935190200805664, 0.3494711220264435, 0.3747851848602295, 0.3402847647666931, 0.3071402907371521, 0.2721371650695801, 1434.263469364577, 1143.493208580504, 2745.146942138672, 1882.7730225072305, 0.052462259928385414, 0.07745071433597314]"
processed_emodb\14a04Tb.wav,T,"[-212.78822326660156, 130.3675994873047, -15.36428451538086, 56.70241928100586, -12.468287467956543, 38.45258712768555, -3.233138084411621, 4.787313938140869, -2.6256206035614014, -2.8700873851776123, 12.937804222106934, -3.4502370357513428, 4.466052532196045, 106.09220123291016, 46.467872619628906, 30.563405990600586, 27.488901138305664, 29.930295944213867, 18.935178756713867, 19.029266357421875, 12.50986099243164, 9.973705291748047, 11.043216705322266, 14.273038864135742, 10.71640682220459, 8.285956382751465, 0.3557584285736084, 0.3906744420528412, 0.4566255509853363, 0.5875263810157776, 0.7300653457641602, 0.6912880539894104, 0.6078247427940369, 0.5365699529647827, 0.4338531196117401, 0.37791478633880615, 0.37438347935676575, 0.3573940694332123, 0.2909482419490814, 0.29825159907341003, 0.3150070309638977, 0.3323018252849579, 0.31170332431793213, 0.28444400429725647, 0.32308804988861084, 0.3617875277996063, 0.3292989134788513, 0.3365032374858856, 0.3271295130252838, 0.3024599850177765, 1146.1609508086478, 975.6001069314435, 2333.324432373047, 1872.8050697926185, 0.011174519856770834, 0.009958491253548375]"
processed_emodb\11b01Nc.wav,N,"[-201.1931610107422, 138.81507873535156, -17.433624267578125, 74.3826904296875, -0.8532228469848633, 21.118080139160156, -3.8944594860076904, 3.772834062576294, -7.672336578369141, -3.200343370437622, -7.337488651275635, -11.149200439453125, 5.674793243408203, 81.96721649169922, 57.01909255981445, 37.216896057128906, 27.192426681518555, 27.81324005126953, 21.7982120513916, 17.79121208190918, 14.137027740478516, 14.160975456237793, 10.141995429992676, 11.984567642211914, 9.533271789550781, 9.49012565612793, 0.41021743416786194, 0.3987269699573517, 0.3697437345981598, 0.30688413977622986, 0.327646940946579, 0.363239049911499, 0.42125198245048523, 0.4523898661136627, 0.4122939109802246, 0.4088236093521118, 0.4216512143611908, 0.4022989273071289, 0.31178849935531616, 0.3134039640426636, 0.3446146249771118, 0.3035513162612915, 0.32570838928222656, 0.33115261793136597, 0.3455297648906708, 0.35243409872055054, 0.32979869842529297, 0.3211425542831421, 0.32884296774864197, 0.31494614481925964, 1273.7210746086116, 1014.375451674525, 2515.459442138672, 1691.8074563009127, 0.034820556640625, 0.049710668069813856]"
processed_emodb\03b01Fa.wav,F,"[-195.77206420898438, 97.05037689208984, -31.81839942932129, 63.25105667114258, -15.133090019226074, 19.48679542541504, -24.947404861450195, 5.043738842010498, -10.15667724609375, -10.453537940979004, -0.15980076789855957, -10.022446632385254, 2.380153179168701, 98.2383041381836, 46.413455963134766, 33.413726806640625, 28.899635314941406, 31.059799194335938, 16.840431213378906, 19.86127281188965, 12.64279842376709, 12.915445327758789, 14.930920600891113, 12.321002006530762, 9.522761344909668, 12.203083992004395, 0.28317052125930786, 0.28091633319854736, 0.3294943869113922, 0.3347674310207367, 0.34732481837272644, 0.35277074575424194, 0.375187486410141, 0.3927617073059082, 0.4681624174118042, 0.532128632068634, 0.43609124422073364, 0.33379119634628296, 0.3016943037509918, 0.3115537166595459, 0.3601306974887848, 0.35329103469848633, 0.3644147515296936, 0.3745097219944, 0.3806973695755005, 0.3505175709724426, 0.3489552438259125, 0.38403335213661194, 0.3487113118171692, 0.3147973418235779, 1750.9468847684577, 1162.9330152750606, 3298.0633903952207, 1821.8465510285216, 0.06278722426470588, 0.08261754717860847]"
processed_emodb\08a02Na.wav,N,"[-242.15672302246094, 110.71956634521484, -0.9755020141601562, 50.5103645324707, -6.286622524261475, 21.600650787353516, -15.430238723754883, 4.583552360534668, -12.744096755981445, -8.43985366821289, 1.851205825805664, -5.32331657409668, 0.2472633421421051, 115.65269470214844, 41.394020080566406, 31.605106353759766, 29.39794158935547, 33.58381271362305, 15.775833129882812, 29.23807716369629, 13.4338960647583, 13.01551342010498, 16.192724227905273, 9.275152206420898, 8.548941612243652, 9.986215591430664, 0.3401954770088196, 0.43597131967544556, 0.4555346667766571, 0.45373672246932983, 0.43122991919517517, 0.38138115406036377, 0.36541855335235596, 0.3856283724308014, 0.4649752676486969, 0.5012447834014893, 0.5197755694389343, 0.39858871698379517, 0.3324049711227417, 0.39904406666755676, 0.3858773112297058, 0.38044118881225586, 0.39637893438339233, 0.40431028604507446, 0.3994435966014862, 0.36611369252204895, 0.3628171682357788, 0.3334621787071228, 0.35935112833976746, 0.3158324360847473, 1263.8359794604592, 878.6977285723941, 2485.29052734375, 1793.6707282979314, 0.03615159254807692, 0.04590725676938729]"
processed_emodb\15b03Lc.wav,L,"[-213.65321350097656, 137.73255920410156, -18.019914627075195, 56.899723052978516, -16.707481384277344, 25.745054244995117, 8.501916885375977, 11.674546241760254, -7.476228713989258, -2.5160279273986816, 4.500985145568848, 2.5191941261291504, 5.231395244598389, 99.2352066040039, 52.85251235961914, 30.405149459838867, 27.123201370239258, 28.64885711669922, 20.818082809448242, 14.93917465209961, 12.452717781066895, 10.579468727111816, 12.797614097595215, 12.388941764831543, 8.635579109191895, 6.810755729675293, 0.40645021200180054, 0.460846483707428, 0.5311642289161682, 0.5630354881286621, 0.5374273657798767, 0.47558704018592834, 0.4528346359729767, 0.48314496874809265, 0.530575156211853, 0.5263109803199768, 0.42622992396354675, 0.3858860731124878, 0.3078312277793884, 0.3133617043495178, 0.3470223844051361, 0.34059014916419983, 0.30390772223472595, 0.31676220893859863, 0.3157661557197571, 0.3195829689502716, 0.35110974311828613, 0.33376869559288025, 0.2943071722984314, 0.3090938627719879, 1289.831682404, 842.90665161638, 2639.0439576740505, 1541.7516541225452, 0.03266848793512658, 0.03857753541387674]"
processed_emodb\08a05Lc.wav,L,"[-240.46685791015625, 100.72367095947266, -5.022923946380615, 46.1019401550293, -15.592679977416992, 21.742815017700195, -15.077086448669434, 2.927034616470337, -8.326885223388672, -3.8981006145477295, 2.608703136444092, -4.547348499298096, 1.8043787479400635, 85.75445556640625, 55.200843811035156, 39.85658645629883, 33.11713409423828, 30.64278793334961, 16.98887825012207, 19.59600830078125, 14.087943077087402, 10.976468086242676, 13.534019470214844, 10.091719627380371, 8.706480026245117, 12.340974807739258, 0.3651807904243469, 0.3119705617427826, 0.34705260396003723, 0.4122273921966553, 0.39522168040275574, 0.35126394033432007, 0.33048251271247864, 0.37122201919555664, 0.41536062955856323, 0.4470452666282654, 0.45377251505851746, 0.4108784794807434, 0.3473309874534607, 0.3251447379589081, 0.3697899878025055, 0.3895975649356842, 0.3787498474121094, 0.38710659742355347, 0.351284384727478, 0.3725840449333191, 0.3878820538520813, 0.37518489360809326, 0.34314364194869995, 0.32886379957199097, 1258.2802055722539, 1072.9683510184805, 2526.165940089779, 2046.1445425436305, 0.021136373446132596, 0.028267217393329044]"
processed_emodb\09b09Nd.wav,N,"[-215.6738739013672, 125.40533447265625, -10.918488502502441, 62.993473052978516, -0.29160627722740173, 19.33880043029785, -3.8588814735412598, -2.4425833225250244, -2.0988361835479736, 1.6105276346206665, -0.7946257591247559, -2.650862455368042, 3.0052878856658936, 91.29476928710938, 45.40266036987305, 32.949649810791016, 31.558563232421875, 25.230398178100586, 21.637123107910156, 20.939498901367188, 16.53690528869629, 11.505427360534668, 13.754767417907715, 10.859735488891602, 10.296086311340332, 14.802084922790527, 0.34966519474983215, 0.3749679625034332, 0.46622881293296814, 0.6300930976867676, 0.5613934397697449, 0.47707465291023254, 0.4599049687385559, 0.400923490524292, 0.3511292040348053, 0.3510901629924774, 0.3373787999153137, 0.33640581369400024, 0.3055419325828552, 0.288903146982193, 0.31376463174819946, 0.357605516910553, 0.33622413873672485, 0.35843536257743835, 0.36747950315475464, 0.3348550796508789, 0.339023232460022, 0.33454591035842896, 0.2842881977558136, 0.2828108072280884, 1185.858418318793, 936.9051173497016, 2463.435246394231, 1836.3734099444707, 0.019660623664529916, 0.02463371022069966]"
processed_emodb\16b03La.wav,L,"[-216.8795166015625, 103.58524322509766, -37.31881332397461, 59.371463775634766, -25.406536102294922, 14.881114959716797, -7.180385589599609, -14.0218505859375, -9.724416732788086, 5.494077682495117, 4.085026741027832, -5.9338154792785645, -4.783142566680908, 81.96380615234375, 43.3624153137207, 33.09996795654297, 28.168210983276367, 24.655071258544922, 21.888748168945312, 15.762572288513184, 15.991032600402832, 11.752762794494629, 13.542362213134766, 10.400792121887207, 7.553950309753418, 12.270748138427734, 0.2972366213798523, 0.3129667043685913, 0.33821967244148254, 0.34006696939468384, 0.31573694944381714, 0.3131753206253052, 0.3503352701663971, 0.3504319489002228, 0.34609830379486084, 0.3348614573478699, 0.30769243836402893, 0.3078504502773285, 0.3217383325099945, 0.3439566493034363, 0.3782272934913635, 0.36024925112724304, 0.3403497636318207, 0.3390141427516937, 0.3613698482513428, 0.35638123750686646, 0.3639082908630371, 0.3463851511478424, 0.3210150897502899, 0.34741532802581787, 1695.7203210413834, 912.6723674426361, 3603.655795393319, 1315.236051644859, 0.059177442528735635, 0.051471466366149334]"
processed_emodb\11b09Td.wav,T,"[-294.6212158203125, 122.23941040039062, -3.833486795425415, 50.44727325439453, 5.904903411865234, 25.55474281311035, 9.33874225616455, 1.9078177213668823, -3.25311279296875, 3.430584192276001, 8.857307434082031, 6.161360740661621, 0.07505100220441818, 130.6905059814453, 49.24805450439453, 35.661888122558594, 33.863643646240234, 23.73793601989746, 16.792816162109375, 13.735838890075684, 13.490280151367188, 12.998745918273926, 11.021390914916992, 12.039657592773438, 6.406585693359375, 8.160176277160645, 0.4736361503601074, 0.4854239821434021, 0.5191818475723267, 0.5757075548171997, 0.6412546634674072, 0.6526961326599121, 0.6730919480323792, 0.70445716381073, 0.7238379716873169, 0.7305331826210022, 0.6020498871803284, 0.49299007654190063, 0.3178046941757202, 0.3446607291698456, 0.3774120807647705, 0.3770148754119873, 0.3539997935295105, 0.36119911074638367, 0.35707128047943115, 0.32280468940734863, 0.23689734935760498, 0.2632761597633362, 0.27806615829467773, 0.27976930141448975, 787.1107623898071, 811.8325953634461, 1484.3622722896919, 1659.714884002407, 0.012806390699052133, 0.0267043745570185]"
processed_emodb\11b01Eb.wav,E,"[-279.5440368652344, 94.14724731445312, -13.702638626098633, 57.96018981933594, -3.545485496520996, 26.80541229248047, -5.0650248527526855, -0.0706164613366127, -6.185324668884277, -2.712812662124634, -4.35467004776001, -4.769404411315918, 3.114919900894165, 132.93014526367188, 51.72257995605469, 37.60245895385742, 28.686777114868164, 27.784963607788086, 18.778928756713867, 18.130830764770508, 13.94749927520752, 13.82788372039795, 12.22768783569336, 11.823421478271484, 10.421719551086426, 8.836587905883789, 0.45885634422302246, 0.4856155812740326, 0.49884524941444397, 0.48830297589302063, 0.46574991941452026, 0.4404403269290924, 0.4259054958820343, 0.4833325147628784, 0.5537818670272827, 0.5394759774208069, 0.5010901689529419, 0.4473414123058319, 0.32039904594421387, 0.33271345496177673, 0.3431737720966339, 0.3510743975639343, 0.37026941776275635, 0.38463443517684937, 0.3571586608886719, 0.35007089376449585, 0.36079663038253784, 0.33592498302459717, 0.3312116861343384, 0.3237895965576172, 1627.586358210814, 1050.7105161490001, 3288.870516690341, 1529.4308204910087, 0.06935073390151515, 0.08827747919799839]"
processed_emodb\11a02Fb.wav,F,"[-247.32525634765625, 114.01399230957031, -34.59105682373047, 36.18189239501953, -16.686525344848633, 18.198829650878906, -16.07016372680664, 11.790441513061523, -10.471697807312012, -4.718201637268066, 5.271271228790283, -8.551224708557129, 2.5772643089294434, 114.59303283691406, 47.71722412109375, 39.611019134521484, 29.9897518157959, 34.848331451416016, 20.232627868652344, 24.757295608520508, 14.1631498336792, 14.012494087219238, 14.949092864990234, 13.038493156433105, 10.945096969604492, 7.118126392364502, 0.44056782126426697, 0.3963419795036316, 0.39350512623786926, 0.4460565149784088, 0.47329336404800415, 0.48422959446907043, 0.4571109712123871, 0.449940025806427, 0.46081843972206116, 0.41248518228530884, 0.40492233633995056, 0.4703826308250427, 0.35235440731048584, 0.35776615142822266, 0.3480047583580017, 0.3756355941295624, 0.396452397108078, 0.3870853781700134, 0.3678569495677948, 0.368476927280426, 0.38039490580558777, 0.32504433393478394, 0.3059224486351013, 0.3620219826698303, 1295.201251040391, 1042.9348536576683, 2499.9489524147725, 1909.6709668478245, 0.025866223620129872, 0.030072505207916093]"
processed_emodb\13b09Ab.wav,A,"[-192.14846801757812, 99.43846893310547, -26.189945220947266, 55.14027404785156, -10.524955749511719, 25.51926612854004, -9.43709945678711, 11.947651863098145, -4.888426303863525, -2.814906597137451, 3.7891037464141846, -3.1206343173980713, -0.3758038580417633, 122.53076934814453, 35.616729736328125, 35.93110656738281, 21.400888442993164, 19.6166934967041, 15.375069618225098, 15.720864295959473, 9.238123893737793, 11.394610404968262, 10.635075569152832, 7.315093517303467, 8.959083557128906, 11.881928443908691, 0.3807174563407898, 0.3108134865760803, 0.3052009046077728, 0.32167744636535645, 0.332626074552536, 0.3493032455444336, 0.3712403178215027, 0.38131198287010193, 0.4057624936103821, 0.4630454480648041, 0.5828473567962646, 0.5422585606575012, 0.30668243765830994, 0.32630395889282227, 0.3499220311641693, 0.3714778423309326, 0.38347408175468445, 0.3744639754295349, 0.3823988735675812, 0.37110641598701477, 0.357408732175827, 0.3266342580318451, 0.3395722508430481, 0.31734248995780945, 1670.4557389821784, 953.9965289055142, 3377.1240234375, 1675.0326899339732, 0.06962807158119658, 0.07080030807263239]"
processed_emodb\03a05Wb.wav,W,"[-239.02532958984375, 93.94620513916016, -59.39531707763672, 38.125877380371094, -32.92079162597656, 17.067323684692383, -22.106191635131836, -3.3878026008605957, -17.227230072021484, -9.532552719116211, 2.1563072204589844, -6.267943859100342, 0.7206017971038818, 113.84294128417969, 50.91200637817383, 43.58302307128906, 29.617029190063477, 34.071258544921875, 19.481935501098633, 19.59633445739746, 17.18132781982422, 13.90107250213623, 13.566075325012207, 14.615071296691895, 10.77150821685791, 12.979974746704102, 0.38612207770347595, 0.4179653823375702, 0.430330365896225, 0.38642844557762146, 0.3952997028827667, 0.405178040266037, 0.35786929726600647, 0.33537572622299194, 0.3544192612171173, 0.4041539132595062, 0.4029887616634369, 0.3852865695953369, 0.3094172477722168, 0.3131940960884094, 0.32220134139060974, 0.31222760677337646, 0.33522650599479675, 0.3570215106010437, 0.33622533082962036, 0.32934799790382385, 0.3571311831474304, 0.3540135324001312, 0.3314444124698639, 0.3209809958934784, 2045.0956577665793, 994.9623897855918, 3718.8514709472656, 1457.062877972797, 0.10623550415039062, 0.09066785677871649]"
processed_emodb\14a01Na.wav,N,"[-230.96205139160156, 136.33462524414062, -9.102972984313965, 49.56678009033203, -24.441123962402344, 30.369171142578125, -7.678776264190674, -2.4103758335113525, -7.930066108703613, -4.269580841064453, 12.52439022064209, 1.223196268081665, 4.709181308746338, 102.0874252319336, 57.330867767333984, 29.038726806640625, 28.010215759277344, 25.32975959777832, 18.84450340270996, 15.11863899230957, 15.347014427185059, 12.252206802368164, 15.283037185668945, 9.579724311828613, 7.986094951629639, 10.780900955200195, 0.45313936471939087, 0.5452010631561279, 0.5814988017082214, 0.5627050995826721, 0.5974898338317871, 0.6001265645027161, 0.5400111079216003, 0.4093848466873169, 0.35686051845550537, 0.37806761264801025, 0.3706206679344177, 0.3998768627643585, 0.2963608205318451, 0.3575620651245117, 0.3672468662261963, 0.3299176096916199, 0.35469499230384827, 0.368257075548172, 0.39946532249450684, 0.37145835161209106, 0.34386321902275085, 0.31957778334617615, 0.2940784990787506, 0.32043546438217163, 998.3632359969405, 806.6778868735663, 1917.3779296875, 1680.3318485694751, 0.012165178571428572, 0.013125529079320401]"
processed_emodb\14b10Nb.wav,N,"[-204.5667724609375, 130.8227081298828, -7.047501087188721, 65.89098358154297, -9.08895206451416, 18.85411262512207, -11.911333084106445, -2.068831205368042, -7.608476638793945, -12.993460655212402, -0.6910560727119446, -4.178823471069336, 0.943183183670044, 69.50355529785156, 36.2419548034668, 25.335037231445312, 24.2970027923584, 20.154142379760742, 19.092269897460938, 18.966754913330078, 15.594284057617188, 12.87195110321045, 14.269561767578125, 9.88308334350586, 7.678194999694824, 9.879887580871582, 0.2799765467643738, 0.27361544966697693, 0.28869760036468506, 0.3872867524623871, 0.5864570140838623, 0.4838348627090454, 0.3029899597167969, 0.25948894023895264, 0.3464103639125824, 0.4138403832912445, 0.35401982069015503, 0.34128203988075256, 0.29507508873939514, 0.3553083837032318, 0.3351386785507202, 0.32738959789276123, 0.38811933994293213, 0.3747730851173401, 0.33084970712661743, 0.32979995012283325, 0.36665254831314087, 0.4055013656616211, 0.3282049894332886, 0.2931548058986664, 1070.4683873495155, 737.0261187635746, 2380.8706219276687, 1716.1212833812692, 0.01670580231741573, 0.009597523936362195]"
processed_emodb\13b09Wa.wav,W,"[-246.57650756835938, 88.22900390625, -54.441566467285156, 18.13056182861328, -17.271099090576172, -2.954014778137207, -26.206575393676758, -2.9905269145965576, -17.12621307373047, -13.084280014038086, -5.023205757141113, -2.7534091472625732, -4.728904724121094, 99.6129150390625, 31.667617797851562, 46.269256591796875, 26.245868682861328, 23.382984161376953, 19.607051849365234, 15.22196102142334, 13.51755428314209, 14.012487411499023, 14.812858581542969, 9.526973724365234, 9.651912689208984, 11.047699928283691, 0.297071248292923, 0.3211250901222229, 0.3338890075683594, 0.31091660261154175, 0.3860325515270233, 0.4193243682384491, 0.4237833321094513, 0.3924204111099243, 0.27214816212654114, 0.19120001792907715, 0.2090928703546524, 0.2899476885795593, 0.3244468867778778, 0.3233472406864166, 0.313037633895874, 0.3077837824821472, 0.3471342921257019, 0.3504889905452728, 0.352683424949646, 0.3939771354198456, 0.3170609474182129, 0.2644891142845154, 0.26196709275245667, 0.3169593811035156, 1760.7640609024909, 648.3949998992587, 3229.0487436147837, 1150.5384296489153, 0.0936279296875, 0.07618841860639794]"
processed_emodb\15b01Wc.wav,W,"[-194.7700653076172, 72.76374053955078, -40.793827056884766, 63.62949752807617, -9.988805770874023, 21.03748893737793, -25.814533233642578, 6.926377773284912, -13.341748237609863, -9.980822563171387, -9.113492012023926, -9.048613548278809, 3.7387447357177734, 115.99854278564453, 50.84463119506836, 37.953365325927734, 30.416234970092773, 31.095956802368164, 20.120925903320312, 20.1087589263916, 13.890303611755371, 13.6771879196167, 14.774993896484375, 12.7466459274292, 12.131848335266113, 10.169569969177246, 0.3231106400489807, 0.26633748412132263, 0.32517629861831665, 0.42916956543922424, 0.46100595593452454, 0.42809656262397766, 0.3602713942527771, 0.35095012187957764, 0.4182945191860199, 0.4072202742099762, 0.35610589385032654, 0.34228792786598206, 0.318384051322937, 0.2619168758392334, 0.32083791494369507, 0.3677210509777069, 0.342820405960083, 0.33763787150382996, 0.32404884696006775, 0.3392486870288849, 0.37707188725471497, 0.3560226261615753, 0.30227816104888916, 0.29420894384384155, 2282.899330969179, 1240.525550989468, 4077.4253443667762, 1673.8369099956403, 0.1281395627741228, 0.13229290475327768]"
processed_emodb\09a01Wb.wav,W,"[-259.09014892578125, 101.27922058105469, -74.9588623046875, 43.086429595947266, -22.17046546936035, 13.967745780944824, -11.65642261505127, -12.160959243774414, -2.9712908267974854, -0.21163149178028107, 0.1672249585390091, 2.3224291801452637, 3.0489449501037598, 124.87020111083984, 41.01919937133789, 64.4911880493164, 26.435039520263672, 29.354557037353516, 21.206586837768555, 16.003175735473633, 16.597057342529297, 14.06520938873291, 17.532888412475586, 11.707415580749512, 8.437929153442383, 15.15259838104248, 0.5294307470321655, 0.5307531952857971, 0.536858081817627, 0.5562965273857117, 0.5328735709190369, 0.5387777090072632, 0.5107182860374451, 0.5374494791030884, 0.5812429189682007, 0.5660718679428101, 0.47298550605773926, 0.45340460538864136, 0.32766374945640564, 0.343051552772522, 0.3575291931629181, 0.3601827323436737, 0.3516785502433777, 0.3693287968635559, 0.36126846075057983, 0.36452364921569824, 0.3377540409564972, 0.31974175572395325, 0.3147813081741333, 0.3028818964958191, 1150.4753782140142, 833.2510502275243, 2314.3828520903717, 1729.087328465162, 0.01441089527027027, 0.025377074782810764]"
processed_emodb\13b02Fb.wav,F,"[-245.92095947265625, 106.4671401977539, -16.426668167114258, 34.85563278198242, -13.409482955932617, 15.879554748535156, -12.041081428527832, 5.83112907409668, -13.823472023010254, -1.2000221014022827, 4.167525291442871, -3.30325984954834, -0.2821193337440491, 95.75116729736328, 41.44111633300781, 38.65574264526367, 24.79468536376953, 23.957956314086914, 17.357276916503906, 22.129329681396484, 13.36390209197998, 14.140594482421875, 15.205790519714355, 9.030641555786133, 8.01182746887207, 10.864847183227539, 0.3389599621295929, 0.3686940371990204, 0.37951040267944336, 0.3810715079307556, 0.4347357451915741, 0.4215616285800934, 0.4488385021686554, 0.5259565711021423, 0.5673572421073914, 0.5139325857162476, 0.4050725996494293, 0.36358270049095154, 0.32340529561042786, 0.35458412766456604, 0.3676769435405731, 0.36333292722702026, 0.387934148311615, 0.3863750398159027, 0.39114445447921753, 0.38929030299186707, 0.37821701169013977, 0.38741159439086914, 0.34620603919029236, 0.33762842416763306, 1015.0055155982191, 574.9162638738112, 2276.160733011745, 1757.9500416458084, 0.014514078229865772, 0.015493968382665386]"
processed_emodb\13a01Ac.wav,A,"[-228.8807373046875, 105.26410675048828, -46.15656661987305, 50.906211853027344, -29.69694709777832, 26.698440551757812, -12.8844633102417, 12.323561668395996, -8.72338581085205, -5.762414455413818, -3.532411575317383, -2.428649663925171, 4.459412574768066, 103.6968994140625, 45.454246520996094, 38.09075164794922, 27.438854217529297, 25.433574676513672, 17.200437545776367, 17.777311325073242, 12.158574104309082, 14.379880905151367, 13.254096031188965, 7.388547420501709, 8.661959648132324, 12.684223175048828, 0.5376633405685425, 0.5824504494667053, 0.5071805119514465, 0.44132617115974426, 0.3603372573852539, 0.3513409495353699, 0.3469640612602234, 0.33115899562835693, 0.3246197998523712, 0.3134152591228485, 0.3379078805446625, 0.41839146614074707, 0.35692527890205383, 0.3541301190853119, 0.34183269739151, 0.3592236340045929, 0.3424210548400879, 0.373165488243103, 0.3592935800552368, 0.3412950932979584, 0.3460041880607605, 0.3419318199157715, 0.3290468156337738, 0.33948808908462524, 1732.9288669250286, 1001.99723358307, 3455.2874396829043, 1616.7059796766664, 0.07006117876838236, 0.08721000044248886]"
processed_emodb\12b01Wa.wav,W,"[-233.2341766357422, 100.42300415039062, -50.75181579589844, 66.84800720214844, -21.518342971801758, 3.9370932579040527, -20.508373260498047, 15.450613021850586, -24.56543731689453, -0.11104294657707214, -0.4046730101108551, -15.849455833435059, 13.239524841308594, 103.52588653564453, 49.78443908691406, 45.961753845214844, 32.852447509765625, 28.474185943603516, 30.5813045501709, 17.801982879638672, 12.618276596069336, 18.009021759033203, 12.023051261901855, 16.014148712158203, 11.968628883361816, 10.288434028625488, 0.30713048577308655, 0.3356630504131317, 0.37544572353363037, 0.4223220646381378, 0.47977375984191895, 0.5189875364303589, 0.5336036086082458, 0.49343833327293396, 0.5109990835189819, 0.4206185042858124, 0.36383694410324097, 0.30545341968536377, 0.29846814274787903, 0.32306236028671265, 0.32361024618148804, 0.34900474548339844, 0.3592665195465088, 0.32976019382476807, 0.3165017366409302, 0.30505767464637756, 0.33764415979385376, 0.30916765332221985, 0.31248170137405396, 0.2761172950267792, 1757.8042758035572, 955.4948015301809, 3355.738814835696, 1600.3408166599468, 0.035901256443298966, 0.027577550879557027]"
processed_emodb\08a07Na.wav,N,"[-217.58697509765625, 104.46221923828125, -0.0523783378303051, 49.21573257446289, -2.884267568588257, 21.45491600036621, -18.262887954711914, 5.470969200134277, -15.142786026000977, -12.036418914794922, 1.2154505252838135, -4.724459648132324, -2.7117931842803955, 89.30130767822266, 58.209716796875, 33.457862854003906, 27.97881507873535, 24.682958602905273, 21.705724716186523, 21.906587600708008, 15.21246337890625, 13.94896411895752, 16.457178115844727, 11.630258560180664, 9.055192947387695, 9.792688369750977, 0.24576133489608765, 0.30278751254081726, 0.42346060276031494, 0.36426642537117004, 0.30131179094314575, 0.28585878014564514, 0.2832487225532532, 0.342930406332016, 0.4195886254310608, 0.473985880613327, 0.37676432728767395, 0.2788926362991333, 0.31190112233161926, 0.3158099949359894, 0.41227987408638, 0.3760366141796112, 0.3647310137748718, 0.3610437512397766, 0.3452906906604767, 0.3334909677505493, 0.3737601935863495, 0.3838003873825073, 0.3502926230430603, 0.32544103264808655, 1550.6735414753737, 1377.7793850970506, 2775.27099609375, 2295.414904379057, 0.06260850694444445, 0.07732931455008774]"
processed_emodb\16a01Nc.wav,N,"[-180.7615509033203, 109.41098022460938, -41.427574157714844, 61.338043212890625, -22.91953468322754, 22.193607330322266, -6.095207691192627, -5.7985053062438965, -5.790312767028809, -2.843052387237549, 8.283063888549805, 2.2539870738983154, -1.1356099843978882, 86.3956298828125, 51.449825286865234, 36.33889389038086, 31.82813835144043, 20.911521911621094, 20.075782775878906, 23.06128692626953, 18.0432071685791, 11.298212051391602, 15.433256149291992, 12.598554611206055, 7.880283832550049, 15.834368705749512, 0.4105546474456787, 0.48714616894721985, 0.44257405400276184, 0.41497787833213806, 0.4458825886249542, 0.5129953026771545, 0.4995117783546448, 0.4433913230895996, 0.45016899704933167, 0.4473918080329895, 0.4286399483680725, 0.3836032450199127, 0.3006359040737152, 0.36572450399398804, 0.35338112711906433, 0.35979005694389343, 0.36169031262397766, 0.36680710315704346, 0.3564695715904236, 0.36401981115341187, 0.3803679645061493, 0.35793930292129517, 0.33846160769462585, 0.28499603271484375, 1369.7337133103933, 868.8927039872287, 2958.9976917613635, 1724.729148937427, 0.015872311282467532, 0.018142534167978248]"
processed_emodb\13b02Nb.wav,N,"[-182.17295837402344, 116.4195785522461, -2.8353536128997803, 46.65123748779297, -11.523991584777832, 28.44207763671875, -8.896536827087402, 2.166278600692749, -11.857585906982422, -3.0500519275665283, 0.20698516070842743, 5.414083480834961, -1.593577265739441, 70.26375579833984, 44.53542709350586, 28.756439208984375, 26.456745147705078, 18.992610931396484, 20.1451358795166, 18.16374397277832, 16.402862548828125, 13.529845237731934, 14.819948196411133, 10.666810035705566, 9.830973625183105, 13.389640808105469, 0.23904475569725037, 0.27375686168670654, 0.34177711606025696, 0.4087505042552948, 0.36741793155670166, 0.36205217242240906, 0.45960909128189087, 0.5144791603088379, 0.4470473825931549, 0.3807135820388794, 0.3668217062950134, 0.27766409516334534, 0.2866796553134918, 0.29584765434265137, 0.34342992305755615, 0.3957860767841339, 0.3494744598865509, 0.3507409989833832, 0.37271592020988464, 0.3747335374355316, 0.3664359152317047, 0.34535908699035645, 0.34144464135169983, 0.31742042303085327, 1104.1149627216444, 770.1119540288158, 2413.4234619140625, 2008.2126777397048, 0.01168212890625, 0.00792816059714528]"
processed_emodb\13a02Fa.wav,F,"[-247.58021545410156, 91.17024993896484, -42.30878448486328, 36.70199966430664, -15.882071495056152, 14.275948524475098, -20.329774856567383, 6.951700687408447, -21.540754318237305, -3.482853412628174, 4.079247951507568, -4.474192142486572, 6.3982768058776855, 107.622802734375, 34.59647750854492, 48.23640060424805, 24.438430786132812, 30.287532806396484, 19.486665725708008, 21.207218170166016, 11.321812629699707, 15.350081443786621, 14.139644622802734, 11.757523536682129, 8.56803035736084, 9.359760284423828, 0.24588483572006226, 0.26966392993927, 0.28133273124694824, 0.3116302490234375, 0.37545934319496155, 0.4559868276119232, 0.47298941016197205, 0.4642183184623718, 0.42028576135635376, 0.3351479768753052, 0.33276042342185974, 0.2874242663383484, 0.26095888018608093, 0.300272673368454, 0.3096069395542145, 0.3270234167575836, 0.3453678488731384, 0.36233237385749817, 0.37649330496788025, 0.36491334438323975, 0.3786534368991852, 0.3478908836841583, 0.35795649886131287, 0.3231036067008972, 1577.07933926354, 756.0484115332193, 3165.97900390625, 1645.209184329944, 0.039306640625, 0.03541415710533827]"
processed_emodb\13a01Wb.wav,W,"[-258.24090576171875, 83.0566177368164, -46.013790130615234, 32.56435012817383, -26.853038787841797, 15.185402870178223, -16.03468132019043, 8.69791316986084, -18.063735961914062, -8.32100772857666, 2.8654115200042725, -2.679215431213379, 3.2945709228515625, 101.14109802246094, 45.39529800415039, 45.560115814208984, 32.60475158691406, 27.034061431884766, 20.17015266418457, 17.126054763793945, 11.210470199584961, 16.275806427001953, 14.471402168273926, 12.833209037780762, 10.915658950805664, 14.016267776489258, 0.3211282789707184, 0.38835176825523376, 0.41842153668403625, 0.43541038036346436, 0.3999488949775696, 0.3793064057826996, 0.45581528544425964, 0.48353588581085205, 0.3948216438293457, 0.3402930498123169, 0.336425244808197, 0.2964839041233063, 0.3202398419380188, 0.3464711904525757, 0.3459412455558777, 0.3778262436389923, 0.3698153793811798, 0.33642706274986267, 0.3530822992324829, 0.3783705234527588, 0.33597296476364136, 0.3255593478679657, 0.34129759669303894, 0.31477677822113037, 1833.000020515633, 1068.7082599388748, 3406.1516256893383, 1613.991931678861, 0.07805319393382353, 0.09863173177862976]"
processed_emodb\10b02La.wav,L,"[-201.32229614257812, 154.87330627441406, -12.65381145477295, 60.1132698059082, -12.905600547790527, 17.666501998901367, 6.195479393005371, 7.326752662658691, -26.66169548034668, -3.851435899734497, 2.2905988693237305, -3.37302827835083, 11.910032272338867, 92.36475372314453, 52.97785186767578, 31.010223388671875, 26.14741325378418, 25.674388885498047, 23.993684768676758, 11.799731254577637, 12.04241943359375, 17.923826217651367, 9.479086875915527, 12.332621574401855, 11.604259490966797, 8.351240158081055, 0.31075456738471985, 0.33154618740081787, 0.42893198132514954, 0.453291118144989, 0.49699828028678894, 0.5048133134841919, 0.5342488288879395, 0.48797500133514404, 0.42233264446258545, 0.39954873919487, 0.4386078715324402, 0.39514821767807007, 0.28466325998306274, 0.2737705111503601, 0.33365917205810547, 0.3359057605266571, 0.3676089942455292, 0.3146146833896637, 0.3559855818748474, 0.31415459513664246, 0.32859858870506287, 0.3195711672306061, 0.32840824127197266, 0.3089958429336548, 1122.0611543680143, 777.7778120383231, 2238.617785223599, 1523.902816619849, 0.04133132408405173, 0.03298932456136395]"
processed_emodb\12b10Wa.wav,W,"[-238.1756591796875, 80.47260284423828, -63.15435791015625, 47.579200744628906, -27.158626556396484, -11.906957626342773, -15.725092887878418, 8.994565963745117, -19.994157791137695, 7.762394428253174, -6.139644145965576, -4.506420612335205, 11.477591514587402, 110.53258514404297, 40.74079895019531, 51.29427719116211, 31.793119430541992, 24.76560401916504, 26.11277198791504, 17.571840286254883, 12.588301658630371, 19.576894760131836, 13.29379653930664, 12.677821159362793, 14.16454792022705, 11.319886207580566, 0.4648033380508423, 0.549267590045929, 0.47841641306877136, 0.40286874771118164, 0.36149856448173523, 0.37649986147880554, 0.39443743228912354, 0.43180906772613525, 0.4918084144592285, 0.463543176651001, 0.43431463837623596, 0.40281087160110474, 0.3491763770580292, 0.342325359582901, 0.3677273690700531, 0.360669881105423, 0.3425028920173645, 0.3483448922634125, 0.3533792197704315, 0.36924296617507935, 0.38027703762054443, 0.3536284267902374, 0.3425758481025696, 0.31583741307258606, 1406.2892785423783, 704.2585996512757, 2915.889337713068, 1366.3614184436399, 0.02165749289772727, 0.03123526391251238]"
processed_emodb\09a01Ea.wav,E,"[-281.3484191894531, 91.84941101074219, -42.03641891479492, 27.933597564697266, -8.349335670471191, 10.397184371948242, -18.52089500427246, -0.2966417670249939, -1.7927522659301758, 0.7916444540023804, -0.41299811005592346, 4.6309404373168945, 1.6304388046264648, 145.8690643310547, 49.21335220336914, 57.40564727783203, 38.086463928222656, 27.537389755249023, 19.849533081054688, 21.72479248046875, 12.306116104125977, 13.656648635864258, 11.85419750213623, 9.178565979003906, 8.048672676086426, 10.091056823730469, 0.5195199847221375, 0.4640862047672272, 0.46346887946128845, 0.40668874979019165, 0.3568849265575409, 0.3573046624660492, 0.4416196644306183, 0.5061965584754944, 0.47791680693626404, 0.4615623652935028, 0.4217745363712311, 0.46472200751304626, 0.35417085886001587, 0.3578810691833496, 0.39493945240974426, 0.35193172097206116, 0.38270989060401917, 0.3761339485645294, 0.38446152210235596, 0.38565924763679504, 0.39353492856025696, 0.365035742521286, 0.33943942189216614, 0.314855694770813, 1602.6047799410144, 858.8575887861402, 2895.548862693584, 1472.5177387735716, 0.06749948147123894, 0.08181432500992511]"
processed_emodb\13b09Fc.wav,F,"[-211.02883911132812, 116.4229736328125, -23.996742248535156, 50.02245330810547, -11.887653350830078, 11.858810424804688, -17.604690551757812, 8.470813751220703, -17.996898651123047, -4.560311317443848, 0.25564026832580566, -4.4407548904418945, 2.9239702224731445, 99.77385711669922, 31.564739227294922, 45.65421676635742, 24.562557220458984, 25.102746963500977, 20.256202697753906, 15.52304744720459, 13.285357475280762, 14.581628799438477, 14.618937492370605, 10.049284934997559, 9.617857933044434, 11.331964492797852, 0.39751380681991577, 0.40296632051467896, 0.33506956696510315, 0.3309754431247711, 0.3007431626319885, 0.2807523012161255, 0.3108085095882416, 0.3493615686893463, 0.35331112146377563, 0.34362685680389404, 0.35765090584754944, 0.3506896197795868, 0.3855561316013336, 0.3827105462551117, 0.33923038840293884, 0.36047831177711487, 0.3600922226905823, 0.34561505913734436, 0.3441990911960602, 0.35365140438079834, 0.35842230916023254, 0.36959603428840637, 0.3454294800758362, 0.33697089552879333, 1302.3048229057158, 765.5225736880508, 2710.155487060547, 1713.5034217524542, 0.029354095458984375, 0.021395814702663583]"
processed_emodb\08b10Fd.wav,F,"[-219.93609619140625, 98.58421325683594, -29.66728401184082, 45.497230529785156, -12.375595092773438, 6.726065158843994, -21.33444595336914, 2.1640818119049072, -11.278437614440918, -6.123267650604248, -2.7416365146636963, -2.0967936515808105, 3.90842342376709, 101.11686706542969, 36.88387680053711, 47.22136688232422, 28.40035057067871, 26.407730102539062, 18.762590408325195, 26.17430305480957, 16.17866325378418, 13.559536933898926, 18.978010177612305, 14.422101020812988, 13.587855339050293, 14.477497100830078, 0.21621450781822205, 0.27273494005203247, 0.3695426285266876, 0.5073885321617126, 0.4881807267665863, 0.32794880867004395, 0.2774713337421417, 0.3630375266075134, 0.4002343714237213, 0.37707754969596863, 0.26171132922172546, 0.2117965668439865, 0.30308714509010315, 0.34634649753570557, 0.36887127161026, 0.38122493028640747, 0.4074181318283081, 0.3502017855644226, 0.3400086760520935, 0.4015803933143616, 0.37553608417510986, 0.3944520354270935, 0.288089394569397, 0.2744685113430023, 1427.589488246525, 847.24890406782, 2927.106910776869, 1792.7199639670584, 0.04039956921728972, 0.032306208142316016]"
processed_emodb\12a01Nb.wav,N,"[-223.631591796875, 141.2128448486328, -45.759708404541016, 57.02280044555664, -9.972285270690918, 14.948382377624512, -8.330048561096191, 4.7653656005859375, -17.299148559570312, 2.7721757888793945, 7.849046230316162, -2.454087018966675, 7.508955955505371, 88.33732604980469, 49.62918472290039, 38.6219367980957, 31.01544952392578, 21.405540466308594, 16.986698150634766, 12.71613883972168, 12.687070846557617, 19.45746612548828, 10.825956344604492, 12.28422737121582, 12.513497352600098, 7.593136787414551, 0.40942004323005676, 0.5363010168075562, 0.5864418745040894, 0.566798985004425, 0.5982298851013184, 0.5458234548568726, 0.460572212934494, 0.42269426584243774, 0.39410683512687683, 0.3812461793422699, 0.3736824691295624, 0.36670175194740295, 0.3041544258594513, 0.3171730041503906, 0.31402283906936646, 0.3369857370853424, 0.32050490379333496, 0.3117496073246002, 0.3531723916530609, 0.34146928787231445, 0.3345354497432709, 0.32425516843795776, 0.32212015986442566, 0.2745061218738556, 1260.8821643550127, 662.683477502448, 2625.615234375, 1336.4579045252162, 0.024212239583333333, 0.01990560720947294]"
processed_emodb\14a07Fd.wav,F,"[-294.9258728027344, 96.60814666748047, -19.824495315551758, 41.56462097167969, -22.860851287841797, 15.6976957321167, -13.44413948059082, 1.3897387981414795, -11.909408569335938, 0.26029306650161743, -0.7361769080162048, -7.458966255187988, -2.2393863201141357, 126.60382843017578, 51.99702453613281, 54.25071334838867, 34.59669876098633, 30.265626907348633, 23.629234313964844, 18.08246612548828, 16.293954849243164, 15.23956298828125, 14.35915756225586, 9.720451354980469, 12.27219295501709, 14.598917007446289, 0.3412100374698639, 0.3311416208744049, 0.33612510561943054, 0.3723832070827484, 0.39024272561073303, 0.48689791560173035, 0.5256563425064087, 0.49671775102615356, 0.4648301303386688, 0.4422287940979004, 0.3775354027748108, 0.33080339431762695, 0.3393820524215698, 0.34145331382751465, 0.3559040129184723, 0.3706752359867096, 0.36971303820610046, 0.4027317464351654, 0.39858296513557434, 0.382659912109375, 0.37673935294151306, 0.3753584623336792, 0.34836238622665405, 0.3321991562843323, 1299.7514554436455, 1008.5156736679489, 2681.8408203125, 2174.869295002146, 0.023643663194444445, 0.02336527429498388]"
processed_emodb\11b09Ad.wav,A,"[-271.8646545410156, 119.26103973388672, -23.729352951049805, 56.08930587768555, -9.621930122375488, 19.943565368652344, -3.622504234313965, 6.03493595123291, -9.072721481323242, -3.1254043579101562, -2.230468988418579, -7.289374828338623, 4.283291816711426, 136.16282653808594, 49.014034271240234, 37.069610595703125, 31.103546142578125, 26.47726058959961, 23.06008529663086, 19.141590118408203, 11.122288703918457, 16.32608985900879, 11.118278503417969, 11.206802368164062, 11.894963264465332, 6.548556327819824, 0.4321851134300232, 0.479791522026062, 0.549088180065155, 0.6373192667961121, 0.5774161219596863, 0.47955402731895447, 0.4223622679710388, 0.38592350482940674, 0.3840530812740326, 0.38431069254875183, 0.4499605596065521, 0.45706117153167725, 0.3264923691749573, 0.36743277311325073, 0.3466123938560486, 0.3336244821548462, 0.337504118680954, 0.37026089429855347, 0.38214704394340515, 0.3683743476867676, 0.34957391023635864, 0.3083670437335968, 0.32247301936149597, 0.2982774078845978, 1341.3078128639531, 925.653473228557, 2669.578857421875, 1676.2218175949529, 0.041520182291666666, 0.05567983422473306]"
processed_emodb\03b10Na.wav,N,"[-223.73524475097656, 132.81396484375, -18.47412109375, 56.51084518432617, 1.5967741012573242, 12.314632415771484, -18.12993812561035, -3.8954031467437744, -12.97462272644043, -7.617677688598633, 2.6179263591766357, -9.171035766601562, 3.4719126224517822, 95.42292022705078, 50.81376266479492, 35.691375732421875, 30.20842170715332, 28.907264709472656, 20.40212059020996, 21.179506301879883, 17.487009048461914, 13.776054382324219, 11.95740795135498, 13.875175476074219, 10.102362632751465, 9.630456924438477, 0.409808874130249, 0.4385998249053955, 0.45377159118652344, 0.3989177346229553, 0.29521334171295166, 0.3283790946006775, 0.425937294960022, 0.49434930086135864, 0.4122028648853302, 0.31728795170783997, 0.324712872505188, 0.345242440700531, 0.35589778423309326, 0.3234894275665283, 0.35470646619796753, 0.3644251227378845, 0.31285274028778076, 0.3276045024394989, 0.3574342429637909, 0.3658926486968994, 0.31307220458984375, 0.2951381802558899, 0.3034765422344208, 0.3067382574081421, 1373.7718032314867, 1016.1802044368596, 2625.9521484375, 1708.1491668993147, 0.05182756696428571, 0.07181671812405571]"
processed_emodb\08b09Lc.wav,L,"[-230.19403076171875, 112.402099609375, 2.1394646167755127, 41.17127227783203, 0.349150151014328, 21.911142349243164, -11.617671012878418, 14.785306930541992, -10.93229866027832, -8.46258544921875, 3.064490556716919, -8.866765022277832, 0.11814548820257187, 97.74417114257812, 37.4377326965332, 36.18522644042969, 29.8135986328125, 23.626859664916992, 16.12291145324707, 23.26204490661621, 12.991761207580566, 12.577106475830078, 13.104129791259766, 10.043530464172363, 10.748616218566895, 9.447954177856445, 0.3717605769634247, 0.4924617409706116, 0.4773177206516266, 0.3629748821258545, 0.32453453540802, 0.3386212885379791, 0.3369104266166687, 0.3792501986026764, 0.28794607520103455, 0.2400721311569214, 0.21913425624370575, 0.25816524028778076, 0.3514678180217743, 0.3913450539112091, 0.3827327787876129, 0.3558451533317566, 0.3578088879585266, 0.38406458497047424, 0.3515048623085022, 0.4045587480068207, 0.3198290169239044, 0.31493526697158813, 0.2934516966342926, 0.3029635548591614, 1211.6116432032109, 931.8836179278346, 2319.68994140625, 1800.777932534296, 0.035510835193452384, 0.0472300480746548]"
processed_emodb\03a04Ta.wav,T,"[-204.7876739501953, 147.6567840576172, -11.230470657348633, 54.68384552001953, -12.845856666564941, 28.38714599609375, -2.203747272491455, 1.4422736167907715, -4.071260929107666, 7.975461006164551, 5.921463489532471, 3.6040639877319336, 3.98008394241333, 97.73335266113281, 52.183101654052734, 25.70888900756836, 36.2391242980957, 22.664175033569336, 12.657405853271484, 16.922983169555664, 14.350109100341797, 11.15509033203125, 12.622151374816895, 9.486919403076172, 8.203815460205078, 8.239967346191406, 0.40929606556892395, 0.4921870231628418, 0.5002281665802002, 0.49428296089172363, 0.5595167279243469, 0.6757488250732422, 0.7489295601844788, 0.6825446486473083, 0.6251674294471741, 0.5429576635360718, 0.4610162079334259, 0.39384937286376953, 0.27278822660446167, 0.2989376187324524, 0.3274853229522705, 0.29784858226776123, 0.2685527205467224, 0.2916301190853119, 0.28936970233917236, 0.2592102587223053, 0.2838365137577057, 0.3158547580242157, 0.29513460397720337, 0.28184619545936584, 914.013539020286, 713.0837147301112, 1788.3446168363764, 1574.759203404093, 0.006276334269662921, 0.005881074564087935]"
processed_emodb\08a04Nc.wav,N,"[-233.3354949951172, 118.52721405029297, -3.737171173095703, 43.727195739746094, -16.481904983520508, 30.837512969970703, -14.359060287475586, 4.636167526245117, -8.030502319335938, -8.053057670593262, 0.9943464398384094, -3.404796838760376, -2.65486741065979, 112.41446685791016, 49.35927200317383, 37.301692962646484, 39.13301467895508, 32.955318450927734, 16.773956298828125, 22.350282669067383, 14.426494598388672, 13.777009963989258, 16.815542221069336, 10.234274864196777, 9.644214630126953, 10.283989906311035, 0.4332962930202484, 0.3840143084526062, 0.33346500992774963, 0.3800854980945587, 0.37628915905952454, 0.40626591444015503, 0.38545122742652893, 0.4331666827201843, 0.4762922525405884, 0.41781195998191833, 0.30826854705810547, 0.32339999079704285, 0.368671715259552, 0.36387503147125244, 0.3142833411693573, 0.36741989850997925, 0.3420883119106293, 0.36845406889915466, 0.3458399474620819, 0.35633450746536255, 0.35761433839797974, 0.34056979417800903, 0.2773807644844055, 0.30265676975250244, 1457.738337468558, 1095.780967784867, 2618.4864390980115, 2057.2388380466386, 0.04823996803977273, 0.04668295616124693]"
processed_emodb\15a05Eb.wav,E,"[-212.72642517089844, 92.13252258300781, -23.22058868408203, 59.4975700378418, -8.500518798828125, 22.739686965942383, -14.088899612426758, 3.623506784439087, -13.221988677978516, -2.1783993244171143, 1.2057855129241943, -5.1083784103393555, 6.973963737487793, 102.9764633178711, 66.4432144165039, 41.65171432495117, 33.480438232421875, 31.391822814941406, 25.444564819335938, 16.984296798706055, 14.482983589172363, 12.965872764587402, 13.42938232421875, 12.627233505249023, 11.087409973144531, 8.895424842834473, 0.3891545236110687, 0.5114337205886841, 0.5092059969902039, 0.4485592842102051, 0.4207180440425873, 0.4330069422721863, 0.3827563524246216, 0.3866569995880127, 0.4348875880241394, 0.43081265687942505, 0.4139046370983124, 0.36115217208862305, 0.280570387840271, 0.32729458808898926, 0.3278900980949402, 0.3396960198879242, 0.3340999484062195, 0.3575115501880646, 0.33667367696762085, 0.3351823687553406, 0.3432854413986206, 0.3392151892185211, 0.33513548970222473, 0.3087161183357239, 1877.4288438011272, 1319.4903392900724, 3461.9631745094475, 2092.8699945104577, 0.07643020984738372, 0.09247989119661289]"
processed_emodb\14b09Ea.wav,E,"[-282.4106750488281, 95.1772232055664, -11.521095275878906, 49.29887008666992, -0.8047228455543518, 24.616071701049805, -16.747438430786133, -5.089428901672363, -9.95549201965332, -4.279788017272949, 3.719369411468506, 1.311587929725647, 5.351526260375977, 122.5638427734375, 47.5933723449707, 38.727882385253906, 23.890989303588867, 24.262008666992188, 20.59646224975586, 22.475038528442383, 16.879016876220703, 12.267129898071289, 15.058826446533203, 9.84614086151123, 8.46934986114502, 12.206337928771973, 0.3618552088737488, 0.35857436060905457, 0.38142043352127075, 0.41383102536201477, 0.4129652976989746, 0.4276927709579468, 0.47540533542633057, 0.5552034378051758, 0.6202915906906128, 0.598781943321228, 0.5621063709259033, 0.41619619727134705, 0.3260124623775482, 0.3378947377204895, 0.36131370067596436, 0.38838303089141846, 0.388090044260025, 0.3908998370170593, 0.38715147972106934, 0.37312251329421997, 0.35674652457237244, 0.3257921040058136, 0.3575165271759033, 0.31235840916633606, 1358.0810876971877, 1159.266040691417, 2633.0518378586066, 2113.4503001153425, 0.028512423155737706, 0.038551966135918]"
processed_emodb\08b01Aa.wav,A,"[-217.72979736328125, 74.94937896728516, -23.391538619995117, 55.533607482910156, -14.111154556274414, 18.47487449645996, -22.868637084960938, 12.454898834228516, -6.40159273147583, -8.153291702270508, -5.940626621246338, -7.674258232116699, 2.1762797832489014, 77.26640319824219, 48.55608367919922, 33.069828033447266, 27.095964431762695, 22.20368766784668, 18.249528884887695, 21.47623062133789, 14.162826538085938, 8.283090591430664, 16.11595916748047, 12.389562606811523, 8.494922637939453, 12.354424476623535, 0.47516462206840515, 0.46287214756011963, 0.4277772605419159, 0.3805112838745117, 0.3431185483932495, 0.3573259115219116, 0.3632395565509796, 0.35585111379623413, 0.32339420914649963, 0.3334958553314209, 0.3867304027080536, 0.4364061951637268, 0.34687209129333496, 0.33390724658966064, 0.3297569751739502, 0.3407110869884491, 0.31729140877723694, 0.361226350069046, 0.3604685962200165, 0.3639465868473053, 0.34033700823783875, 0.3305038809776306, 0.3575519621372223, 0.3475693464279175, 1924.5263837801956, 1185.1476548012472, 3750.9540426320045, 1997.2402504790118, 0.05526417699353448, 0.08200001487784764]"
processed_emodb\16b09Ab.wav,A,"[-226.31396484375, 75.93749237060547, -66.95326232910156, 59.413185119628906, -31.88751220703125, 9.088285446166992, -21.699045181274414, 0.02819775976240635, -9.891898155212402, -8.698404312133789, 0.540647029876709, -3.737368583679199, -1.6663744449615479, 70.5475845336914, 29.810802459716797, 37.690067291259766, 25.170812606811523, 18.94251251220703, 22.0349063873291, 14.120957374572754, 13.627951622009277, 11.809829711914062, 13.963196754455566, 6.812201499938965, 8.445127487182617, 11.067290306091309, 0.3235042095184326, 0.3127848505973816, 0.33542993664741516, 0.41679805517196655, 0.5337958335876465, 0.5525016188621521, 0.4521748423576355, 0.3128120005130768, 0.2832435369491577, 0.25474223494529724, 0.2476472556591034, 0.27537477016448975, 0.32091790437698364, 0.3133012652397156, 0.3522660434246063, 0.3753703236579895, 0.35679101943969727, 0.35553035140037537, 0.3686675429344177, 0.33868640661239624, 0.3566450774669647, 0.294215589761734, 0.2843579649925232, 0.2740868628025055, 1694.4379580390782, 602.956360096582, 3659.7977198911517, 1268.245940909513, 0.024836508075842697, 0.024665053647598134]"
processed_emodb\09a01Nb.wav,N,"[-225.71388244628906, 134.8541717529297, -34.483306884765625, 52.62797164916992, -13.807117462158203, 21.245765686035156, 3.6074318885803223, -2.9584126472473145, -7.59212064743042, 5.410271644592285, 3.1405160427093506, -7.914243221282959, 4.333174705505371, 103.56981658935547, 54.18791580200195, 44.52753829956055, 31.559616088867188, 25.935699462890625, 17.75210952758789, 18.403888702392578, 18.710378646850586, 10.58082103729248, 12.974865913391113, 11.263325691223145, 11.362875938415527, 13.220646858215332, 0.4548390507698059, 0.47235411405563354, 0.5186874270439148, 0.4827917516231537, 0.5362839698791504, 0.5609530210494995, 0.5665432810783386, 0.4754777252674103, 0.41705822944641113, 0.39502203464508057, 0.3807516396045685, 0.42270755767822266, 0.34938570857048035, 0.34859320521354675, 0.3882543444633484, 0.3621276319026947, 0.37841224670410156, 0.38643085956573486, 0.40416860580444336, 0.35636183619499207, 0.33862918615341187, 0.30851414799690247, 0.30689725279808044, 0.33381858468055725, 1142.152361869148, 719.9480994221797, 2418.2082084760273, 1576.523301055905, 0.02803269477739726, 0.0254929162862869]"
processed_emodb\11a04Fd.wav,F,"[-284.1068115234375, 113.61576843261719, -32.05453872680664, 28.162321090698242, -3.5460445880889893, 9.951684951782227, -14.23616886138916, 2.543419361114502, -7.414963722229004, -2.766160249710083, 5.848937034606934, -5.8103132247924805, 2.4151322841644287, 133.1412353515625, 45.155635833740234, 48.664180755615234, 27.643177032470703, 31.918216705322266, 17.00688362121582, 23.479915618896484, 12.887696266174316, 13.874094009399414, 12.157206535339355, 12.765189170837402, 10.482024192810059, 6.432816982269287, 0.32842254638671875, 0.3558405339717865, 0.44800055027008057, 0.48304450511932373, 0.5269259214401245, 0.6125108003616333, 0.6008855104446411, 0.5717369914054871, 0.4639187455177307, 0.45220276713371277, 0.3898114562034607, 0.35642167925834656, 0.3013852834701538, 0.3258041739463806, 0.3511762320995331, 0.3569532334804535, 0.34337976574897766, 0.3447834849357605, 0.33725160360336304, 0.3323107361793518, 0.31175920367240906, 0.35654518008232117, 0.3333815336227417, 0.3192196190357208, 1325.495524081334, 772.481814624773, 2586.6103753810976, 1507.972664765131, 0.043385575457317076, 0.03712552127621126]"
processed_emodb\11a07Ta.wav,T,"[-207.5634002685547, 119.62890625, 3.076674699783325, 64.68998718261719, -2.760755777359009, 43.76701736450195, 9.996541023254395, 9.081525802612305, -3.2433021068573, 0.9078742265701294, 7.989478588104248, 7.992260456085205, 1.8179397583007812, 74.37471771240234, 58.65834426879883, 32.8640251159668, 27.138141632080078, 28.3797607421875, 24.03512954711914, 14.235013961791992, 13.511250495910645, 18.544933319091797, 10.725812911987305, 10.635895729064941, 8.733366966247559, 10.368118286132812, 0.30397215485572815, 0.3124726414680481, 0.35511091351509094, 0.4007223844528198, 0.39682167768478394, 0.4281034767627716, 0.529854416847229, 0.6960806250572205, 0.7428772449493408, 0.7298310995101929, 0.5165033340454102, 0.35579606890678406, 0.3041405975818634, 0.32741349935531616, 0.33428043127059937, 0.33566969633102417, 0.315979927778244, 0.314369797706604, 0.2710367739200592, 0.30878645181655884, 0.2626323103904724, 0.26230135560035706, 0.28956905007362366, 0.29330942034721375, 1135.2380907895706, 1100.377535757136, 2293.171594498005, 2136.8609581285136, 0.011251246675531915, 0.011115126939173933]"
processed_emodb\14a05Wb.wav,W,"[-237.57427978515625, 70.3952407836914, -55.6627311706543, 43.156898498535156, -40.33201217651367, 12.582606315612793, -15.14891529083252, -11.00129508972168, -9.129142761230469, -11.337979316711426, -1.3493354320526123, -6.558905601501465, -2.3377296924591064, 93.35670471191406, 49.27987289428711, 42.61799621582031, 26.506305694580078, 37.20836639404297, 18.23097038269043, 20.92268943786621, 18.145238876342773, 11.285113334655762, 15.805954933166504, 13.221508979797363, 9.852232933044434, 13.176074028015137, 0.331360787153244, 0.32552701234817505, 0.39242658019065857, 0.40017223358154297, 0.4449649453163147, 0.4040178060531616, 0.28613999485969543, 0.29659685492515564, 0.3213256597518921, 0.30971720814704895, 0.3203486502170563, 0.337418794631958, 0.3413407802581787, 0.3173394501209259, 0.361494779586792, 0.35029295086860657, 0.36998942494392395, 0.35332605242729187, 0.29393887519836426, 0.32936692237854004, 0.3476111590862274, 0.31181439757347107, 0.31167733669281006, 0.320867121219635, 2186.317075384718, 999.2649671070035, 4190.00244140625, 1385.6144853030603, 0.08744673295454546, 0.07616716690856265]"
processed_emodb\15a07Nc.wav,N,"[-211.56285095214844, 123.95240783691406, -23.133670806884766, 74.0066146850586, -4.577442646026611, 28.38290786743164, -5.346290111541748, 8.712309837341309, -16.677433013916016, -5.184344291687012, -1.064840316772461, -1.5558444261550903, 2.928497076034546, 115.88990783691406, 59.683013916015625, 35.74121856689453, 25.750431060791016, 29.278133392333984, 27.397903442382812, 17.51873779296875, 10.681102752685547, 20.597362518310547, 12.043718338012695, 13.953516006469727, 8.480415344238281, 9.823131561279297, 0.3442781865596771, 0.40875715017318726, 0.4321516156196594, 0.46232929825782776, 0.5045039057731628, 0.5532876253128052, 0.5097208023071289, 0.4807596802711487, 0.47189754247665405, 0.5373827219009399, 0.5128040909767151, 0.3833918869495392, 0.26582568883895874, 0.30354219675064087, 0.34287378191947937, 0.355327844619751, 0.2858237326145172, 0.29552707076072693, 0.3117668330669403, 0.3345421254634857, 0.29083186388015747, 0.30818337202072144, 0.32058534026145935, 0.2677241861820221, 1736.8702156572956, 1193.953747452185, 3558.230516387195, 1560.8015385736048, 0.08127500952743902, 0.09844633683586697]"
processed_emodb\15b01Lb.wav,L,"[-150.13356018066406, 114.68011474609375, -26.09994125366211, 91.40674591064453, 3.8878984451293945, 30.915302276611328, 0.07144492864608765, 9.858506202697754, -8.34805965423584, 2.264542579650879, 2.324498414993286, -4.523928642272949, 3.623189687728882, 60.0260009765625, 52.10090637207031, 23.840608596801758, 22.292644500732422, 32.46543884277344, 19.61365509033203, 16.186874389648438, 10.08532428741455, 10.000513076782227, 11.103074073791504, 10.443304061889648, 9.80589771270752, 9.287528038024902, 0.33322903513908386, 0.299174040555954, 0.35895586013793945, 0.44835615158081055, 0.5401445031166077, 0.5828367471694946, 0.4997691512107849, 0.4937269389629364, 0.4974104166030884, 0.46400341391563416, 0.3743755519390106, 0.33787739276885986, 0.3218285143375397, 0.2667534649372101, 0.2814158797264099, 0.33386486768722534, 0.3148152530193329, 0.34880948066711426, 0.29475703835487366, 0.31876441836357117, 0.3422527313232422, 0.33841171860694885, 0.28069037199020386, 0.28547367453575134, 1383.178276498384, 1022.6404590820865, 2965.2926303372524, 1638.5968039780141, 0.018206605816831683, 0.022645709307700778]"
processed_emodb\11a02Ec.wav,E,"[-209.01953125, 107.66939544677734, -19.737483978271484, 52.47136688232422, -8.97093391418457, 26.044330596923828, -14.422050476074219, -4.211487770080566, -9.602166175842285, -1.433587908744812, 1.4844225645065308, -1.1770262718200684, 5.474359512329102, 109.63060760498047, 52.255916595458984, 33.98055648803711, 30.788297653198242, 36.19415283203125, 21.04265022277832, 21.605878829956055, 16.03951644897461, 13.196465492248535, 11.180035591125488, 10.43314266204834, 12.613840103149414, 9.856393814086914, 0.3172229528427124, 0.396614134311676, 0.4627108871936798, 0.5787590742111206, 0.5165751576423645, 0.42333829402923584, 0.33119893074035645, 0.35501715540885925, 0.3943517208099365, 0.3754664957523346, 0.37654101848602295, 0.3280833065509796, 0.26240241527557373, 0.30542683601379395, 0.30751967430114746, 0.3759506642818451, 0.35009288787841797, 0.34709593653678894, 0.30241721868515015, 0.336517870426178, 0.35547980666160583, 0.33501988649368286, 0.34275317192077637, 0.30874383449554443, 1617.376273341323, 1217.9049320478678, 2971.063158885542, 1938.8383994855387, 0.06402367281626506, 0.09004103910910058]"
processed_emodb\10b09Ad.wav,A,"[-156.25489807128906, 114.75281524658203, -25.259302139282227, 70.59664154052734, -11.101722717285156, 43.90871810913086, -4.197532653808594, 9.97386360168457, -21.287799835205078, -1.4688427448272705, 3.467918872833252, -6.186629772186279, 9.16420841217041, 79.15579986572266, 35.17727279663086, 29.59392738342285, 23.53460693359375, 23.366710662841797, 18.164588928222656, 14.465849876403809, 11.180976867675781, 12.695464134216309, 11.695784568786621, 9.640020370483398, 9.952466011047363, 5.968082904815674, 0.4153299033641815, 0.3619115650653839, 0.3638785183429718, 0.3845977783203125, 0.4424390494823456, 0.45081546902656555, 0.4866810142993927, 0.48216649889945984, 0.6035425066947937, 0.6369184255599976, 0.5736150145530701, 0.48617345094680786, 0.31264960765838623, 0.30289044976234436, 0.3376094400882721, 0.28095775842666626, 0.29554876685142517, 0.29105737805366516, 0.3194567561149597, 0.27487480640411377, 0.30208393931388855, 0.2771298885345459, 0.2762454152107239, 0.30346405506134033, 1467.5075179525024, 847.5308561529898, 3236.866086028343, 1704.1921927965348, 0.018327579941860465, 0.019825927251626862]"
processed_emodb\16b03Fd.wav,F,"[-246.64218139648438, 74.32870483398438, -64.81769561767578, 35.99745559692383, -30.844532012939453, 12.765891075134277, -10.272157669067383, -2.4441397190093994, -11.493328094482422, -5.5841898918151855, 2.8748834133148193, -3.5250368118286133, 0.06278084218502045, 100.25007629394531, 33.93068313598633, 55.94120407104492, 29.944564819335938, 24.646862030029297, 21.694067001342773, 18.68890953063965, 17.13297462463379, 13.632040023803711, 11.534451484680176, 11.401506423950195, 10.888548851013184, 11.488794326782227, 0.4177546501159668, 0.5258418917655945, 0.5196664929389954, 0.4361688494682312, 0.37982407212257385, 0.42954760789871216, 0.5105886459350586, 0.47952505946159363, 0.40689700841903687, 0.3406818211078644, 0.326570600271225, 0.34220781922340393, 0.3207648694515228, 0.34031376242637634, 0.34762972593307495, 0.35122308135032654, 0.35630443692207336, 0.3457522690296173, 0.3721190392971039, 0.36845552921295166, 0.3554386794567108, 0.33493298292160034, 0.31637296080589294, 0.31397613883018494, 1168.3894291778006, 532.6451444559444, 2716.1137448081486, 1518.2153327242117, 0.012828199169303797, 0.02125805159980879]"
processed_emodb\12b10Ld.wav,L,"[-243.54774475097656, 137.38784790039062, -30.472145080566406, 57.32982635498047, -9.281402587890625, 3.4102983474731445, -3.8528900146484375, 2.9426631927490234, -22.312055587768555, -0.16346439719200134, -4.360992431640625, -4.0164666175842285, 5.628671169281006, 110.83063507080078, 46.92500686645508, 38.00615692138672, 30.185625076293945, 29.32486343383789, 23.53937339782715, 15.052169799804688, 12.519144058227539, 18.329822540283203, 10.628901481628418, 16.61712074279785, 13.180922508239746, 9.461409568786621, 0.3321712613105774, 0.44549456238746643, 0.4885176420211792, 0.3725005090236664, 0.34269285202026367, 0.3651573061943054, 0.32285556197166443, 0.34427380561828613, 0.36495742201805115, 0.4056834876537323, 0.38788649439811707, 0.31681033968925476, 0.32343143224716187, 0.37657636404037476, 0.3967013955116272, 0.3413650095462799, 0.3227636218070984, 0.3401644229888916, 0.31693610548973083, 0.3520062565803528, 0.3458120822906494, 0.3574778139591217, 0.3456583619117737, 0.3050854206085205, 1340.449563001352, 854.3878936980828, 2612.996667760019, 1374.3339415493542, 0.049517682490458015, 0.06403012051996929]"
processed_emodb\09a07Ta.wav,T,"[-188.67083740234375, 110.15834045410156, -16.338651657104492, 56.59728240966797, -2.4133055210113525, 30.505535125732422, -5.028855800628662, 3.6632637977600098, -4.724157333374023, 3.3243720531463623, 0.8775694966316223, -10.059747695922852, 4.175317287445068, 79.91613006591797, 52.10554122924805, 27.334049224853516, 22.108455657958984, 31.82143211364746, 18.94894790649414, 22.500835418701172, 16.698068618774414, 14.67916488647461, 15.287829399108887, 10.891223907470703, 11.150456428527832, 12.508296966552734, 0.20507989823818207, 0.2932201325893402, 0.37706127762794495, 0.4222431480884552, 0.4358547031879425, 0.48552411794662476, 0.5106810331344604, 0.410569965839386, 0.2703998386859894, 0.1857934445142746, 0.16581809520721436, 0.1689135879278183, 0.29129379987716675, 0.3452291190624237, 0.3931354284286499, 0.37657254934310913, 0.35377147793769836, 0.3690491020679474, 0.3584496080875397, 0.3267362415790558, 0.2926173806190491, 0.2536202371120453, 0.2537969648838043, 0.2600231170654297, 1729.4846405729463, 1390.5680313607836, 3169.011457576308, 2009.3856501220866, 0.0833030523255814, 0.10439634658283801]"
processed_emodb\16a04Fa.wav,F,"[-254.2860107421875, 54.33921813964844, -73.97899627685547, 38.82852554321289, -30.035581588745117, 7.069684982299805, -14.654078483581543, 2.890066146850586, -4.300577163696289, -8.246138572692871, -3.8198001384735107, -4.570530414581299, -1.4304243326187134, 103.59456634521484, 35.56526184082031, 72.17670440673828, 26.409696578979492, 27.00828742980957, 17.175920486450195, 21.154470443725586, 13.900348663330078, 15.91015338897705, 12.648063659667969, 12.302833557128906, 11.039576530456543, 9.941152572631836, 0.39977192878723145, 0.41202786564826965, 0.39359012246131897, 0.4032471477985382, 0.4499346613883972, 0.5208956003189087, 0.4786860942840576, 0.44991162419319153, 0.40254056453704834, 0.31318315863609314, 0.3081195652484894, 0.3753218948841095, 0.31320855021476746, 0.35205334424972534, 0.34592577815055847, 0.35136517882347107, 0.360432893037796, 0.3700607120990753, 0.32349154353141785, 0.3643208146095276, 0.341600626707077, 0.2933272421360016, 0.2877767086029053, 0.3349422514438629, 1512.538189299004, 674.6005139138176, 3333.7753467345506, 1566.7077374241644, 0.031277431530898875, 0.040165073307883575]"
processed_emodb\14b02Fb.wav,F,"[-238.24789428710938, 97.352783203125, -49.05801010131836, 38.48286437988281, -33.01129150390625, 19.92425537109375, -17.105436325073242, 0.9375352263450623, -15.414785385131836, -3.7741641998291016, -0.9940063953399658, -7.485228061676025, 3.9243662357330322, 108.44627380371094, 40.94866943359375, 44.17809295654297, 24.952301025390625, 30.72314453125, 20.943178176879883, 20.658321380615234, 19.74473762512207, 13.31096363067627, 14.18035888671875, 10.660308837890625, 10.473358154296875, 13.099772453308105, 0.34216970205307007, 0.4222097098827362, 0.3945251405239105, 0.3627113401889801, 0.3745182752609253, 0.39183905720710754, 0.4123406410217285, 0.48102954030036926, 0.5154054164886475, 0.4668043851852417, 0.3989892303943634, 0.305257111787796, 0.3340297341346741, 0.36972638964653015, 0.351870059967041, 0.32806724309921265, 0.35056671500205994, 0.3495432436466217, 0.3481861352920532, 0.3627241551876068, 0.3562512993812561, 0.3581990599632263, 0.3390132784843445, 0.2860738933086395, 1633.4469711241888, 734.6903561023862, 3488.0287728658536, 1734.3672123053716, 0.034382145579268296, 0.027486496464609503]"
processed_emodb\15b03Wb.wav,W,"[-203.86122131347656, 101.24398040771484, -47.96268081665039, 39.62501525878906, -44.437381744384766, 25.47667121887207, -15.361918449401855, 3.5033795833587646, -9.559425354003906, -6.9907732009887695, -2.6861908435821533, -1.1054904460906982, 3.82881498336792, 110.13081359863281, 36.06257629394531, 49.31715393066406, 22.53299331665039, 35.576637268066406, 19.503530502319336, 25.882022857666016, 14.930533409118652, 12.247364044189453, 13.292435646057129, 9.46550464630127, 9.124786376953125, 9.357243537902832, 0.35099658370018005, 0.3851895034313202, 0.381185919046402, 0.44484081864356995, 0.4824647903442383, 0.48264268040657043, 0.4666037857532501, 0.3869457244873047, 0.372659295797348, 0.4280231297016144, 0.4439747631549835, 0.37753885984420776, 0.2950862646102905, 0.32640111446380615, 0.3331873118877411, 0.3417509198188782, 0.36161041259765625, 0.3649475574493408, 0.35340577363967896, 0.337589830160141, 0.3335598111152649, 0.32663556933403015, 0.3407643139362335, 0.32129159569740295, 1777.969698507249, 710.5364549592815, 3781.953721374046, 1492.7036194316604, 0.053204019561068704, 0.043251537821504746]"
processed_emodb\15b02Tc.wav,T,"[-193.57664489746094, 119.02942657470703, -9.824061393737793, 64.62611389160156, -6.626004695892334, 34.00535202026367, 5.295538425445557, 12.48480224609375, -2.524996519088745, -1.1682100296020508, 2.4231972694396973, 2.958324909210205, 3.839228391647339, 95.12619018554688, 54.884559631347656, 30.904552459716797, 27.90128517150879, 33.12076187133789, 23.443735122680664, 16.507444381713867, 10.144701957702637, 12.652667045593262, 12.039322853088379, 13.17339038848877, 8.857476234436035, 8.442337036132812, 0.3519453704357147, 0.34313318133354187, 0.3786262571811676, 0.3841594457626343, 0.41085609793663025, 0.44206586480140686, 0.5073003172874451, 0.6017962098121643, 0.6593048572540283, 0.6103378534317017, 0.46815168857574463, 0.3706565201282501, 0.3436264097690582, 0.3302342891693115, 0.3553583025932312, 0.33548474311828613, 0.33395352959632874, 0.3451731503009796, 0.3450881838798523, 0.3276388347148895, 0.2775082588195801, 0.29511353373527527, 0.31366875767707825, 0.30279669165611267, 1289.393852400828, 1019.4439024050457, 2667.041015625, 1881.6938791466234, 0.026341029575892856, 0.04149953812307453]"
processed_emodb\14a01Wa.wav,W,"[-237.4427490234375, 86.15298461914062, -55.680747985839844, 35.01432418823242, -33.36468505859375, 16.971858978271484, -16.754470825195312, -10.5924072265625, -5.087834358215332, -9.069580078125, 3.9041714668273926, -1.7092446088790894, -5.20796537399292, 120.88688659667969, 43.79880905151367, 52.28778076171875, 29.416213989257812, 34.42707061767578, 20.62322425842285, 17.123506546020508, 15.920646667480469, 11.75977611541748, 13.343470573425293, 11.574219703674316, 9.6679105758667, 14.150837898254395, 0.35534390807151794, 0.37199920415878296, 0.4599980115890503, 0.5114150047302246, 0.5106797814369202, 0.45692744851112366, 0.3639127016067505, 0.3091637194156647, 0.2998819649219513, 0.32572034001350403, 0.39985620975494385, 0.4203174114227295, 0.30738890171051025, 0.3293907940387726, 0.3445541560649872, 0.3325653076171875, 0.34166190028190613, 0.3311220705509186, 0.3551638126373291, 0.348722368478775, 0.3048185408115387, 0.3028075098991394, 0.33940574526786804, 0.33143651485443115, 1979.072257164453, 1012.0452426663267, 3756.7857339348593, 1514.8941737726402, 0.08810381822183098, 0.08889917706443198]"
processed_emodb\09b03Lb.wav,L,"[-222.56060791015625, 125.68701171875, -29.243804931640625, 52.78855895996094, -17.827844619750977, 21.462858200073242, 9.649003028869629, -12.166046142578125, -8.558026313781738, 1.071497917175293, -5.740293502807617, -11.332772254943848, -0.10328461974859238, 76.97868347167969, 44.722564697265625, 36.40529251098633, 28.50737190246582, 24.395496368408203, 22.372817993164062, 20.35288429260254, 13.84814167022705, 10.72121810913086, 14.36269474029541, 12.664938926696777, 12.832040786743164, 11.525365829467773, 0.19369064271450043, 0.32968348264694214, 0.46458104252815247, 0.4934089779853821, 0.42013752460479736, 0.3915451467037201, 0.3440726101398468, 0.2756515443325043, 0.27705812454223633, 0.24937132000923157, 0.1941307634115219, 0.16609002649784088, 0.23164527118206024, 0.31140902638435364, 0.36414164304733276, 0.35827937722206116, 0.333444744348526, 0.35991010069847107, 0.35166025161743164, 0.28838470578193665, 0.3319782018661499, 0.2981567084789276, 0.25839224457740784, 0.2394828200340271, 1587.3354916318378, 927.831106875195, 3202.8409878883135, 1497.3881483398864, 0.07492083487426035, 0.07273543020854693]"
processed_emodb\12b09Ac.wav,A,"[-275.9056701660156, 136.8038787841797, -24.565078735351562, 64.380615234375, -19.45383644104004, 11.183446884155273, -13.085073471069336, 13.823627471923828, -14.538049697875977, 1.3737844228744507, 5.188751697540283, -8.63607120513916, 7.677957057952881, 124.59454345703125, 44.40517807006836, 35.050926208496094, 33.92768096923828, 27.931556701660156, 24.277931213378906, 15.548724174499512, 12.279546737670898, 17.618364334106445, 9.960942268371582, 11.520564079284668, 13.174484252929688, 7.549844264984131, 0.5164883136749268, 0.5491102933883667, 0.5158394575119019, 0.5314851999282837, 0.506557047367096, 0.46560704708099365, 0.44983819127082825, 0.46014702320098877, 0.4021746516227722, 0.3917606770992279, 0.4242720603942871, 0.4466880261898041, 0.3118310570716858, 0.32290834188461304, 0.30016154050827026, 0.3552258312702179, 0.3435768187046051, 0.34197521209716797, 0.336191326379776, 0.3505069613456726, 0.3133433163166046, 0.2975849211215973, 0.30201366543769836, 0.28872308135032654, 1433.7132171806852, 877.1702677501363, 2792.7759473568926, 1450.728740972929, 0.05680034316588785, 0.06253385164345804]"
processed_emodb\12b02Na.wav,N,"[-216.00486755371094, 135.13075256347656, -40.68994903564453, 61.57440948486328, -26.406829833984375, 13.72083568572998, -10.216975212097168, 9.836953163146973, -25.001487731933594, -2.2416584491729736, 8.015581130981445, -8.834441184997559, 9.583649635314941, 81.78813171386719, 52.221168518066406, 40.718143463134766, 33.801517486572266, 24.462779998779297, 26.7529239654541, 14.792009353637695, 12.145318984985352, 16.685956954956055, 9.50269889831543, 13.178234100341797, 13.807276725769043, 8.125284194946289, 0.3272033929824829, 0.39184391498565674, 0.4310438930988312, 0.5189791917800903, 0.527969479560852, 0.4128153324127197, 0.4004802703857422, 0.3329775333404541, 0.2733742296695709, 0.309662789106369, 0.35641810297966003, 0.30925244092941284, 0.29560065269470215, 0.33447930216789246, 0.3310582637786865, 0.36479493975639343, 0.3500051200389862, 0.30523908138275146, 0.3457895815372467, 0.32233670353889465, 0.28878024220466614, 0.31581777334213257, 0.3242449462413788, 0.292711079120636, 1299.436078306784, 746.6988528187255, 2640.0708575581393, 1398.1645108115408, 0.022430656492248062, 0.017111378573036212]"
processed_emodb\12b01Ta.wav,T,"[-224.89622497558594, 128.14987182617188, -9.910774230957031, 69.0880126953125, -10.176003456115723, 16.89320182800293, -9.18847942352295, 7.958248615264893, -4.953901290893555, 7.837680339813232, 7.483619213104248, -0.20736923813819885, 5.909414291381836, 111.57095336914062, 51.273555755615234, 31.6826229095459, 35.15861892700195, 29.01073455810547, 20.68731689453125, 16.375268936157227, 14.027511596679688, 14.130419731140137, 9.54354190826416, 10.694937705993652, 10.255815505981445, 6.1731414794921875, 0.4844473600387573, 0.47720444202423096, 0.5138087272644043, 0.5664888620376587, 0.5595270395278931, 0.532063364982605, 0.5388486981391907, 0.6351761221885681, 0.7096238136291504, 0.6722942590713501, 0.5694158673286438, 0.4941541254520416, 0.3006924092769623, 0.3223137855529785, 0.34125232696533203, 0.34786924719810486, 0.3511020243167877, 0.35507577657699585, 0.34081709384918213, 0.31622856855392456, 0.2887658178806305, 0.2785121500492096, 0.2853047251701355, 0.26573267579078674, 1077.4742422107397, 984.5318500411521, 2131.8493440661127, 1890.54181908976, 0.012844901553468208, 0.023872780664931998]"
processed_emodb\12b02Fb.wav,F,"[-242.05714416503906, 127.78650665283203, -25.006763458251953, 44.383121490478516, -9.506299018859863, 3.8681528568267822, -5.065251350402832, 9.164006233215332, -22.670799255371094, -2.246502161026001, 12.719388961791992, -7.681115627288818, 8.562586784362793, 110.35243225097656, 48.411705017089844, 43.540443420410156, 29.244468688964844, 28.656620025634766, 25.52850341796875, 21.20357894897461, 12.890789985656738, 20.787757873535156, 13.458318710327148, 12.644190788269043, 14.746933937072754, 9.995707511901855, 0.4552292227745056, 0.5190549492835999, 0.5528531074523926, 0.5109570026397705, 0.504523754119873, 0.5318129062652588, 0.5101144909858704, 0.45339059829711914, 0.40883347392082214, 0.3768690526485443, 0.3805839419364929, 0.382792592048645, 0.3375358581542969, 0.33634573221206665, 0.3622039556503296, 0.34412336349487305, 0.37055879831314087, 0.3825622498989105, 0.36527106165885925, 0.36146533489227295, 0.3258867859840393, 0.2957306206226349, 0.32956385612487793, 0.2962992489337921, 1027.0551606527924, 696.8417029998265, 2213.1013029938813, 1498.8812618026627, 0.017584954108391608, 0.019592018698072707]"
processed_emodb\12a04Wc.wav,W,"[-189.5880126953125, 108.68626403808594, -67.85836029052734, 48.545257568359375, -37.127933502197266, 3.8731861114501953, -15.065932273864746, 13.903817176818848, -22.11030387878418, 6.073169708251953, -1.8354296684265137, -4.789414405822754, 7.813610076904297, 105.06100463867188, 39.27815246582031, 53.361351013183594, 39.24038314819336, 25.74952507019043, 21.21162223815918, 22.497800827026367, 12.670098304748535, 16.265914916992188, 14.388916969299316, 11.185044288635254, 11.172919273376465, 7.856863021850586, 0.5401339530944824, 0.4392372667789459, 0.3955681324005127, 0.4427127242088318, 0.5210973024368286, 0.4808233380317688, 0.44148558378219604, 0.41146039962768555, 0.3868873715400696, 0.4511522352695465, 0.4671468138694763, 0.505840003490448, 0.32727402448654175, 0.2921408712863922, 0.31563568115234375, 0.3382509648799896, 0.34194445610046387, 0.3329274654388428, 0.3320932686328888, 0.32628634572029114, 0.3047037124633789, 0.30714717507362366, 0.3181414306163788, 0.3159199655056, 1666.0393066662873, 808.4169587555194, 3126.431094898897, 1449.6874640920653, 0.03575942095588235, 0.027108356354784743]"
processed_emodb\08b02Ff.wav,F,"[-244.3117218017578, 100.06533813476562, -31.429492950439453, 27.499134063720703, -19.85476303100586, 8.193671226501465, -14.679551124572754, 2.687983989715576, -16.48614501953125, -2.9180166721343994, -2.216153144836426, -8.241682052612305, 4.96626091003418, 85.25482177734375, 47.28457260131836, 41.957523345947266, 27.497882843017578, 24.41053009033203, 18.670804977416992, 18.92047119140625, 14.411186218261719, 14.846457481384277, 14.352256774902344, 13.456192970275879, 10.530902862548828, 11.187339782714844, 0.2454572170972824, 0.26849105954170227, 0.3240697979927063, 0.33627307415008545, 0.3161567747592926, 0.3068789839744568, 0.31353560090065, 0.3934480845928192, 0.40058213472366333, 0.3889429271221161, 0.38718780875205994, 0.29423949122428894, 0.3089520335197449, 0.33110812306404114, 0.35440951585769653, 0.3652190566062927, 0.3655005395412445, 0.35046178102493286, 0.3358820378780365, 0.3575113117694855, 0.35355955362319946, 0.3661039173603058, 0.3865381181240082, 0.339587539434433, 1494.1728387070752, 882.4286499474156, 3005.3173828125, 1796.9465175510666, 0.03436279296875, 0.025288307221873366]"
processed_emodb\12b10Ac.wav,A,"[-221.56114196777344, 117.39350128173828, -39.6212272644043, 64.06973266601562, -15.673293113708496, 5.6573262214660645, -16.782873153686523, 9.828662872314453, -19.87779998779297, -3.9663896560668945, 1.3235549926757812, -10.302081108093262, 3.3996622562408447, 96.44560241699219, 43.97446060180664, 37.046695709228516, 34.019161224365234, 26.754037857055664, 26.01862335205078, 14.546936988830566, 13.492541313171387, 17.581218719482422, 14.215235710144043, 12.131322860717773, 13.141079902648926, 7.211702823638916, 0.27753105759620667, 0.3227483034133911, 0.3502693772315979, 0.44855841994285583, 0.507933497428894, 0.5282450318336487, 0.57963627576828, 0.5182852149009705, 0.4331565201282501, 0.33399632573127747, 0.2359723001718521, 0.22991329431533813, 0.3114052414894104, 0.35576021671295166, 0.3478999733924866, 0.3576401472091675, 0.35090526938438416, 0.3434182107448578, 0.35250332951545715, 0.32412174344062805, 0.3292401432991028, 0.32971733808517456, 0.2734847068786621, 0.27904289960861206, 1694.467599032267, 903.4599908788863, 3326.1457963423295, 1297.846310136303, 0.06531316583806818, 0.0645787297510019]"
processed_emodb\13a02Nc.wav,N,"[-213.36305236816406, 117.89240264892578, -22.180906295776367, 55.42723083496094, -16.058547973632812, 22.372547149658203, -11.8056640625, 1.672769546508789, -13.033973693847656, -10.154709815979004, -2.7657623291015625, 3.243028402328491, -1.154669165611267, 102.42382049560547, 45.0196533203125, 36.63910675048828, 25.12744903564453, 34.126869201660156, 18.046571731567383, 24.106704711914062, 13.283502578735352, 12.601645469665527, 13.468841552734375, 12.273152351379395, 8.10484504699707, 14.282698631286621, 0.407812237739563, 0.42531874775886536, 0.4623206853866577, 0.46884942054748535, 0.3963564336299896, 0.3404333293437958, 0.35705238580703735, 0.3601234257221222, 0.4128628075122833, 0.35181063413619995, 0.2673860788345337, 0.30568334460258484, 0.3768036663532257, 0.37717100977897644, 0.36219990253448486, 0.3708663284778595, 0.38895565271377563, 0.3489052355289459, 0.37679654359817505, 0.32974955439567566, 0.3669757544994354, 0.3278948664665222, 0.26562735438346863, 0.30849629640579224, 1548.1233215865632, 1020.4576294190695, 3093.3396283318016, 1776.678533943578, 0.05058737362132353, 0.07486072303818234]"
processed_emodb\13a01Fd.wav,F,"[-254.304931640625, 85.43482971191406, -50.931396484375, 22.549699783325195, -22.320438385009766, 12.294990539550781, -23.44290542602539, 5.803301811218262, -18.307918548583984, -4.650293350219727, 5.084250450134277, -4.741085052490234, 2.7806594371795654, 111.09526824951172, 43.06159210205078, 52.11760330200195, 31.487957000732422, 30.585464477539062, 20.31265640258789, 20.008136749267578, 14.984824180603027, 15.642499923706055, 13.588765144348145, 13.94370174407959, 12.379855155944824, 10.488768577575684, 0.2667522132396698, 0.26053398847579956, 0.2684759497642517, 0.3724721074104309, 0.4421696066856384, 0.43151935935020447, 0.44360658526420593, 0.446524977684021, 0.4412294328212738, 0.3488137125968933, 0.2573665976524353, 0.20927897095680237, 0.356902539730072, 0.34855151176452637, 0.33445480465888977, 0.37695789337158203, 0.3883090913295746, 0.3861405551433563, 0.37847498059272766, 0.35856401920318604, 0.3823220133781433, 0.34698817133903503, 0.3023204803466797, 0.2641407549381256, 1598.137099057327, 1097.214878358366, 2959.1085294397867, 1590.2560125389953, 0.06080292492378049, 0.08375092690970916]"
processed_emodb\10b03La.wav,L,"[-197.28662109375, 148.80902099609375, -18.540069580078125, 43.89738845825195, -8.989463806152344, 10.538207054138184, 2.4650275707244873, -4.747531890869141, -21.763450622558594, 2.3080620765686035, -1.3109949827194214, -0.1445757895708084, 13.188331604003906, 75.95590209960938, 45.32931137084961, 24.93479347229004, 24.384136199951172, 24.96115493774414, 20.68408203125, 14.536225318908691, 13.723408699035645, 13.319019317626953, 11.23826789855957, 11.870198249816895, 11.37338638305664, 9.087884902954102, 0.3924483358860016, 0.42655760049819946, 0.3798863887786865, 0.41129621863365173, 0.42340990900993347, 0.4250585436820984, 0.4006190299987793, 0.4114915430545807, 0.490918904542923, 0.46982625126838684, 0.41184309124946594, 0.34974175691604614, 0.29851335287094116, 0.330339640378952, 0.3012027144432068, 0.35529837012290955, 0.321219265460968, 0.33938074111938477, 0.298446387052536, 0.3102467954158783, 0.32473301887512207, 0.2844023108482361, 0.2895224094390869, 0.25823667645454407, 1241.9735671828596, 658.7689072331372, 2472.2074751420455, 1471.7825228728354, 0.03983487215909091, 0.03247886560651614]"
processed_emodb\13a01Nb.wav,N,"[-191.67848205566406, 116.36813354492188, -18.17522430419922, 45.24216079711914, -21.19181251525879, 20.516376495361328, -8.036872863769531, -3.261944055557251, -10.265716552734375, -2.9993081092834473, 3.000516891479492, 1.0465331077575684, -1.0485613346099854, 96.02848052978516, 52.97312545776367, 30.43848991394043, 28.037918090820312, 27.1541690826416, 18.771381378173828, 18.485301971435547, 11.328414916992188, 14.24937915802002, 14.872114181518555, 8.787449836730957, 10.867413520812988, 13.705463409423828, 0.27247074246406555, 0.3203045129776001, 0.3652857542037964, 0.36487048864364624, 0.3401556611061096, 0.3235790729522705, 0.3755481541156769, 0.4733164310455322, 0.4874981939792633, 0.5541402697563171, 0.44003280997276306, 0.29857775568962097, 0.31371650099754333, 0.3409656584262848, 0.3588433563709259, 0.36140865087509155, 0.36254146695137024, 0.35146763920783997, 0.34379473328590393, 0.3790574371814728, 0.3222426772117615, 0.34782543778419495, 0.3485276401042938, 0.29053598642349243, 1463.1153203663966, 975.2632156526442, 2885.2860884232955, 1634.0160628429055, 0.05223129734848485, 0.07713972631496968]"
processed_emodb\14a04Wb.wav,W,"[-224.41966247558594, 94.69241333007812, -62.265708923339844, 43.2338752746582, -42.993797302246094, 14.581544876098633, -20.846508026123047, -3.9149739742279053, -7.768146991729736, -18.902137756347656, -0.9001266360282898, -12.9291410446167, -10.2835111618042, 109.74955749511719, 29.96442413330078, 58.01039505004883, 27.230133056640625, 35.84540557861328, 17.612869262695312, 19.849424362182617, 13.341771125793457, 11.484830856323242, 15.537342071533203, 13.251642227172852, 9.579267501831055, 9.999259948730469, 0.3236508071422577, 0.3481745421886444, 0.3546731173992157, 0.40562254190444946, 0.49239349365234375, 0.5368053317070007, 0.393352746963501, 0.26023179292678833, 0.26895833015441895, 0.27042749524116516, 0.32718682289123535, 0.37025517225265503, 0.30687350034713745, 0.342944860458374, 0.3349871039390564, 0.3154742121696472, 0.34557297825813293, 0.368362694978714, 0.3232000768184662, 0.27678829431533813, 0.32319629192352295, 0.31427982449531555, 0.3361850082874298, 0.34934109449386597, 1944.804618133648, 768.3065375890036, 3953.6396484375, 1464.6845018242618, 0.07188151041666667, 0.04045580669649797]"
processed_emodb\13a05Wc.wav,W,"[-247.28799438476562, 75.2093734741211, -49.65803527832031, 16.16767692565918, -26.398845672607422, 3.2477903366088867, -13.845279693603516, 2.995861291885376, -13.73637866973877, -6.122127056121826, -4.638768672943115, -3.3284401893615723, 3.278130054473877, 82.35205078125, 48.820159912109375, 42.09798812866211, 32.12351608276367, 33.90827941894531, 21.867589950561523, 18.72549819946289, 16.030052185058594, 11.675132751464844, 11.111837387084961, 12.762554168701172, 12.090624809265137, 14.471521377563477, 0.36021074652671814, 0.3403933048248291, 0.37317395210266113, 0.3982393741607666, 0.4186452031135559, 0.5021604895591736, 0.5269290208816528, 0.4592061936855316, 0.43179526925086975, 0.37298980355262756, 0.34397032856941223, 0.33175671100616455, 0.32569950819015503, 0.3163549602031708, 0.3488171398639679, 0.36120277643203735, 0.3618038296699524, 0.37713107466697693, 0.3866276741027832, 0.36289724707603455, 0.3749428987503052, 0.3497377932071686, 0.3162051737308502, 0.31162989139556885, 1444.7934555110864, 839.2624414661905, 2834.1235017123286, 1563.986447521283, 0.023962569563356163, 0.027316687978099833]"
processed_emodb\08b03Tc.wav,T,"[-287.0361328125, 104.6746826171875, 13.046915054321289, 38.97568130493164, 1.8052616119384766, 29.609697341918945, 0.8874224424362183, 11.825945854187012, 3.412123203277588, 2.0014772415161133, 7.849878311157227, 0.22104552388191223, 3.920285224914551, 123.189453125, 45.60239028930664, 29.709299087524414, 25.174938201904297, 24.222211837768555, 15.698188781738281, 18.51958465576172, 10.014010429382324, 11.33187484741211, 14.433268547058105, 9.016722679138184, 10.543514251708984, 9.75246810913086, 0.533137857913971, 0.6249625086784363, 0.7284067869186401, 0.7630946636199951, 0.6986128091812134, 0.6426749229431152, 0.5949646830558777, 0.546755313873291, 0.5240579843521118, 0.5051873922348022, 0.4867194890975952, 0.47225672006607056, 0.3035021424293518, 0.29585298895835876, 0.28792861104011536, 0.30856016278266907, 0.35579049587249756, 0.3972221314907074, 0.4184391498565674, 0.4096949100494385, 0.3934106230735779, 0.36038318276405334, 0.3340325355529785, 0.30561354756355286, 823.5263865781576, 874.001237419701, 1417.5190770348838, 1773.8639105151053, 0.012601946059431525, 0.0255567707119081]"
processed_emodb\16b10Lb.wav,L,"[-225.1494903564453, 92.22097778320312, -26.921710968017578, 67.77609252929688, -11.966249465942383, 10.69041633605957, -14.655853271484375, -1.281887173652649, -3.266458511352539, -1.615304946899414, 3.0667734146118164, -5.267063617706299, -0.7082006931304932, 94.80062103271484, 32.960147857666016, 41.036964416503906, 27.229429244995117, 21.672964096069336, 18.730398178100586, 22.69167709350586, 16.033517837524414, 11.701589584350586, 12.49145221710205, 8.289545059204102, 8.678064346313477, 10.398873329162598, 0.29815617203712463, 0.40324410796165466, 0.5144249200820923, 0.5547638535499573, 0.4123757481575012, 0.30835404992103577, 0.3303241729736328, 0.3850743770599365, 0.3581993579864502, 0.33540329337120056, 0.30211102962493896, 0.3151592016220093, 0.30173778533935547, 0.359506219625473, 0.35642123222351074, 0.3809569776058197, 0.36359497904777527, 0.33902090787887573, 0.3575579822063446, 0.3790983259677887, 0.37169477343559265, 0.3404734432697296, 0.30940619111061096, 0.32290133833885193, 1437.7861291462266, 776.2263410141898, 3183.228849884648, 1676.1093588952185, 0.022716547818791948, 0.02191505633450824]"
processed_emodb\15b02Aa.wav,A,"[-201.980224609375, 102.03040313720703, -33.38481903076172, 53.79898452758789, -25.58100700378418, 25.78402328491211, -11.073785781860352, 8.097623825073242, -17.50628662109375, -3.0897011756896973, -1.830732822418213, -6.336440086364746, 6.951168060302734, 115.79031372070312, 49.43848419189453, 40.177162170410156, 27.488088607788086, 29.019163131713867, 24.648029327392578, 21.63888168334961, 13.613357543945312, 16.28250503540039, 11.955904006958008, 15.432588577270508, 11.861387252807617, 8.394170761108398, 0.31464436650276184, 0.34303969144821167, 0.37056368589401245, 0.41306638717651367, 0.46875959634780884, 0.4366229474544525, 0.45274922251701355, 0.4516143202781677, 0.44356852769851685, 0.38134151697158813, 0.3695393204689026, 0.3338581621646881, 0.3122648298740387, 0.343328058719635, 0.3450159430503845, 0.3419323265552521, 0.3626454174518585, 0.3395825922489166, 0.3643021583557129, 0.3416074514389038, 0.3589482307434082, 0.3264631927013397, 0.3257793188095093, 0.31404656171798706, 1935.126960528014, 1122.2267902572062, 3630.1952362060547, 1792.3795291360923, 0.06990814208984375, 0.05126190526195525]"
processed_emodb\14a05Lb.wav,L,"[-283.1146240234375, 124.610595703125, -0.9660857319831848, 47.70294952392578, -15.030970573425293, 18.417417526245117, -4.6401286125183105, -8.231030464172363, -3.698030948638916, -4.349686622619629, 3.688965320587158, -2.723602771759033, 1.7191141843795776, 84.39759826660156, 55.74729919433594, 37.949546813964844, 28.61247444152832, 30.09145736694336, 22.213104248046875, 16.2324161529541, 16.64189910888672, 10.013090133666992, 11.866120338439941, 11.00054931640625, 8.803808212280273, 12.25759506225586, 0.43902939558029175, 0.42065486311912537, 0.4697173237800598, 0.4636288285255432, 0.46018102765083313, 0.395804226398468, 0.36159154772758484, 0.3544153571128845, 0.3972836136817932, 0.42906418442726135, 0.45916837453842163, 0.5046094059944153, 0.35370883345603943, 0.34600865840911865, 0.36786195635795593, 0.33765459060668945, 0.3661443889141083, 0.35304197669029236, 0.36239951848983765, 0.34382933378219604, 0.33961859345436096, 0.3394758999347687, 0.3353099822998047, 0.3721153438091278, 1189.2522572299767, 1014.513315159352, 2302.140245939556, 1849.5627293374719, 0.02737266138980263, 0.037900702638632384]"
processed_emodb\16a02Tc.wav,T,"[-187.9395294189453, 84.3385238647461, -28.86701202392578, 58.15037155151367, -7.916937351226807, 28.63431167602539, -10.085637092590332, 0.8082067966461182, -2.4767348766326904, 3.2953007221221924, 7.50283145904541, 2.7999043464660645, -0.40653330087661743, 73.23316192626953, 35.38036346435547, 25.854154586791992, 24.17922019958496, 24.004812240600586, 18.572364807128906, 18.638763427734375, 12.449544906616211, 11.266809463500977, 11.3377103805542, 11.158689498901367, 7.083591938018799, 9.80264949798584, 0.25462862849235535, 0.2962811589241028, 0.36569732427597046, 0.41030776500701904, 0.388182669878006, 0.44822192192077637, 0.6688970327377319, 0.708487331867218, 0.5497389435768127, 0.3889480531215668, 0.2940593659877777, 0.24147087335586548, 0.280745267868042, 0.3188217282295227, 0.3667982518672943, 0.3919941484928131, 0.35859644412994385, 0.34328702092170715, 0.3652764558792114, 0.2871593236923218, 0.32482436299324036, 0.338882714509964, 0.3013000190258026, 0.279447466135025, 1671.8354972339619, 1151.3135221811865, 3467.4123663651317, 1791.6713126705001, 0.03280222039473684, 0.05319824738614797]"
processed_emodb\10b09Lb.wav,L,"[-214.2177734375, 145.96359252929688, -14.997878074645996, 56.665016174316406, 8.650527954101562, 13.246598243713379, -3.855074882507324, -10.182144165039062, -13.766554832458496, -0.4307311773300171, -1.4249826669692993, 4.935213088989258, 12.489946365356445, 94.50668334960938, 46.90319061279297, 28.58902359008789, 22.213443756103516, 27.127559661865234, 22.161212921142578, 14.706252098083496, 13.048294067382812, 16.63863754272461, 10.83729076385498, 14.791362762451172, 14.343719482421875, 7.69158411026001, 0.31054800748825073, 0.28230422735214233, 0.35230913758277893, 0.4009948968887329, 0.4363727867603302, 0.4623298645019531, 0.4861491322517395, 0.5403938293457031, 0.5087698698043823, 0.39658570289611816, 0.3550778925418854, 0.34926146268844604, 0.27675265073776245, 0.26992738246917725, 0.31231412291526794, 0.3410625159740448, 0.35977184772491455, 0.34073272347450256, 0.31712400913238525, 0.3196968138217926, 0.33254027366638184, 0.32563266158103943, 0.32435107231140137, 0.2634200155735016, 1099.1514927846338, 737.1226448720282, 2285.042953491211, 1503.798409657113, 0.028064727783203125, 0.026335942500335906]"
processed_emodb\03a01Nc.wav,N,"[-256.4019775390625, 146.27232360839844, -28.022815704345703, 46.12865447998047, -3.7328250408172607, 16.07900047302246, -8.609336853027344, -3.965578317642212, -12.191924095153809, 2.45154070854187, 9.285246849060059, -2.4014623165130615, 7.848224639892578, 122.34346008300781, 61.50908660888672, 38.83403015136719, 31.376623153686523, 22.416847229003906, 14.473494529724121, 17.37164878845215, 17.11110496520996, 14.968475341796875, 15.547844886779785, 13.823389053344727, 11.384955406188965, 10.217206954956055, 0.4808201491832733, 0.46762919425964355, 0.49440982937812805, 0.581139862537384, 0.5424509048461914, 0.5536423325538635, 0.5324075222015381, 0.48210906982421875, 0.4411238133907318, 0.41926348209381104, 0.3502695560455322, 0.36197754740715027, 0.3371834456920624, 0.3187620937824249, 0.32819509506225586, 0.3193325400352478, 0.3143538534641266, 0.3650265336036682, 0.3655766546726227, 0.33645397424697876, 0.3366810977458954, 0.31149423122406006, 0.30269622802734375, 0.28830844163894653, 1193.484777492803, 829.6387329458504, 2280.05859375, 1446.989560207901, 0.03826032366071429, 0.05744526619825512]"
processed_emodb\03a04Ad.wav,A,"[-199.7780303955078, 97.73440551757812, -43.88792037963867, 46.89567947387695, -31.215656280517578, 30.257997512817383, -24.826271057128906, 7.733030319213867, -13.1348237991333, -6.890410900115967, 0.6643951535224915, -9.058812141418457, 0.568398654460907, 97.02664184570312, 41.521507263183594, 34.15266799926758, 31.60540199279785, 26.08248519897461, 14.81226921081543, 20.77829360961914, 12.73498249053955, 11.49634838104248, 12.652365684509277, 12.808632850646973, 9.946662902832031, 7.881875514984131, 0.40323078632354736, 0.3438703119754791, 0.3098548948764801, 0.3072141110897064, 0.3776596188545227, 0.41452276706695557, 0.406867116689682, 0.3951165974140167, 0.3939649164676666, 0.4870838522911072, 0.5226666927337646, 0.4669676721096039, 0.32751983404159546, 0.33638080954551697, 0.33083251118659973, 0.3402196168899536, 0.37911930680274963, 0.3600709140300751, 0.3496367633342743, 0.33802154660224915, 0.32429999113082886, 0.34337466955184937, 0.341356486082077, 0.34916651248931885, 1937.253327255871, 1022.2310639555377, 3886.411884014423, 1682.3248917768226, 0.054537259615384616, 0.04444790746087265]"
processed_emodb\16b03Ta.wav,T,"[-249.63528442382812, 92.45667266845703, -13.12064266204834, 53.90298843383789, -4.487797737121582, 30.418445587158203, 1.066449522972107, 1.678936243057251, -4.096463203430176, 3.1744229793548584, 8.820615768432617, -4.720570087432861, -0.2078450471162796, 111.03854370117188, 43.02018737792969, 30.96894645690918, 29.12167739868164, 22.64986228942871, 16.85947608947754, 17.042064666748047, 12.276407241821289, 15.344218254089355, 13.91917896270752, 9.426885604858398, 10.54414176940918, 11.599078178405762, 0.28876757621765137, 0.3162277340888977, 0.38418200612068176, 0.4896831214427948, 0.5880901217460632, 0.6230758428573608, 0.6239404082298279, 0.5597429275512695, 0.4595470726490021, 0.3713831901550293, 0.3209880590438843, 0.29524752497673035, 0.3371012806892395, 0.35511064529418945, 0.37758389115333557, 0.4015263617038727, 0.38756704330444336, 0.3573736846446991, 0.360268235206604, 0.39628520607948303, 0.4049018621444702, 0.38311755657196045, 0.3548451364040375, 0.3303695023059845, 1338.0742529439817, 1012.1162059848406, 2669.0739121547963, 1876.3346968639005, 0.032245488129844964, 0.046898588139195334]"
processed_emodb\14b09Fc.wav,F,"[-269.86126708984375, 90.46231079101562, -40.82927703857422, 47.243778228759766, -16.374277114868164, 6.286926746368408, -16.821014404296875, -7.6897358894348145, -9.301810264587402, -15.505730628967285, 2.422539710998535, -4.737969398498535, -2.763664960861206, 103.72148132324219, 28.083694458007812, 49.61869430541992, 28.395118713378906, 29.425304412841797, 17.58940315246582, 18.46287727355957, 16.51572036743164, 11.092286109924316, 16.70091438293457, 9.237619400024414, 11.507755279541016, 12.110424995422363, 0.3995843827724457, 0.39231351017951965, 0.2720898985862732, 0.2627452313899994, 0.3119741380214691, 0.3880367577075958, 0.36982619762420654, 0.38533085584640503, 0.4279419183731079, 0.45543310046195984, 0.46983373165130615, 0.43169644474983215, 0.3186132311820984, 0.35787490010261536, 0.28410348296165466, 0.30390217900276184, 0.34020674228668213, 0.3517339825630188, 0.3242757320404053, 0.3396547734737396, 0.35738250613212585, 0.3482443690299988, 0.35583755373954773, 0.3538745641708374, 1689.4596075566558, 789.1485183818346, 3448.4733371559632, 1602.3801680153272, 0.044281285837155966, 0.0301796312695454]"
processed_emodb\14a02Ea.wav,E,"[-250.99807739257812, 105.12004852294922, -29.51432991027832, 51.444332122802734, -14.4146089553833, 30.495983123779297, -18.398906707763672, 0.16446799039840698, -16.179502487182617, -5.127452373504639, 10.050348281860352, -2.1335606575012207, 10.725337028503418, 104.36620330810547, 39.14741897583008, 37.964412689208984, 34.6170539855957, 29.489723205566406, 17.08272361755371, 22.904409408569336, 15.222029685974121, 14.060212135314941, 17.492883682250977, 12.05224323272705, 9.576889038085938, 7.965176105499268, 0.3364173173904419, 0.3351706564426422, 0.3702545166015625, 0.37982454895973206, 0.4046803414821625, 0.45446842908859253, 0.4976207911968231, 0.5499046444892883, 0.5844039916992188, 0.5010383129119873, 0.4747125506401062, 0.41019007563591003, 0.2978250980377197, 0.3130865693092346, 0.3492424786090851, 0.33739253878593445, 0.3514530658721924, 0.37356817722320557, 0.3734174370765686, 0.34758153557777405, 0.3466918170452118, 0.33202266693115234, 0.34300777316093445, 0.3165976405143738, 1505.6236819324622, 1003.2138509981796, 3114.2637510557433, 1917.1864813809073, 0.026952245213963964, 0.025222215141479074]"
processed_emodb\13a05Nb.wav,N,"[-294.5728759765625, 110.61952209472656, -5.65972900390625, 60.68426513671875, -13.038956642150879, 17.770648956298828, -7.805485248565674, -1.1927573680877686, -12.708123207092285, -3.936962127685547, -2.9927213191986084, 0.5112412571907043, 0.1266360580921173, 80.21271514892578, 53.07143783569336, 33.6532096862793, 30.043928146362305, 25.999061584472656, 18.667072296142578, 13.99919319152832, 13.842470169067383, 14.025174140930176, 11.644241333007812, 9.829980850219727, 9.90902042388916, 12.850935935974121, 0.26490578055381775, 0.28406161069869995, 0.2511448562145233, 0.2352657914161682, 0.25059735774993896, 0.3437485098838806, 0.5464989542961121, 0.6015845537185669, 0.5031523704528809, 0.4166223108768463, 0.32985031604766846, 0.29516708850860596, 0.3062044382095337, 0.3192056715488434, 0.2941683828830719, 0.3128598630428314, 0.32541707158088684, 0.33202630281448364, 0.37369176745414734, 0.35637423396110535, 0.3508509695529938, 0.36987924575805664, 0.33966222405433655, 0.33273130655288696, 1466.597345159106, 1063.231468098037, 2808.9907438858695, 1843.0206634720096, 0.052833446557971016, 0.06449554774610133]"
processed_emodb\11a07Ld.wav,L,"[-217.8057403564453, 121.2031478881836, 1.2422144412994385, 64.0763931274414, -3.769183397293091, 24.79033660888672, -17.77897071838379, 2.611050844192505, -3.548405885696411, -1.4274953603744507, 9.64477252960205, -1.4334489107131958, -2.855966329574585, 70.0606460571289, 57.90856170654297, 26.52930450439453, 25.60137367248535, 25.790555953979492, 20.73841094970703, 17.611373901367188, 13.960793495178223, 14.829385757446289, 11.966353416442871, 14.151952743530273, 10.665629386901855, 8.380653381347656, 0.40575292706489563, 0.4103153347969055, 0.4303284287452698, 0.40324774384498596, 0.33807310461997986, 0.3252433240413666, 0.393779456615448, 0.386893093585968, 0.35743626952171326, 0.2956294119358063, 0.3157156705856323, 0.43478986620903015, 0.3170449733734131, 0.34212037920951843, 0.3815726935863495, 0.3486383557319641, 0.34093499183654785, 0.3232412338256836, 0.3087857663631439, 0.3377421796321869, 0.3538866341114044, 0.2983923554420471, 0.29369303584098816, 0.39364761114120483, 1284.766678650324, 1136.9729947910685, 2461.686823918269, 2170.221030451765, 0.018053886217948716, 0.022306762302664148]"
processed_emodb\14b03Wb.wav,W,"[-268.19085693359375, 84.52519226074219, -44.180973052978516, 36.68149948120117, -37.370052337646484, 14.85710334777832, -8.913534164428711, -5.81339168548584, -8.150851249694824, -10.83697509765625, -0.8140383958816528, -10.558084487915039, -0.08668967336416245, 104.3774185180664, 34.98027801513672, 53.917686462402344, 27.28156089782715, 35.11860656738281, 23.64018440246582, 16.928922653198242, 18.711706161499023, 11.849711418151855, 13.468708992004395, 11.632855415344238, 10.089873313903809, 11.487813949584961, 0.322434663772583, 0.3582523763179779, 0.3977866470813751, 0.4393334686756134, 0.4033145010471344, 0.3746532201766968, 0.3691304326057434, 0.3281354010105133, 0.31612539291381836, 0.3051072955131531, 0.3413063585758209, 0.3673848509788513, 0.32216736674308777, 0.3462245464324951, 0.35225412249565125, 0.3480745255947113, 0.3538787066936493, 0.35780051350593567, 0.35677361488342285, 0.32490965723991394, 0.3256891965866089, 0.350737988948822, 0.34593379497528076, 0.3515760898590088, 1878.0996833520423, 791.7913401182446, 3885.7818603515625, 1586.0289453788034, 0.06514195033482142, 0.045859751076087904]"
processed_emodb\12b02Wa.wav,W,"[-233.7800750732422, 103.81114196777344, -41.43274688720703, 39.03873825073242, -33.995365142822266, 0.09567514806985855, -8.54553508758545, 5.192538261413574, -23.216907501220703, -1.655495524406433, 2.8291521072387695, -7.441519260406494, 9.714319229125977, 97.30366516113281, 47.09758758544922, 50.23127365112305, 38.61784362792969, 27.53474998474121, 25.47197151184082, 16.184213638305664, 13.391180992126465, 17.88606834411621, 10.794567108154297, 16.922513961791992, 14.022669792175293, 9.312610626220703, 0.3995768129825592, 0.35740819573402405, 0.3077291250228882, 0.3890068829059601, 0.4245167672634125, 0.4032236337661743, 0.39827653765678406, 0.35806798934936523, 0.37590664625167847, 0.399373322725296, 0.43532148003578186, 0.4620755612850189, 0.3074469566345215, 0.33877089619636536, 0.31343892216682434, 0.3598017990589142, 0.3536081314086914, 0.3169808089733124, 0.3152686357498169, 0.3104549050331116, 0.31934216618537903, 0.33036601543426514, 0.3412152826786041, 0.32976511120796204, 1668.5243834194976, 785.8146266877011, 3166.81640625, 1408.7773012542673, 0.05457356770833333, 0.03595801242583507]"
processed_emodb\16a02Ec.wav,E,"[-232.45274353027344, 98.19335174560547, -51.32607650756836, 44.52976989746094, -7.709298133850098, 21.740034103393555, -25.80903434753418, 1.9618077278137207, -22.19889259338379, -6.368182182312012, -1.4287928342819214, -5.529211521148682, -3.384317398071289, 121.34847259521484, 49.67198181152344, 38.786376953125, 31.221920013427734, 27.54560089111328, 20.476530075073242, 23.62703514099121, 16.334861755371094, 16.87963104248047, 13.25320816040039, 11.216397285461426, 10.471330642700195, 11.002742767333984, 0.2580482065677643, 0.3269924223423004, 0.34134194254875183, 0.3701261579990387, 0.38021120429039, 0.3503679633140564, 0.3356318175792694, 0.4286957383155823, 0.466139018535614, 0.4351274073123932, 0.3776552975177765, 0.29580050706863403, 0.2298123985528946, 0.29648587107658386, 0.29948681592941284, 0.3319634199142456, 0.31328079104423523, 0.3213192820549011, 0.3344002962112427, 0.3884631395339966, 0.381133496761322, 0.3278868496417999, 0.3026667833328247, 0.28789055347442627, 2042.3694474447086, 1075.9490008523567, 3707.000732421875, 1670.4274654857588, 0.10149468315972222, 0.11167382017975212]"
processed_emodb\12a05Wb.wav,W,"[-217.8009033203125, 98.30001068115234, -62.26216506958008, 49.49049758911133, -33.04645919799805, -0.3246491253376007, -10.983954429626465, 9.891983032226562, -26.787118911743164, 5.239927768707275, 0.13861800730228424, -13.985705375671387, 10.929655075073242, 109.74007415771484, 49.63264846801758, 50.35356521606445, 32.83665084838867, 39.45717239379883, 26.468320846557617, 18.045259475708008, 14.17392349243164, 18.037307739257812, 12.981335639953613, 13.110237121582031, 13.854945182800293, 11.654998779296875, 0.4813767373561859, 0.4261009693145752, 0.40328142046928406, 0.4176611602306366, 0.42187681794166565, 0.44634509086608887, 0.49465543031692505, 0.5075864791870117, 0.5374876856803894, 0.4956684708595276, 0.5251359343528748, 0.5046973824501038, 0.3135075271129608, 0.3302938640117645, 0.34129616618156433, 0.34886670112609863, 0.348226398229599, 0.3302210867404938, 0.33835944533348083, 0.3264051377773285, 0.3420715928077698, 0.3064327836036682, 0.30088961124420166, 0.3100891709327698, 1758.0896315771001, 887.306074964547, 3341.282886227235, 1528.9010497480806, 0.05068424048013245, 0.038000690118687765]"
processed_emodb\15b09Wb.wav,W,"[-249.37075805664062, 95.63219451904297, -55.9565315246582, 65.5565414428711, -21.240001678466797, 25.235483169555664, -25.23162269592285, 10.581731796264648, -9.067292213439941, -8.984871864318848, -2.9796383380889893, -3.5238919258117676, 3.346952438354492, 116.71696472167969, 40.12879180908203, 49.34992980957031, 30.007604598999023, 36.821842193603516, 19.15445899963379, 21.626081466674805, 14.031038284301758, 12.64760971069336, 15.802587509155273, 10.79438304901123, 10.104571342468262, 7.428462505340576, 0.34934288263320923, 0.37747347354888916, 0.46788129210472107, 0.5254844427108765, 0.5127655267715454, 0.5198296308517456, 0.44263461232185364, 0.42198652029037476, 0.45684441924095154, 0.49610379338264465, 0.46349236369132996, 0.409317284822464, 0.290946900844574, 0.3169717788696289, 0.34643059968948364, 0.3424593508243561, 0.33408868312835693, 0.3556269705295563, 0.3385778069496155, 0.3620964288711548, 0.3532886207103729, 0.3427460193634033, 0.306377112865448, 0.32567545771598816, 1608.9459273717455, 782.9742773605881, 3404.118546195652, 1686.9167932248133, 0.02963654891304348, 0.03544462594847818]"
processed_emodb\03a02Fc.wav,F,"[-249.7271270751953, 93.01728820800781, -31.8593692779541, 39.79166793823242, -19.674766540527344, 24.08719825744629, -19.103025436401367, 4.507823467254639, -14.314406394958496, -6.19046688079834, -1.7840262651443481, -7.275413990020752, 2.854328155517578, 101.3095474243164, 38.1199836730957, 29.803585052490234, 30.240665435791016, 29.762969970703125, 13.113536834716797, 28.549440383911133, 13.999615669250488, 15.584537506103516, 13.960369110107422, 13.254804611206055, 9.122735023498535, 10.39484977722168, 0.27714085578918457, 0.37621453404426575, 0.44352179765701294, 0.4261977970600128, 0.47153469920158386, 0.4630567729473114, 0.42263635993003845, 0.3179015815258026, 0.3262595236301422, 0.4119654595851898, 0.3805285096168518, 0.2938705384731293, 0.3282124698162079, 0.38391953706741333, 0.390219509601593, 0.36963585019111633, 0.4091512858867645, 0.37924861907958984, 0.38474681973457336, 0.3507141172885895, 0.34261858463287354, 0.3845081031322479, 0.354714959859848, 0.3176010549068451, 1615.8687284022956, 883.5115838986958, 3419.0766433189656, 1646.7352372750904, 0.044304507902298854, 0.044209577920324136]"
processed_emodb\11a05Fb.wav,F,"[-254.01092529296875, 102.18132781982422, -27.041500091552734, 39.615726470947266, -13.795422554016113, 9.001636505126953, -16.357866287231445, 8.526006698608398, -7.500429153442383, -2.3190131187438965, 3.3243448734283447, -10.428509712219238, 0.758199155330658, 97.11357116699219, 65.99372863769531, 34.844886779785156, 33.10317611694336, 30.0523681640625, 25.5336971282959, 17.762516021728516, 14.87893009185791, 12.944668769836426, 11.86464786529541, 11.799415588378906, 11.847015380859375, 12.541937828063965, 0.3536580801010132, 0.4112778902053833, 0.47783076763153076, 0.433319628238678, 0.4182761311531067, 0.42386746406555176, 0.46121999621391296, 0.5189979672431946, 0.5266233682632446, 0.4523383378982544, 0.3740268647670746, 0.3402176797389984, 0.305630087852478, 0.33618685603141785, 0.38255617022514343, 0.3546464145183563, 0.36209097504615784, 0.3501391112804413, 0.34233394265174866, 0.3392964005470276, 0.3489508032798767, 0.33897820115089417, 0.2995353937149048, 0.3091045916080475, 1584.4284500053172, 1160.0495874930464, 2985.0226907169117, 1859.3471030796647, 0.0528109681372549, 0.06876697835289396]"
processed_emodb\08b03Nb.wav,N,"[-225.5615234375, 122.12356567382812, -11.307908058166504, 35.47935485839844, -26.044422149658203, 20.55581283569336, -10.011322975158691, -0.3214888572692871, -9.13645076751709, -5.334168434143066, -2.7243845462799072, -2.269318103790283, -2.5051379203796387, 88.33492279052734, 50.720333099365234, 35.005008697509766, 33.05474853515625, 25.403106689453125, 21.312740325927734, 19.267166137695312, 13.116450309753418, 13.98261547088623, 15.006768226623535, 9.778215408325195, 9.136157035827637, 13.025223731994629, 0.3899272084236145, 0.3713451325893402, 0.3311008810997009, 0.3249025046825409, 0.3426206707954407, 0.3145380914211273, 0.3172109127044678, 0.3657476305961609, 0.4191107451915741, 0.4143966734409332, 0.37845373153686523, 0.37260982394218445, 0.33145853877067566, 0.3407096564769745, 0.34827136993408203, 0.34718477725982666, 0.379552960395813, 0.35227999091148376, 0.3375014662742615, 0.3473743498325348, 0.3559432327747345, 0.3378647267818451, 0.3351401090621948, 0.3498615324497223, 1423.3283147564225, 1032.2494651653262, 2695.2615489130435, 1803.3138611276145, 0.04249563276397515, 0.04412540946165734]"
processed_emodb\14a05Ta.wav,T,"[-207.2903289794922, 121.36222839355469, -6.02632999420166, 67.357666015625, -16.20384979248047, 36.295387268066406, -5.067480087280273, 8.346975326538086, -9.281953811645508, -2.5265979766845703, 5.080816268920898, -5.293115139007568, 8.555920600891113, 79.13640594482422, 56.15102767944336, 29.13753318786621, 25.26349449157715, 28.667224884033203, 19.13617706298828, 18.338239669799805, 13.080770492553711, 12.05859088897705, 13.564455032348633, 10.20456314086914, 10.705801010131836, 10.344072341918945, 0.42786264419555664, 0.4771738052368164, 0.557060182094574, 0.6466837525367737, 0.6182233691215515, 0.4862961769104004, 0.4294467270374298, 0.4525211751461029, 0.4685289263725281, 0.45270273089408875, 0.48915213346481323, 0.4406464993953705, 0.29766789078712463, 0.30914244055747986, 0.3242248296737671, 0.32499828934669495, 0.32700270414352417, 0.33101794123649597, 0.3467863202095032, 0.3612428903579712, 0.3515373170375824, 0.31368130445480347, 0.32717013359069824, 0.2965228855609894, 1253.747300508237, 1101.4932265555422, 2562.8524116847825, 2030.4708164819956, 0.015688688858695652, 0.025466746831424275]"
processed_emodb\03b09Wa.wav,W,"[-244.3506622314453, 98.45738220214844, -38.17117691040039, 53.29011535644531, -5.872033596038818, 5.573047637939453, -11.343498229980469, 3.840390205383301, -18.857927322387695, -9.77878475189209, 0.5545693635940552, -9.10435962677002, 1.708255648612976, 92.7757339477539, 44.332061767578125, 40.801368713378906, 40.15269470214844, 27.572341918945312, 25.248863220214844, 15.704532623291016, 12.561914443969727, 13.791740417480469, 15.284411430358887, 13.228919982910156, 9.106263160705566, 10.638072967529297, 0.2857392430305481, 0.2872890532016754, 0.3511956036090851, 0.42559805512428284, 0.533790111541748, 0.5028947591781616, 0.4319223463535309, 0.44655129313468933, 0.41496631503105164, 0.38706672191619873, 0.3555834889411926, 0.30621621012687683, 0.2999911308288574, 0.3027469515800476, 0.328828901052475, 0.33428898453712463, 0.349296897649765, 0.3475472331047058, 0.3344436287879944, 0.37943291664123535, 0.36663034558296204, 0.33562734723091125, 0.324808806180954, 0.30871209502220154, 1734.8057235054332, 933.5306066881141, 3176.6642578125, 1556.6417064070015, 0.06083203125, 0.04437344331831629]"
processed_emodb\03b09La.wav,L,"[-251.4394073486328, 144.6235809326172, -15.557266235351562, 47.731571197509766, 9.395759582519531, 11.46191120147705, -10.242118835449219, -10.017850875854492, -9.660045623779297, 0.5403578877449036, -2.714224338531494, -6.798686504364014, 2.338329315185547, 99.30683898925781, 52.348331451416016, 37.656681060791016, 31.34369468688965, 25.5832576751709, 21.03465461730957, 16.66093635559082, 13.603950500488281, 14.71406364440918, 12.060755729675293, 13.229583740234375, 11.282161712646484, 8.825389862060547, 0.41140928864479065, 0.4556584060192108, 0.4260593056678772, 0.4201541244983673, 0.4687801003456116, 0.4265781342983246, 0.45789992809295654, 0.5157174468040466, 0.538939893245697, 0.4747142195701599, 0.3441655933856964, 0.36039233207702637, 0.27558383345603943, 0.30307483673095703, 0.3174997866153717, 0.3294137120246887, 0.3647077977657318, 0.33579501509666443, 0.3353801369667053, 0.29365038871765137, 0.30734309554100037, 0.3147030770778656, 0.2816706895828247, 0.2811032235622406, 1191.208791287406, 821.5866798198111, 2324.62890625, 1451.0806637097194, 0.040201822916666664, 0.05070523824991755]"
processed_emodb\03b02Na.wav,N,"[-219.72019958496094, 143.11875915527344, -18.318456649780273, 54.51124572753906, -14.030134201049805, 18.837804794311523, -8.314846992492676, -4.106728553771973, -12.463888168334961, 2.7292990684509277, 5.381811141967773, -4.343182563781738, 6.1740851402282715, 86.26158142089844, 60.0930290222168, 34.698917388916016, 30.961713790893555, 26.984664916992188, 23.090808868408203, 17.283905029296875, 13.5862398147583, 12.538148880004883, 10.908197402954102, 11.735309600830078, 10.735998153686523, 9.47732925415039, 0.4005318880081177, 0.4300469756126404, 0.4594991207122803, 0.49529674649238586, 0.486873984336853, 0.48912131786346436, 0.5166042447090149, 0.5026353597640991, 0.48623645305633545, 0.4296739995479584, 0.37737470865249634, 0.3457612991333008, 0.3025156259536743, 0.30438169836997986, 0.3351477384567261, 0.3339490592479706, 0.31835949420928955, 0.33689436316490173, 0.33109980821609497, 0.2847958505153656, 0.3256196677684784, 0.29994773864746094, 0.2877879738807678, 0.25625401735305786, 1316.5118729868939, 972.1147495246279, 2518.537001722441, 1716.5343754374862, 0.03254952017716536, 0.03262063954751813]"
processed_emodb\12a05Lb.wav,L,"[-237.89727783203125, 126.56827545166016, -25.543333053588867, 55.894142150878906, -7.520671844482422, 4.2371439933776855, -0.6150065064430237, 4.196110248565674, -22.97719955444336, 0.6342682838439941, 4.510608196258545, -7.212878704071045, 6.7463274002075195, 98.49526977539062, 49.12335968017578, 39.76975631713867, 27.641767501831055, 29.677133560180664, 23.37869644165039, 15.598671913146973, 15.061691284179688, 17.391002655029297, 8.985198974609375, 11.263935089111328, 12.916962623596191, 8.70335865020752, 0.42284366488456726, 0.43824782967567444, 0.47174718976020813, 0.5081653594970703, 0.47197580337524414, 0.4439300000667572, 0.3737904727458954, 0.37842538952827454, 0.42344599962234497, 0.3976063132286072, 0.3292776942253113, 0.3222764730453491, 0.34436675906181335, 0.33444666862487793, 0.3451003432273865, 0.3831638991832733, 0.35523349046707153, 0.3840735852718353, 0.360450804233551, 0.3497469127178192, 0.3780961334705353, 0.3577041029930115, 0.3143831491470337, 0.29089829325675964, 1144.0083852359726, 767.3835130042817, 2437.4280894886365, 1625.9984184871514, 0.02111150568181818, 0.022395086462346624]"
processed_emodb\13a07Lb.wav,L,"[-207.22244262695312, 88.29466247558594, -0.050151143223047256, 64.54682159423828, -10.753915786743164, 24.37251091003418, -12.563194274902344, 3.2204413414001465, -11.768167495727539, -10.176645278930664, 2.7348742485046387, -7.999503135681152, -2.284250259399414, 73.16366577148438, 44.69776153564453, 25.5484619140625, 21.17024803161621, 25.451969146728516, 23.39139175415039, 18.71686363220215, 15.503055572509766, 12.626524925231934, 13.566476821899414, 11.693610191345215, 9.144186973571777, 11.572599411010742, 0.29152119159698486, 0.43032416701316833, 0.4985187351703644, 0.37798425555229187, 0.2792154848575592, 0.22419783473014832, 0.27017220854759216, 0.27748897671699524, 0.21796944737434387, 0.2183433622121811, 0.1872043013572693, 0.2098187804222107, 0.33382853865623474, 0.3611914813518524, 0.40518179535865784, 0.33975037932395935, 0.35302841663360596, 0.309348464012146, 0.33816635608673096, 0.371748685836792, 0.28581851720809937, 0.28869205713272095, 0.2695261538028717, 0.2878393232822418, 1805.953961580477, 1341.6765371455288, 3437.73193359375, 1947.593512023852, 0.0748714524872449, 0.10464046056760286]"
processed_emodb\11b01Fc.wav,F,"[-250.78903198242188, 109.50480651855469, -31.32439422607422, 53.776798248291016, -9.19753646850586, 17.95110321044922, -18.642213821411133, 10.702948570251465, -1.706911325454712, -1.0278922319412231, -3.779172897338867, -10.174525260925293, 2.02246356010437, 104.14212036132812, 60.22115707397461, 42.60665512084961, 26.11652183532715, 29.969127655029297, 19.0955810546875, 18.866554260253906, 14.452935218811035, 13.613509178161621, 15.813809394836426, 11.833476066589355, 10.86939811706543, 10.64245891571045, 0.3677605390548706, 0.4206084609031677, 0.4472859799861908, 0.45932143926620483, 0.4629514217376709, 0.43431568145751953, 0.41774511337280273, 0.43191272020339966, 0.4341520071029663, 0.43435463309288025, 0.3786298930644989, 0.36319005489349365, 0.32237863540649414, 0.34152930974960327, 0.3404071629047394, 0.34772974252700806, 0.3662126958370209, 0.3587229549884796, 0.3440893292427063, 0.3486575484275818, 0.3567452132701874, 0.3666378855705261, 0.3050742745399475, 0.3203805387020111, 1562.2381647173343, 1118.2924240061982, 2973.9099451013512, 1888.0073064067165, 0.0386182080518018, 0.04356844576988481]"
processed_emodb\13b10Wc.wav,W,"[-249.50177001953125, 98.11990356445312, -59.34272766113281, 29.120569229125977, -23.706029891967773, -1.1079272031784058, -22.201623916625977, 5.967065334320068, -21.11412239074707, -9.812396049499512, -3.470029830932617, -3.07712459564209, -0.9313091039657593, 91.46678924560547, 27.787797927856445, 46.44102096557617, 25.792287826538086, 22.33728790283203, 19.891328811645508, 15.46556568145752, 13.364279747009277, 15.018745422363281, 15.24493408203125, 10.855903625488281, 12.478414535522461, 10.474529266357422, 0.25297945737838745, 0.27855217456817627, 0.3194468319416046, 0.3898756206035614, 0.43469229340553284, 0.3774632215499878, 0.3585415482521057, 0.36903318762779236, 0.3394429385662079, 0.3064882755279541, 0.2870284914970398, 0.26585763692855835, 0.3244611322879791, 0.3325330317020416, 0.34523481130599976, 0.36795154213905334, 0.3911571800708771, 0.33931952714920044, 0.37002700567245483, 0.37910351157188416, 0.34509435296058655, 0.3509905934333801, 0.3439462184906006, 0.32727208733558655, 1340.1557335532711, 448.57794216280325, 2632.2484509698274, 938.3395482523082, 0.037458748653017244, 0.029779483893559222]"
processed_emodb\16a04Ea.wav,E,"[-217.070556640625, 117.55256652832031, -47.831180572509766, 40.6695556640625, -7.046132564544678, 23.26206398010254, -19.200605392456055, -1.7978898286819458, -9.476473808288574, -7.210063457489014, 2.512028932571411, 2.816047430038452, -4.002707004547119, 93.29084777832031, 44.227970123291016, 42.15674591064453, 40.47077560424805, 18.97708511352539, 18.086397171020508, 21.372127532958984, 15.570711135864258, 12.810371398925781, 13.60434341430664, 9.69530200958252, 8.323832511901855, 10.734844207763672, 0.2881132960319519, 0.2649633288383484, 0.28353559970855713, 0.3437866270542145, 0.38781800866127014, 0.4229031503200531, 0.4659692049026489, 0.5290829539299011, 0.5276193022727966, 0.5017592310905457, 0.41479265689849854, 0.3214917778968811, 0.27960270643234253, 0.2839786112308502, 0.31702616810798645, 0.3504447042942047, 0.362834632396698, 0.3661791980266571, 0.35722944140434265, 0.3535780608654022, 0.34048551321029663, 0.34666186571121216, 0.3417189121246338, 0.311292827129364, 1348.3381636178788, 794.224631418048, 2617.688519021739, 1710.613209119057, 0.031746773097826086, 0.025997399283689097]"
processed_emodb\13b09Fb.wav,F,"[-220.03903198242188, 103.92180633544922, -36.02534866333008, 46.43535232543945, -13.121020317077637, 8.16894245147705, -18.693252563476562, 5.705422401428223, -18.457515716552734, -3.71999454498291, 1.5234956741333008, -5.417268753051758, 3.706669330596924, 92.25762939453125, 37.13840866088867, 42.269954681396484, 25.991662979125977, 22.903396606445312, 19.954753875732422, 14.463717460632324, 13.21937084197998, 14.727428436279297, 14.459573745727539, 11.527006149291992, 9.844261169433594, 13.054981231689453, 0.34319955110549927, 0.3368168771266937, 0.3240661025047302, 0.3346681296825409, 0.37217065691947937, 0.3214629590511322, 0.3129224181175232, 0.35864925384521484, 0.43552857637405396, 0.43078428506851196, 0.3421754539012909, 0.3395668864250183, 0.3406215012073517, 0.32732343673706055, 0.3434004485607147, 0.33942165970802307, 0.36479368805885315, 0.34344518184661865, 0.35444557666778564, 0.3436622619628906, 0.3835303783416748, 0.3884239196777344, 0.3296343684196472, 0.34238216280937195, 1223.1143759986912, 629.5163718073792, 2639.467104019657, 1593.5450556160827, 0.021728515625, 0.018915473724012574]"
processed_emodb\08b09Tb.wav,T,"[-302.174560546875, 95.6430435180664, 15.337528228759766, 42.69479751586914, 9.33383846282959, 26.363872528076172, -1.7616679668426514, 9.858222007751465, 4.702111721038818, -0.6513364315032959, 6.839351654052734, 2.0965869426727295, 2.0474789142608643, 127.83362579345703, 48.782108306884766, 34.979949951171875, 23.845552444458008, 26.47559928894043, 12.86721420288086, 22.676244735717773, 9.928454399108887, 10.507479667663574, 15.2926025390625, 9.787758827209473, 8.917223930358887, 12.020490646362305, 0.45768240094184875, 0.5255612134933472, 0.6184461116790771, 0.7263650298118591, 0.763986349105835, 0.7001503109931946, 0.6229003071784973, 0.5617595911026001, 0.5012688636779785, 0.4654478132724762, 0.44327643513679504, 0.4117772579193115, 0.35435208678245544, 0.3492380976676941, 0.3378087878227234, 0.32863330841064453, 0.3146111071109772, 0.3460710346698761, 0.37972521781921387, 0.39679673314094543, 0.3895263373851776, 0.3764520287513733, 0.3565012216567993, 0.3268894553184509, 897.7192917239843, 1033.9789571884485, 1502.1814090689434, 1874.2577897610443, 0.024085185781786943, 0.055944074938141415]"
processed_emodb\16b10Tb.wav,T,"[-223.32261657714844, 89.85041809082031, -21.99420738220215, 58.65985870361328, -3.7168405055999756, 23.070768356323242, -7.01482629776001, -1.1047019958496094, -2.6072027683258057, 0.59751296043396, 3.239999294281006, -1.2714229822158813, -4.067904472351074, 109.60368347167969, 34.39504623413086, 31.796907424926758, 22.51350212097168, 19.90418243408203, 18.773300170898438, 16.33498191833496, 17.433521270751953, 14.369643211364746, 14.22266674041748, 9.943864822387695, 9.682583808898926, 10.721150398254395, 0.2736954391002655, 0.2753658890724182, 0.2645268440246582, 0.26555508375167847, 0.2980841100215912, 0.35719797015190125, 0.4689948558807373, 0.6060354709625244, 0.584587574005127, 0.5092732906341553, 0.4456401467323303, 0.3152490258216858, 0.32880887389183044, 0.3588655889034271, 0.34971389174461365, 0.3550172746181488, 0.36710724234580994, 0.3845706880092621, 0.3703542947769165, 0.3682050108909607, 0.3527601361274719, 0.3635067045688629, 0.3798616826534271, 0.31121939420700073, 1623.9921436370546, 1002.2007084350722, 3362.95869334644, 1445.4513021747853, 0.05530189362582782, 0.07770166891550528]"
processed_emodb\03b10Nc.wav,N,"[-231.3965606689453, 136.8387908935547, -9.261919975280762, 57.2535514831543, -2.1220555305480957, 20.089929580688477, -21.290149688720703, -5.774951934814453, -5.426927089691162, -4.552696228027344, 1.7029958963394165, -3.883340835571289, 2.579815626144409, 88.81497192382812, 55.82228088378906, 34.57218933105469, 29.952754974365234, 27.861614227294922, 20.075944900512695, 18.1451416015625, 18.232332229614258, 14.40682315826416, 14.286365509033203, 13.388557434082031, 9.396971702575684, 9.616453170776367, 0.27644968032836914, 0.42034855484962463, 0.550586462020874, 0.5043949484825134, 0.40256038308143616, 0.4113558828830719, 0.42735421657562256, 0.39313173294067383, 0.3863847553730011, 0.43667471408843994, 0.3701755106449127, 0.268089234828949, 0.27308884263038635, 0.3252291679382324, 0.33861690759658813, 0.351127952337265, 0.32756179571151733, 0.356427401304245, 0.3690069913864136, 0.3368251621723175, 0.32066214084625244, 0.32371455430984497, 0.29766881465911865, 0.27015551924705505, 1063.4358419467248, 904.991130305448, 2101.0574340820312, 1771.7964469944716, 0.014801025390625, 0.011394532447024127]"
processed_emodb\13b03Wc.wav,W,"[-245.96495056152344, 99.19034576416016, -52.776161193847656, 14.664172172546387, -24.350204467773438, 12.39356517791748, -24.349149703979492, 1.026045322418213, -19.511972427368164, -5.502457618713379, 1.6449825763702393, -5.457389831542969, 3.151573896408081, 92.33355712890625, 32.63613510131836, 45.729820251464844, 24.314401626586914, 28.434410095214844, 23.857177734375, 18.570409774780273, 12.31862735748291, 13.220840454101562, 12.790586471557617, 11.3109130859375, 10.474380493164062, 12.899845123291016, 0.2858687937259674, 0.35577845573425293, 0.4592772126197815, 0.5268076062202454, 0.5170976519584656, 0.40220820903778076, 0.34766626358032227, 0.3279837667942047, 0.2772815525531769, 0.24566245079040527, 0.26269540190696716, 0.27672243118286133, 0.32069286704063416, 0.3413318991661072, 0.3818764388561249, 0.3547079861164093, 0.36830589175224304, 0.3672526180744171, 0.36142900586128235, 0.36051926016807556, 0.3392568826675415, 0.3344839811325073, 0.3131065368652344, 0.30870765447616577, 1448.892977973647, 538.1785919079448, 2920.440673828125, 1409.883960597605, 0.04715670072115385, 0.03817291814826124]"
processed_emodb\15a02Ea.wav,E,"[-200.51199340820312, 104.29550170898438, -26.07695198059082, 73.70997619628906, -13.098512649536133, 37.913055419921875, -17.12228775024414, 11.62030029296875, -11.73703670501709, 0.5190702676773071, 3.958820343017578, -3.7409186363220215, 8.387727737426758, 111.4686279296875, 49.133697509765625, 32.513710021972656, 35.185508728027344, 36.07526397705078, 24.479822158813477, 20.067079544067383, 15.764132499694824, 13.003254890441895, 10.845743179321289, 12.32778549194336, 13.458100318908691, 6.893853664398193, 0.512335479259491, 0.5142478346824646, 0.5210655331611633, 0.4513024389743805, 0.4011077582836151, 0.4264824688434601, 0.4450509548187256, 0.44420692324638367, 0.4335951805114746, 0.3818366825580597, 0.3976491391658783, 0.4593706727027893, 0.303533673286438, 0.29345348477363586, 0.3669966757297516, 0.36925166845321655, 0.3620813190937042, 0.37572038173675537, 0.3540917634963989, 0.3336799442768097, 0.3521212041378021, 0.3281603455543518, 0.3044770061969757, 0.3207337558269501, 1832.7187293131476, 1184.5116926639362, 3641.0411906692216, 2089.6994351645667, 0.04982771963443396, 0.059225166550703805]"
processed_emodb\03b01Wa.wav,W,"[-220.93679809570312, 103.64517211914062, -51.811553955078125, 60.891719818115234, -14.711715698242188, 18.082748413085938, -23.024232864379883, 0.07673025876283646, -17.723411560058594, -6.02420711517334, -3.3349270820617676, -6.331846714019775, 5.129326820373535, 90.6473617553711, 52.5715446472168, 39.654388427734375, 29.537418365478516, 25.97992706298828, 23.82577896118164, 18.93256187438965, 13.54086971282959, 13.372476577758789, 14.319883346557617, 16.0867862701416, 10.77660083770752, 13.15619945526123, 0.3259490430355072, 0.3312085270881653, 0.3484424352645874, 0.3855847716331482, 0.3906497061252594, 0.38568612933158875, 0.42129069566726685, 0.4895280599594116, 0.5194770097732544, 0.5071113109588623, 0.4314134120941162, 0.34059616923332214, 0.3022000193595886, 0.3056259751319885, 0.3151182532310486, 0.33764034509658813, 0.353477418422699, 0.3403583765029907, 0.3499642014503479, 0.3510720431804657, 0.3287118375301361, 0.36491185426712036, 0.3317171037197113, 0.2903639078140259, 1820.3105789632973, 1003.4405581099264, 3500.978120844415, 1693.9235326633561, 0.05346160239361702, 0.04937082799975957]"
processed_emodb\14a02Nc.wav,N,"[-222.67416381835938, 122.86843872070312, -5.087512493133545, 48.150299072265625, -11.273063659667969, 27.98845100402832, -12.206356048583984, 2.0711724758148193, -7.166487693786621, -9.302398681640625, 4.777085781097412, -3.3396005630493164, 4.955097675323486, 91.79109954833984, 42.96543884277344, 28.344051361083984, 25.42905044555664, 29.690610885620117, 17.98219871520996, 22.513877868652344, 14.221963882446289, 10.564323425292969, 10.99421215057373, 10.26948070526123, 8.174513816833496, 7.345498561859131, 0.39476829767227173, 0.5303458571434021, 0.5258135795593262, 0.48197969794273376, 0.452691912651062, 0.459460586309433, 0.4985995590686798, 0.4828094244003296, 0.5265231132507324, 0.49708083271980286, 0.33348214626312256, 0.29968348145484924, 0.3205208480358124, 0.3885912597179413, 0.38728758692741394, 0.38233107328414917, 0.4088233411312103, 0.3971802294254303, 0.3933301270008087, 0.3406214118003845, 0.34458720684051514, 0.3517630100250244, 0.30690476298332214, 0.28089049458503723, 1085.8222517296329, 815.2376820308872, 2216.5306829637098, 1788.6565628425058, 0.01657006048387097, 0.019042942693724002]"
processed_emodb\15b10Nb.wav,N,"[-209.4736785888672, 137.00839233398438, -27.414817810058594, 79.77213287353516, 0.4361748695373535, 25.406166076660156, -0.971030056476593, 10.932347297668457, -8.49527359008789, -0.5712777972221375, -1.6972541809082031, -1.866247534751892, 3.7684786319732666, 97.83243560791016, 46.26594161987305, 32.55075454711914, 27.009212493896484, 26.92444610595703, 19.391836166381836, 16.22381019592285, 12.761701583862305, 13.9925537109375, 11.148619651794434, 13.92437744140625, 10.90060043334961, 6.164203643798828, 0.31773069500923157, 0.3307252824306488, 0.41205403208732605, 0.4732265770435333, 0.5345796942710876, 0.5717461109161377, 0.5002040266990662, 0.4528317451477051, 0.4333231747150421, 0.46188172698020935, 0.47377824783325195, 0.365979939699173, 0.28783923387527466, 0.2938899099826813, 0.33804890513420105, 0.3684788942337036, 0.31518498063087463, 0.32501837611198425, 0.28604599833488464, 0.31793057918548584, 0.32137179374694824, 0.3332839906215668, 0.3240974545478821, 0.2778252959251404, 1388.7488004520612, 896.7041230827001, 2928.4034729003906, 1470.9588189504323, 0.047419230143229164, 0.04612717519968889]"
processed_emodb\16b01Aa.wav,A,"[-205.03614807128906, 58.401275634765625, -56.35820770263672, 63.42053985595703, -33.22458267211914, 17.67563819885254, -31.74864387512207, -3.9778130054473877, -12.093843460083008, -11.00674057006836, -6.056724548339844, -4.627960681915283, -2.0599710941314697, 108.08392333984375, 39.14778518676758, 36.26118850708008, 23.181791305541992, 23.46472930908203, 19.39499855041504, 19.189393997192383, 15.627589225769043, 13.030623435974121, 15.899256706237793, 10.616427421569824, 10.428138732910156, 10.982524871826172, 0.33458682894706726, 0.3097960948944092, 0.3880775570869446, 0.4434265196323395, 0.47627541422843933, 0.3531961143016815, 0.253003865480423, 0.30831870436668396, 0.32933223247528076, 0.25878891348838806, 0.3046407997608185, 0.38040855526924133, 0.3437153697013855, 0.344550222158432, 0.3468501567840576, 0.33689895272254944, 0.3805719017982483, 0.33127135038375854, 0.28750938177108765, 0.3415714502334595, 0.3583557903766632, 0.2922596037387848, 0.3308241367340088, 0.3708511292934418, 2560.6970883926156, 1045.1765898155666, 4770.20263671875, 1114.854152032112, 0.143701171875, 0.1135375987499524]"
processed_emodb\10b01Lb.wav,L,"[-199.19287109375, 138.35809326171875, -17.097728729248047, 72.82925415039062, 10.119415283203125, 23.02008819580078, 0.24103601276874542, -3.7457425594329834, -20.717851638793945, -0.007784554269164801, 2.5818631649017334, -4.581254005432129, 8.119708061218262, 75.21446228027344, 46.88018798828125, 31.128589630126953, 23.343204498291016, 26.900400161743164, 19.20724105834961, 14.762105941772461, 11.977569580078125, 16.530548095703125, 9.921549797058105, 12.527159690856934, 11.764031410217285, 7.29847526550293, 0.28452053666114807, 0.3435129225254059, 0.41504356265068054, 0.4454718232154846, 0.49941325187683105, 0.5707710385322571, 0.5959405899047852, 0.4731117784976959, 0.43171054124832153, 0.4314362704753876, 0.36242321133613586, 0.289852499961853, 0.25266921520233154, 0.2660974860191345, 0.32888486981391907, 0.328081876039505, 0.35478273034095764, 0.33001184463500977, 0.33696454763412476, 0.3185117542743683, 0.3231525123119354, 0.2754351496696472, 0.2879493236541748, 0.28998515009880066, 1008.8371652452649, 717.1484161949073, 2196.8706109550562, 1642.0461766974756, 0.010873858848314606, 0.007703649134785587]"
processed_emodb\15b03Nb.wav,N,"[-209.03382873535156, 140.3623504638672, -23.70866584777832, 64.13597869873047, -20.559314727783203, 27.370468139648438, 3.8176870346069336, 11.557806015014648, -11.048867225646973, -4.89858341217041, 3.2725629806518555, 2.075810670852661, 5.815216541290283, 90.60459899902344, 55.41405487060547, 30.998689651489258, 25.800081253051758, 31.57977294921875, 26.521730422973633, 15.032112121582031, 10.83646011352539, 12.317892074584961, 12.3862943649292, 14.594022750854492, 9.464542388916016, 7.271272659301758, 0.41083645820617676, 0.3969701826572418, 0.4349377155303955, 0.4821394681930542, 0.5292341113090515, 0.5427776575088501, 0.4993060529232025, 0.4483415484428406, 0.4382990598678589, 0.4444349706172943, 0.45636025071144104, 0.4571259021759033, 0.28343144059181213, 0.26958179473876953, 0.31594058871269226, 0.33123689889907837, 0.35138270258903503, 0.3314805328845978, 0.2971540689468384, 0.30561017990112305, 0.31712329387664795, 0.3246666491031647, 0.31046992540359497, 0.30280932784080505, 1436.6376830769616, 867.9874360966006, 2997.094195822011, 1562.6297841571513, 0.045615375905797104, 0.03613380758140487]"
processed_emodb\14a07Na.wav,N,"[-232.47044372558594, 116.26644134521484, 6.848728179931641, 59.42698669433594, -13.74881649017334, 26.744884490966797, -12.762513160705566, 5.213701248168945, -7.337005138397217, -3.9972336292266846, 7.666911602020264, -7.87086820602417, 3.836531162261963, 112.81201171875, 54.7652473449707, 30.21585464477539, 29.02095603942871, 27.89238929748535, 21.656118392944336, 22.179912567138672, 17.230878829956055, 14.701400756835938, 14.547380447387695, 9.821860313415527, 10.487937927246094, 14.094549179077148, 0.3509041666984558, 0.3589725196361542, 0.42118364572525024, 0.5372801423072815, 0.6317636966705322, 0.47919997572898865, 0.3896484076976776, 0.39350107312202454, 0.32870224118232727, 0.3497456908226013, 0.42175137996673584, 0.4111362397670746, 0.331691175699234, 0.37054845690727234, 0.3597210943698883, 0.3506384789943695, 0.37275704741477966, 0.3606902062892914, 0.3804090619087219, 0.4224807620048523, 0.3482705056667328, 0.35335347056388855, 0.353449285030365, 0.3091142773628235, 1210.542394797276, 1166.4441425240266, 2380.8387169471152, 2290.0247316937084, 0.022616543612637364, 0.036431398224983584]"
processed_emodb\09b02Tb.wav,T,"[-175.02590942382812, 126.78080749511719, -14.620426177978516, 55.79678726196289, -8.467503547668457, 31.184146881103516, -0.6091598272323608, 1.7665324211120605, -5.241321086883545, 4.68875789642334, 2.8833725452423096, -9.263357162475586, 6.103248119354248, 76.55169677734375, 49.82392883300781, 30.972156524658203, 33.90939712524414, 27.668243408203125, 23.682048797607422, 21.302520751953125, 10.878506660461426, 9.902822494506836, 13.841714859008789, 10.958979606628418, 8.999070167541504, 12.49222469329834, 0.17997528612613678, 0.2196715921163559, 0.3208104074001312, 0.5869529843330383, 0.72865229845047, 0.5429413914680481, 0.37615352869033813, 0.26477378606796265, 0.21392767131328583, 0.19064126908779144, 0.16483761370182037, 0.17027871310710907, 0.25827479362487793, 0.2810201048851013, 0.2985108494758606, 0.3409647047519684, 0.31860843300819397, 0.32286471128463745, 0.36681586503982544, 0.3269590437412262, 0.3084258735179901, 0.29486724734306335, 0.24501563608646393, 0.2454310804605484, 1344.9254339057477, 1064.464873780372, 2751.2755575059336, 1897.9717784690577, 0.04042227056962025, 0.05424792870501611]"
processed_emodb\14a04Wc.wav,W,"[-298.0054016113281, 72.18135070800781, -47.08930206298828, 29.767478942871094, -29.294946670532227, 8.467655181884766, -8.67910099029541, 1.2727315425872803, -3.7291383743286133, -7.486747741699219, 0.03897664695978165, -8.276214599609375, -0.8200775384902954, 140.9288330078125, 38.70915985107422, 57.99619674682617, 23.36536979675293, 35.7839469909668, 20.088363647460938, 20.624731063842773, 12.566239356994629, 12.197171211242676, 12.306750297546387, 10.821817398071289, 12.632455825805664, 11.150383949279785, 0.38974708318710327, 0.43906500935554504, 0.47303506731987, 0.47377684712409973, 0.42064735293388367, 0.4910999834537506, 0.5428534150123596, 0.5728479027748108, 0.5177503228187561, 0.4078439772129059, 0.3514907658100128, 0.33068206906318665, 0.36889544129371643, 0.38984155654907227, 0.3880678117275238, 0.39290839433670044, 0.3854367434978485, 0.3994586169719696, 0.3791844844818115, 0.3756820261478424, 0.3757198750972748, 0.3607729375362396, 0.3495110869407654, 0.3279471695423126, 1355.3280428642515, 851.540523911081, 2805.0454235951834, 1952.9061919145468, 0.03145158400229358, 0.036575176142298986]"
processed_emodb\09a02Eb.wav,E,"[-261.66455078125, 95.62486267089844, -46.87313461303711, 37.58683776855469, -12.794917106628418, 2.4419374465942383, -27.047325134277344, -12.282187461853027, -12.982348442077637, -7.187460899353027, -5.909206390380859, 3.812938690185547, -0.11489757150411606, 108.01347351074219, 40.182281494140625, 47.61433792114258, 38.59163284301758, 27.46452522277832, 22.532703399658203, 23.834871292114258, 15.752992630004883, 11.25887680053711, 10.34162712097168, 9.562870025634766, 10.753220558166504, 7.185334205627441, 0.4105459749698639, 0.3179280459880829, 0.2831228971481323, 0.2832552492618561, 0.2803901433944702, 0.33373013138771057, 0.28728818893432617, 0.35802221298217773, 0.4446432292461395, 0.48159393668174744, 0.45864275097846985, 0.4633060693740845, 0.35746461153030396, 0.325480192899704, 0.3117254078388214, 0.34996333718299866, 0.3383103013038635, 0.37346750497817993, 0.3131659924983978, 0.360402911901474, 0.37728163599967957, 0.36988160014152527, 0.310405433177948, 0.37247639894485474, 1702.3234098398989, 814.7680847203841, 3226.717862215909, 1573.2852312231332, 0.06045069839015151, 0.05294174844836111]"
processed_emodb\11b09Na.wav,N,"[-209.50418090820312, 149.36279296875, -34.280067443847656, 64.99909973144531, 0.6005229949951172, 17.7377986907959, 2.6036391258239746, -1.7695692777633667, -12.619895935058594, -5.2386555671691895, -7.5913190841674805, -1.9322781562805176, 2.955439567565918, 89.0850601196289, 47.2975959777832, 35.357730865478516, 29.071247100830078, 31.05480194091797, 23.447546005249023, 17.708343505859375, 14.112249374389648, 16.26080894470215, 9.706680297851562, 14.373151779174805, 9.735275268554688, 8.136077880859375, 0.37888970971107483, 0.40948376059532166, 0.35670366883277893, 0.3359590470790863, 0.3757466971874237, 0.4050421714782715, 0.48363029956817627, 0.4561040997505188, 0.43861040472984314, 0.46416178345680237, 0.4271102249622345, 0.40044960379600525, 0.24591697752475739, 0.2837781608104706, 0.25794658064842224, 0.28903740644454956, 0.32349342107772827, 0.3092087209224701, 0.3358128070831299, 0.29106664657592773, 0.29454970359802246, 0.30213215947151184, 0.3054180443286896, 0.27996256947517395, 1376.6750313037494, 853.0351242983904, 2723.4375, 1468.0945182062123, 0.04795851934523809, 0.047005703356472486]"
processed_emodb\16b03Fa.wav,F,"[-270.58648681640625, 63.63376998901367, -65.87230682373047, 32.842201232910156, -27.24254035949707, 8.916152954101562, -10.063072204589844, -2.1467044353485107, -10.289332389831543, -3.6453375816345215, 2.3874151706695557, -3.5453860759735107, -2.0129637718200684, 100.57901000976562, 31.783252716064453, 56.39564514160156, 24.702144622802734, 23.837438583374023, 22.20980453491211, 19.55811882019043, 15.492191314697266, 11.611710548400879, 12.036689758300781, 11.586024284362793, 11.478165626525879, 10.661514282226562, 0.360481858253479, 0.4291975796222687, 0.4767402708530426, 0.5118114948272705, 0.5049865245819092, 0.5000550746917725, 0.523392379283905, 0.5027061700820923, 0.4810149073600769, 0.39398348331451416, 0.3574996590614319, 0.35751381516456604, 0.3137756884098053, 0.3375454843044281, 0.350687175989151, 0.3557649254798889, 0.35876795649528503, 0.37110450863838196, 0.3494032621383667, 0.3465021550655365, 0.36694014072418213, 0.3381398618221283, 0.3144179582595825, 0.3250846564769745, 1154.677345204296, 570.8585510972399, 2593.010268525449, 1371.2686730906123, 0.011505309693113773, 0.021992597204443503]"
processed_emodb\13a04Lb.wav,L,"[-184.97247314453125, 119.38082885742188, -17.26009750366211, 61.79744338989258, -24.373228073120117, 24.016895294189453, -16.54637336730957, 8.106873512268066, -8.097098350524902, -3.906911849975586, 10.721112251281738, -9.203149795532227, 0.5558345317840576, 72.02452087402344, 42.61222457885742, 31.9797306060791, 30.715240478515625, 24.022830963134766, 21.069063186645508, 20.264453887939453, 9.665336608886719, 11.789319038391113, 13.128081321716309, 9.771114349365234, 9.742045402526855, 10.288594245910645, 0.2582782208919525, 0.3414516746997833, 0.45475512742996216, 0.49765723943710327, 0.4114052653312683, 0.5043423175811768, 0.5504933595657349, 0.4365934729576111, 0.31574055552482605, 0.26541855931282043, 0.23928065598011017, 0.22353629767894745, 0.28913357853889465, 0.31348663568496704, 0.3669416010379791, 0.38681545853614807, 0.3075960874557495, 0.36576926708221436, 0.3673138916492462, 0.3533581793308258, 0.31516334414482117, 0.27986788749694824, 0.2728483974933624, 0.2818661034107208, 1298.276227521245, 888.680702709268, 2743.929455943943, 1833.6432465786254, 0.015947164948453607, 0.016074089722936852]"
processed_emodb\15b03Tc.wav,T,"[-242.2245330810547, 112.63585662841797, 1.0636283159255981, 58.582252502441406, -0.9893854260444641, 32.59434127807617, 13.92869758605957, 15.588537216186523, 1.185856580734253, 1.6367005109786987, 8.106138229370117, 4.559380054473877, 6.044632434844971, 106.98213195800781, 55.551658630371094, 27.905536651611328, 26.918455123901367, 33.812660217285156, 19.154823303222656, 15.186712265014648, 10.272531509399414, 10.701746940612793, 12.209312438964844, 9.529568672180176, 9.059629440307617, 9.978802680969238, 0.4231179654598236, 0.43361136317253113, 0.45552194118499756, 0.4700891673564911, 0.48270899057388306, 0.5118706226348877, 0.567655622959137, 0.6687242388725281, 0.7228007316589355, 0.7432352304458618, 0.5908263325691223, 0.47710099816322327, 0.3076300621032715, 0.355147123336792, 0.3773706257343292, 0.38741451501846313, 0.3728504478931427, 0.3704620599746704, 0.33274054527282715, 0.3194369673728943, 0.22147206962108612, 0.2554917633533478, 0.2536718249320984, 0.282878041267395, 852.2586758532082, 860.2934903655946, 1718.6479048295455, 1849.1450316726591, 0.006402614312770563, 0.007272323136354961]"
processed_emodb\16a01Fc.wav,F,"[-231.06324768066406, 74.68490600585938, -74.38845825195312, 49.57475662231445, -33.12665557861328, 16.619606018066406, -17.672718048095703, 4.341536045074463, -10.468945503234863, -3.9556028842926025, -1.4260848760604858, -2.8718948364257812, 5.566822052001953, 99.414794921875, 40.83466720581055, 51.40520477294922, 32.652732849121094, 25.64971923828125, 20.19140625, 18.739042282104492, 17.924217224121094, 17.648557662963867, 12.583653450012207, 10.718586921691895, 10.69154167175293, 14.125823020935059, 0.32767418026924133, 0.3780699074268341, 0.3671519160270691, 0.34325850009918213, 0.3453978896141052, 0.35224679112434387, 0.47886770963668823, 0.5085833072662354, 0.4689997136592865, 0.370648056268692, 0.30127575993537903, 0.279657244682312, 0.3340460956096649, 0.35846248269081116, 0.3829653561115265, 0.34533417224884033, 0.36853155493736267, 0.333581805229187, 0.35400786995887756, 0.3525671660900116, 0.34046459197998047, 0.34292563796043396, 0.30989834666252136, 0.31169620156288147, 1969.702848043735, 922.0796471039084, 3704.7757662259614, 1512.583457008958, 0.06824669471153846, 0.048813263799304084]"
processed_emodb\12b09Td.wav,T,"[-249.8151397705078, 135.3611297607422, -8.763627052307129, 65.78304290771484, -5.46343994140625, 14.703901290893555, -2.7924633026123047, 5.728317737579346, -5.698546886444092, 7.972190856933594, 5.920755386352539, 4.766262054443359, 7.294365406036377, 124.26557159423828, 56.5084228515625, 31.661752700805664, 32.059539794921875, 24.8261661529541, 20.55253791809082, 13.879552841186523, 14.334368705749512, 14.72159481048584, 9.59348201751709, 12.38711929321289, 9.534648895263672, 8.032002449035645, 0.45479893684387207, 0.4803934395313263, 0.4849199056625366, 0.5577027797698975, 0.569586455821991, 0.5030487775802612, 0.5190826654434204, 0.589567244052887, 0.7159204483032227, 0.7718026638031006, 0.5640196204185486, 0.4540175199508667, 0.2970638871192932, 0.3467631936073303, 0.36267372965812683, 0.3424663543701172, 0.3239787817001343, 0.3623742163181305, 0.3669445216655731, 0.328689306974411, 0.2609155774116516, 0.25103673338890076, 0.2539330720901489, 0.28930559754371643, 819.0151934670085, 691.5940550280777, 1742.3490084134614, 1548.0203848899655, 0.005684094551282051, 0.00662458783084289]"
processed_emodb\10a02Wa.wav,W,"[-224.50892639160156, 102.64439392089844, -52.803714752197266, 47.86994552612305, -22.29999351501465, 26.163238525390625, -5.636075496673584, 17.928712844848633, -18.13047218322754, -0.8861826658248901, -4.0887451171875, 1.7465850114822388, 9.607648849487305, 113.82752990722656, 55.839603424072266, 37.482120513916016, 34.695858001708984, 34.93458938598633, 24.053834915161133, 19.04629898071289, 15.336143493652344, 15.808740615844727, 14.879929542541504, 15.123315811157227, 11.52119255065918, 8.108510971069336, 0.47843706607818604, 0.5115508437156677, 0.5711843371391296, 0.5806496143341064, 0.5687852501869202, 0.4955226480960846, 0.4494022727012634, 0.4652295410633087, 0.5192372798919678, 0.4416348934173584, 0.3817129135131836, 0.4396803379058838, 0.3115983009338379, 0.3198813199996948, 0.34808021783828735, 0.3404889404773712, 0.34474530816078186, 0.3482917547225952, 0.3524872064590454, 0.35325461626052856, 0.3663181960582733, 0.31563523411750793, 0.2902330458164215, 0.31788021326065063, 1802.5751378538396, 1251.5437337195008, 3374.915489783654, 1962.7641936122295, 0.05475725446428571, 0.06057199227713203]"
processed_emodb\08b10Tc.wav,T,"[-292.84515380859375, 103.32188415527344, 3.2774980068206787, 52.91725158691406, 1.6420485973358154, 28.121627807617188, -3.35077166557312, 13.70401382446289, 0.7505902051925659, -3.2640132904052734, 2.0383408069610596, -3.4918758869171143, -0.14296182990074158, 131.03622436523438, 40.994693756103516, 30.252065658569336, 28.390047073364258, 23.806753158569336, 13.172552108764648, 19.94158172607422, 10.612224578857422, 12.105908393859863, 14.456928253173828, 12.523834228515625, 10.905434608459473, 9.650123596191406, 0.45108404755592346, 0.5808649063110352, 0.6648750901222229, 0.6853890419006348, 0.6402628421783447, 0.5983304977416992, 0.5509845614433289, 0.4849602282047272, 0.4314836263656616, 0.4039075970649719, 0.3873150944709778, 0.3876345157623291, 0.29574576020240784, 0.3100891709327698, 0.30730676651000977, 0.33991479873657227, 0.3687477111816406, 0.3943071961402893, 0.39770272374153137, 0.3770735263824463, 0.3470175564289093, 0.33594340085983276, 0.3079046607017517, 0.28976646065711975, 1217.8813326661725, 869.5809195059832, 2463.9983675373132, 1615.2974578790565, 0.03894589552238806, 0.07166087230963701]"
processed_emodb\09b01Ea.wav,E,"[-225.95135498046875, 71.77161407470703, -32.794212341308594, 54.00750732421875, -19.33751678466797, 11.134944915771484, -30.19005012512207, 5.820497035980225, -9.090399742126465, -2.5480194091796875, 1.203763484954834, 0.1784125417470932, 8.925993919372559, 109.69003295898438, 48.64279556274414, 49.37515640258789, 29.80972671508789, 30.567649841308594, 23.609834671020508, 20.300487518310547, 14.38919734954834, 13.116756439208984, 11.330122947692871, 10.801570892333984, 9.602713584899902, 9.261625289916992, 0.47644901275634766, 0.5393213033676147, 0.5394127368927002, 0.507024347782135, 0.4382961094379425, 0.37141555547714233, 0.3698751926422119, 0.41493403911590576, 0.43432527780532837, 0.45665305852890015, 0.4290291965007782, 0.3899387717247009, 0.3309552073478699, 0.3431561291217804, 0.3512374758720398, 0.3871613144874573, 0.37185725569725037, 0.35507428646087646, 0.3660333454608917, 0.37447553873062134, 0.3601297438144684, 0.36693885922431946, 0.35370931029319763, 0.31359830498695374, 1672.3394212347118, 1186.6260210873977, 3329.4210682744565, 2213.0218924931064, 0.024253323951863356, 0.04067692748758987]"
processed_emodb\11a01Ld.wav,L,"[-219.3428192138672, 121.38330078125, -13.343708992004395, 51.48538589477539, -4.322853088378906, 23.59706687927246, 4.243972301483154, 3.19222354888916, -7.24377965927124, 0.6210763454437256, 9.904356956481934, 4.719447612762451, 1.5410252809524536, 94.04900360107422, 54.30333709716797, 33.5036506652832, 27.711467742919922, 23.223562240600586, 12.863037109375, 16.364391326904297, 13.935933113098145, 14.669273376464844, 10.87242603302002, 14.32908821105957, 10.105380058288574, 9.262317657470703, 0.4284200966358185, 0.4722728431224823, 0.4914727807044983, 0.5068184733390808, 0.5181857347488403, 0.5456483364105225, 0.5755017399787903, 0.5513810515403748, 0.5086563229560852, 0.47765499353408813, 0.42640554904937744, 0.41744667291641235, 0.3031366467475891, 0.3266529142856598, 0.3308125436306, 0.348721444606781, 0.34974491596221924, 0.3670814335346222, 0.3613463342189789, 0.36111652851104736, 0.3564852476119995, 0.351866751909256, 0.3283741772174835, 0.32075080275535583, 1028.1452683602365, 766.8907411132279, 2118.02978515625, 1631.9483418768702, 0.018353949652777778, 0.035723882971761246]"
processed_emodb\12a07Wa.wav,W,"[-195.40841674804688, 112.58155822753906, -48.05073165893555, 55.37294006347656, -24.039323806762695, -0.5018121004104614, -14.37793254852295, 6.8449578285217285, -29.070528030395508, -6.956575393676758, 3.039250373840332, -16.583335876464844, 8.642359733581543, 93.98304748535156, 44.66997528076172, 45.15711212158203, 33.167144775390625, 28.29607582092285, 31.884700775146484, 15.452716827392578, 13.074731826782227, 19.21649169921875, 11.296801567077637, 14.020508766174316, 12.999733924865723, 9.268771171569824, 0.4092724621295929, 0.3890496492385864, 0.33327361941337585, 0.37072592973709106, 0.3948771059513092, 0.39984625577926636, 0.48793119192123413, 0.4180541932582855, 0.3783538341522217, 0.34192413091659546, 0.2868843376636505, 0.3048733174800873, 0.36233919858932495, 0.3250386118888855, 0.3064294457435608, 0.37703487277030945, 0.35463249683380127, 0.29742148518562317, 0.3429405689239502, 0.3139590919017792, 0.32833829522132874, 0.3435644805431366, 0.30027738213539124, 0.3050074875354767, 1821.2393651673578, 1013.4083761883536, 3386.2560914294554, 1371.099485415101, 0.09420443997524752, 0.08108247386268995]"
processed_emodb\03a04Lc.wav,L,"[-235.9987030029297, 140.3462677001953, -6.987652778625488, 43.32992172241211, -4.308526039123535, 11.196226119995117, -2.054434299468994, -8.428886413574219, -6.285254955291748, 4.477199554443359, 5.249416828155518, -1.7039591073989868, 5.902688980102539, 90.66456604003906, 52.76340103149414, 35.30800247192383, 35.90682601928711, 23.954059600830078, 15.557234764099121, 16.526906967163086, 16.071189880371094, 10.655837059020996, 10.892765998840332, 12.045111656188965, 9.98320484161377, 11.274005889892578, 0.3657139539718628, 0.4855533838272095, 0.4862750768661499, 0.40836405754089355, 0.5120741724967957, 0.5911482572555542, 0.6020649671554565, 0.5749915242195129, 0.4529189169406891, 0.4175574481487274, 0.4767395257949829, 0.41798165440559387, 0.30161502957344055, 0.32049471139907837, 0.3133683204650879, 0.334734171628952, 0.337885320186615, 0.29550647735595703, 0.3087207078933716, 0.35218241810798645, 0.3044375479221344, 0.30027228593826294, 0.33196747303009033, 0.32541030645370483, 1040.8350541214365, 633.3826168862896, 2076.15966796875, 1479.824370153704, 0.01585751488095238, 0.013532585800202274]"
processed_emodb\10a07Ta.wav,T,"[-197.04151916503906, 138.06954956054688, -3.3932723999023438, 56.276981353759766, 1.3648653030395508, 46.109439849853516, 5.9176926612854, 11.53721809387207, -12.309298515319824, -3.813983201980591, 7.131353378295898, -0.4805541932582855, 1.6234525442123413, 106.89765930175781, 59.06991958618164, 39.621761322021484, 25.6052303314209, 33.575889587402344, 18.705224990844727, 14.101436614990234, 11.293206214904785, 15.104962348937988, 14.45095157623291, 10.677401542663574, 9.479430198669434, 7.824239730834961, 0.3347502052783966, 0.3804704248905182, 0.4396458864212036, 0.508481502532959, 0.6328608989715576, 0.6626343131065369, 0.6093867421150208, 0.5854187607765198, 0.5519577264785767, 0.48628315329551697, 0.35774943232536316, 0.3012488782405853, 0.27710768580436707, 0.30274340510368347, 0.3200564384460449, 0.28467679023742676, 0.32782816886901855, 0.34244826436042786, 0.30291125178337097, 0.3051493465900421, 0.3183039426803589, 0.30527380108833313, 0.2777871787548065, 0.2555411159992218, 1019.4541295711432, 1080.2150593788633, 1930.0083295036766, 1938.5266441755555, 0.00949563419117647, 0.011279068307411077]"
processed_emodb\14a01Aa.wav,A,"[-188.59144592285156, 99.54407501220703, -30.32512092590332, 47.5462646484375, -21.281991958618164, 29.026113510131836, -15.62405776977539, -5.058745861053467, -9.73420524597168, 2.05387544631958, 9.33374309539795, -6.94359827041626, 7.558786869049072, 91.01625061035156, 42.08186721801758, 30.564491271972656, 24.074556350708008, 25.384349822998047, 21.004329681396484, 16.381816864013672, 15.347702980041504, 11.498249053955078, 12.930436134338379, 11.643521308898926, 8.46650505065918, 10.238704681396484, 0.4007624685764313, 0.3087843954563141, 0.3004222512245178, 0.3166467249393463, 0.4289635419845581, 0.46361467242240906, 0.4711194932460785, 0.4604535400867462, 0.4765634536743164, 0.4372323155403137, 0.47540950775146484, 0.5640204548835754, 0.29989707469940186, 0.3026115894317627, 0.31394681334495544, 0.3064333498477936, 0.36245355010032654, 0.365626722574234, 0.38121429085731506, 0.38405054807662964, 0.38132044672966003, 0.33083799481391907, 0.31327465176582336, 0.37634360790252686, 1689.2126185036047, 1035.531877991487, 3534.0164412313434, 1627.4337917059886, 0.05133512126865672, 0.08257804541364752]"
processed_emodb\13b03Fd.wav,F,"[-250.86204528808594, 101.671875, -42.05248260498047, 29.79079818725586, -28.70528793334961, 18.905672073364258, -20.335887908935547, 1.6695585250854492, -18.168838500976562, 1.014841914176941, -3.880819797515869, -11.785372734069824, 2.483586549758911, 108.45115661621094, 34.64015579223633, 46.71455764770508, 26.783130645751953, 28.3831787109375, 20.305877685546875, 20.23862075805664, 13.79951286315918, 14.742929458618164, 12.751317977905273, 10.643094062805176, 10.920029640197754, 9.521596908569336, 0.26898500323295593, 0.24053281545639038, 0.2974429130554199, 0.3728579878807068, 0.4167720675468445, 0.4208713173866272, 0.35957080125808716, 0.3246157169342041, 0.3317829966545105, 0.3449537456035614, 0.29305869340896606, 0.2678048610687256, 0.3116193413734436, 0.27874991297721863, 0.33264076709747314, 0.35886943340301514, 0.36677882075309753, 0.36790722608566284, 0.3413943648338318, 0.32693734765052795, 0.3392658233642578, 0.3721384108066559, 0.33527523279190063, 0.3193988502025604, 1793.353983157881, 830.1739569037385, 3522.262034696691, 1710.1471699296071, 0.07004250919117647, 0.05035383494539684]"
processed_emodb\16a02Wb.wav,W,"[-299.0245666503906, 53.04041290283203, -70.45671081542969, 53.73588562011719, -37.648006439208984, 4.7032012939453125, -8.724403381347656, -7.848045349121094, -1.8559952974319458, -8.255146026611328, -1.1778100728988647, 4.329503536224365, -3.0013575553894043, 125.10356140136719, 30.40898895263672, 64.103515625, 23.785259246826172, 38.446109771728516, 22.353954315185547, 20.233572006225586, 14.705930709838867, 15.62157917022705, 14.452594757080078, 8.662856101989746, 14.922890663146973, 18.10797119140625, 0.5688965916633606, 0.6201558113098145, 0.590662956237793, 0.6019229292869568, 0.555135190486908, 0.5238358378410339, 0.6090699434280396, 0.6345092058181763, 0.615908145904541, 0.49317339062690735, 0.4649698734283447, 0.483701229095459, 0.29098501801490784, 0.3224911689758301, 0.351898193359375, 0.33297500014305115, 0.35652628540992737, 0.3809238374233246, 0.35893964767456055, 0.34770679473876953, 0.35554948449134827, 0.3424933850765228, 0.30530714988708496, 0.28415703773498535, 1219.6989763694708, 790.3868041344342, 2605.517578125, 1749.523168754842, 0.010900720373376624, 0.01800459120190471]"
processed_emodb\14b03Ed.wav,E,"[-212.21832275390625, 107.40062713623047, -34.26927185058594, 37.99016571044922, -25.635217666625977, 32.369354248046875, -14.794258117675781, -1.3496417999267578, -15.03939437866211, -1.3096296787261963, 8.883783340454102, -7.603336334228516, 2.13240647315979, 99.39160919189453, 41.350006103515625, 40.66949462890625, 21.308197021484375, 24.152992248535156, 20.5842342376709, 18.131309509277344, 16.421476364135742, 14.9180269241333, 14.990297317504883, 8.537986755371094, 9.24472427368164, 12.2230224609375, 0.38381874561309814, 0.3467366695404053, 0.3234516680240631, 0.2967647612094879, 0.27792888879776, 0.3238535225391388, 0.35813984274864197, 0.3915087878704071, 0.44307446479797363, 0.45394226908683777, 0.5180538892745972, 0.5100372433662415, 0.32513609528541565, 0.3567247986793518, 0.33685508370399475, 0.34416013956069946, 0.32677745819091797, 0.3478316068649292, 0.3512193262577057, 0.3769519627094269, 0.3827607333660126, 0.3625500798225403, 0.3461543023586273, 0.3691069483757019, 1447.6881316893976, 893.7008868967511, 3058.307500716743, 1927.6376175619303, 0.027419903956422017, 0.02293584018664333]"
processed_emodb\03b03Nb.wav,N,"[-232.54307556152344, 146.3151397705078, -16.115297317504883, 43.477508544921875, -10.179953575134277, 13.850305557250977, -7.3327226638793945, -0.8969409465789795, -10.515521049499512, -5.2179107666015625, 7.332291126251221, -7.146073818206787, 1.9490927457809448, 76.71355438232422, 57.75016784667969, 30.38008689880371, 33.23468017578125, 26.947877883911133, 21.458486557006836, 15.378607749938965, 15.73261833190918, 11.729799270629883, 17.579652786254883, 14.664589881896973, 10.864494323730469, 11.368868827819824, 0.489869087934494, 0.4498494565486908, 0.4146583080291748, 0.39021438360214233, 0.3510916233062744, 0.39488211274147034, 0.43672505021095276, 0.48608076572418213, 0.43276143074035645, 0.36085695028305054, 0.40357711911201477, 0.4603300988674164, 0.31653425097465515, 0.28204432129859924, 0.2869364321231842, 0.30409401655197144, 0.31802910566329956, 0.3339625597000122, 0.31340476870536804, 0.3451603949069977, 0.31759506464004517, 0.28867077827453613, 0.31300947070121765, 0.31775596737861633, 1257.3997355174788, 823.767732414185, 2480.707292496019, 1662.8327704870967, 0.032447377587579616, 0.020904395624980945]"
processed_emodb\16a02Nb.wav,N,"[-217.46620178222656, 104.53595733642578, -36.72459030151367, 62.08272933959961, -13.416433334350586, 16.30118179321289, -16.30882453918457, -5.18372917175293, -9.858814239501953, -7.518942832946777, 4.223381996154785, -2.6474180221557617, -3.5531628131866455, 97.91724395751953, 35.90564727783203, 40.185611724853516, 31.28746795654297, 27.06934928894043, 16.701738357543945, 26.587732315063477, 20.069665908813477, 13.82819652557373, 13.638837814331055, 13.12237548828125, 7.388099193572998, 12.563570976257324, 0.33696237206459045, 0.3153819143772125, 0.3892483413219452, 0.4741533100605011, 0.4048426151275635, 0.4005659818649292, 0.38316619396209717, 0.3616374135017395, 0.4150245189666748, 0.5170432925224304, 0.47437360882759094, 0.3530676066875458, 0.3276386857032776, 0.31221240758895874, 0.3751264214515686, 0.4068581461906433, 0.36084020137786865, 0.40181300044059753, 0.41646620631217957, 0.3632104694843292, 0.367336630821228, 0.37416279315948486, 0.30742883682250977, 0.3003430962562561, 1492.0380179950403, 872.41983176681, 3177.642822265625, 1797.0751243251595, 0.03936767578125, 0.03265308605119605]"
processed_emodb\16b01Fa.wav,F,"[-292.3560791015625, 57.79011917114258, -58.7529411315918, 54.5895881652832, -21.8289737701416, 6.205544948577881, -22.167333602905273, -1.434039831161499, -4.5847649574279785, -9.461519241333008, -0.8511908054351807, 3.3417317867279053, 2.8722667694091797, 97.96371459960938, 36.48207092285156, 47.16503143310547, 21.64320945739746, 24.0797061920166, 18.25201988220215, 17.47074317932129, 15.185953140258789, 12.838645935058594, 12.752211570739746, 10.48586368560791, 15.31281566619873, 16.061105728149414, 0.4675346612930298, 0.4537924528121948, 0.4578515887260437, 0.4576917290687561, 0.4802801311016083, 0.5704582929611206, 0.6049377918243408, 0.6026603579521179, 0.5146780610084534, 0.44014135003089905, 0.4194047749042511, 0.43881693482398987, 0.3192732036113739, 0.32393357157707214, 0.34722059965133667, 0.3726527988910675, 0.36576247215270996, 0.3560851514339447, 0.36384356021881104, 0.3605048954486847, 0.3644976317882538, 0.33024030923843384, 0.3198259472846985, 0.30346184968948364, 989.3817005160176, 558.6093518960453, 2421.3618800951085, 1540.786255901011, 0.0014266304347826087, 0.006501470388668189]"
processed_emodb\08b09Wc.wav,W,"[-286.31201171875, 88.43651580810547, -37.044795989990234, 47.1155891418457, -19.729822158813477, 12.965764045715332, -18.911046981811523, 4.078892707824707, -8.80841064453125, -11.37535285949707, -3.7026913166046143, -4.749874114990234, 0.06405399739742279, 136.36431884765625, 45.7833251953125, 55.16736602783203, 32.654640197753906, 32.57941436767578, 17.156936645507812, 20.175804138183594, 13.870304107666016, 12.363496780395508, 18.709314346313477, 11.045823097229004, 10.186948776245117, 12.84208869934082, 0.4376378059387207, 0.42464762926101685, 0.39579492807388306, 0.3742210566997528, 0.3343176543712616, 0.32129329442977905, 0.36771100759506226, 0.4128360152244568, 0.4285333752632141, 0.44829869270324707, 0.4028622806072235, 0.42716914415359497, 0.34854209423065186, 0.35027459263801575, 0.33971303701400757, 0.35354533791542053, 0.3380398452281952, 0.33268463611602783, 0.3547537624835968, 0.3758488595485687, 0.384525865316391, 0.38223594427108765, 0.3237953186035156, 0.32910582423210144, 1694.3892252798548, 1058.0053797383393, 3148.967438811189, 1863.99217978857, 0.05827278190559441, 0.06124482139881953]"
processed_emodb\16b09La.wav,L,"[-208.82693481445312, 98.60848236083984, -42.621437072753906, 67.2960205078125, -24.282087326049805, 14.634303092956543, -10.096793174743652, -6.8293280601501465, -6.651760101318359, -7.817291259765625, -3.130898952484131, -3.614016056060791, 0.8405483961105347, 83.20818328857422, 38.3245964050293, 34.20647430419922, 24.426849365234375, 24.003061294555664, 18.202281951904297, 14.694756507873535, 16.10303497314453, 14.417743682861328, 14.604961395263672, 11.327094078063965, 10.454959869384766, 12.773301124572754, 0.37526634335517883, 0.4689728915691376, 0.40416204929351807, 0.3338393270969391, 0.25369513034820557, 0.2536641061306, 0.3042204678058624, 0.33801037073135376, 0.2873653471469879, 0.21554343402385712, 0.24838176369667053, 0.29650211334228516, 0.33863893151283264, 0.37022385001182556, 0.33277663588523865, 0.3693341016769409, 0.3062461316585541, 0.31266799569129944, 0.35719501972198486, 0.3770153522491455, 0.35724401473999023, 0.3114810585975647, 0.32764932513237, 0.3395936191082001, 1752.1712984407582, 884.6915290009069, 3588.9211554276317, 1362.4858385438463, 0.06321222979323309, 0.06708297566659153]"
processed_emodb\14a07Wc.wav,W,"[-258.0456848144531, 75.8551254272461, -45.974632263183594, 54.023250579833984, -33.16279220581055, 16.371028900146484, -19.83336639404297, -3.5935263633728027, -12.691407203674316, -6.071028232574463, -0.6486033797264099, -7.456681728363037, -1.8297702074050903, 120.25748443603516, 37.49553298950195, 51.860809326171875, 26.408584594726562, 36.33545684814453, 21.425125122070312, 19.71677017211914, 15.156572341918945, 17.420001983642578, 14.686833381652832, 11.007428169250488, 12.778406143188477, 12.183401107788086, 0.32809802889823914, 0.3711557388305664, 0.41632458567619324, 0.40465572476387024, 0.4505789279937744, 0.43310546875, 0.4118586480617523, 0.3556801974773407, 0.30201810598373413, 0.32021695375442505, 0.33781424164772034, 0.3682030141353607, 0.3260984718799591, 0.3566364645957947, 0.38150665163993835, 0.35035353899002075, 0.3875531256198883, 0.3809002935886383, 0.37195518612861633, 0.35428932309150696, 0.3417271673679352, 0.3600468933582306, 0.3282963037490845, 0.355878621339798, 1707.5571879231718, 1093.6914910141068, 3530.9614202949438, 1947.6453644615528, 0.04413733321629214, 0.04952077508701125]"
processed_emodb\03b01Td.wav,T,"[-264.9916687011719, 121.1346435546875, -10.413272857666016, 62.09065246582031, -3.4898877143859863, 25.36962890625, -6.95956563949585, 4.7042155265808105, -3.3900909423828125, 5.836999893188477, 2.2223198413848877, -6.5006890296936035, 6.540641784667969, 125.73127746582031, 55.244781494140625, 36.74769973754883, 34.304752349853516, 26.191837310791016, 17.09663963317871, 22.29623031616211, 14.56222152709961, 14.128482818603516, 11.358536720275879, 13.285148620605469, 10.99502944946289, 9.718873023986816, 0.5194851160049438, 0.5543133616447449, 0.6259157657623291, 0.6175954937934875, 0.5793495774269104, 0.5471203327178955, 0.573131263256073, 0.5865414142608643, 0.6485096216201782, 0.6497936248779297, 0.5507495403289795, 0.5184990763664246, 0.31798988580703735, 0.32517725229263306, 0.3373327851295471, 0.32072213292121887, 0.3442281186580658, 0.3502615690231323, 0.3459200859069824, 0.31582239270210266, 0.3100840449333191, 0.3026854991912842, 0.2802516520023346, 0.31519758701324463, 1033.4592963552102, 1011.7632132653372, 2008.3740234375, 1952.4393147575804, 0.011981159651360544, 0.02207397424012184]"
processed_emodb\03a05Aa.wav,A,"[-219.19589233398438, 94.74888610839844, -43.3905143737793, 55.57786178588867, -32.61848449707031, 24.40292739868164, -27.745990753173828, 3.5759425163269043, -15.109797477722168, -12.052029609680176, -1.012872576713562, -12.055403709411621, 1.0046031475067139, 86.13070678710938, 45.40426254272461, 30.995540618896484, 27.25037956237793, 31.025026321411133, 18.424108505249023, 20.830429077148438, 12.725964546203613, 12.615495681762695, 14.351408958435059, 13.619222640991211, 9.625579833984375, 9.108477592468262, 0.3165275752544403, 0.3170081079006195, 0.35977739095687866, 0.3276016414165497, 0.27280351519584656, 0.3252624273300171, 0.39361196756362915, 0.4213578701019287, 0.44444695115089417, 0.44119009375572205, 0.4150503873825073, 0.3860395550727844, 0.2977432608604431, 0.30417579412460327, 0.32350224256515503, 0.32876941561698914, 0.28585246205329895, 0.3427430987358093, 0.365087628364563, 0.3501328229904175, 0.33503109216690063, 0.3380770981311798, 0.3351496756076813, 0.327940434217453, 2153.997029862077, 1037.370292597317, 4177.603310032895, 1390.1859055430068, 0.11051677044172932, 0.10184379154195904]"
processed_emodb\14b01Fc.wav,F,"[-288.62823486328125, 81.12250518798828, -43.24894332885742, 51.486656188964844, -18.995071411132812, 8.436017036437988, -23.301294326782227, -4.5980305671691895, -8.951190948486328, -9.333708763122559, -9.957697868347168, -6.380397796630859, -1.7941131591796875, 120.15167236328125, 45.32880401611328, 50.26974105834961, 21.074674606323242, 28.933107376098633, 22.195636749267578, 19.04237174987793, 16.391271591186523, 11.048295021057129, 12.776528358459473, 11.550312042236328, 12.01322078704834, 12.122819900512695, 0.29720935225486755, 0.3101980984210968, 0.31234210729599, 0.3105316460132599, 0.27254197001457214, 0.2843296229839325, 0.35076478123664856, 0.35002002120018005, 0.39119651913642883, 0.3868268132209778, 0.37377509474754333, 0.29304274916648865, 0.3115610182285309, 0.3427836298942566, 0.3519730269908905, 0.36654412746429443, 0.3388978838920593, 0.31852877140045166, 0.36243245005607605, 0.3467974066734314, 0.37527915835380554, 0.34990137815475464, 0.3326754570007324, 0.2856338620185852, 1857.2839353474283, 1109.3243820538323, 3481.8210671164775, 1781.0380893488154, 0.0654873934659091, 0.05595137315381832]"
processed_emodb\16b10Td.wav,T,"[-251.04931640625, 87.82771301269531, -15.706097602844238, 64.22569274902344, 2.034806966781616, 23.68014144897461, -0.732208251953125, 7.8347697257995605, 1.9630507230758667, 0.8325583934783936, 7.561856746673584, 0.37903985381126404, 2.250565528869629, 98.5552749633789, 28.433975219726562, 28.590539932250977, 24.863697052001953, 19.77991485595703, 14.439409255981445, 14.87852954864502, 10.689653396606445, 13.120186805725098, 11.361444473266602, 9.121695518493652, 8.942007064819336, 10.232571601867676, 0.33629557490348816, 0.40664947032928467, 0.48609861731529236, 0.5834660530090332, 0.6640961170196533, 0.6736617088317871, 0.598177433013916, 0.5187660455703735, 0.4401198923587799, 0.3979552686214447, 0.3595278263092041, 0.3127221167087555, 0.3522736728191376, 0.3742680251598358, 0.38598936796188354, 0.38370585441589355, 0.34810519218444824, 0.35072824358940125, 0.3808663487434387, 0.4106591045856476, 0.39920106530189514, 0.4027649462223053, 0.37337377667427063, 0.3327430784702301, 1002.7217502459067, 823.7487305502963, 2110.8872357536766, 1917.9839611237824, 0.008565027573529413, 0.011044240221054638]"
processed_emodb\14a07Ld.wav,L,"[-232.1317596435547, 112.505615234375, -0.7138955593109131, 61.5106201171875, -12.777862548828125, 25.833616256713867, -8.155353546142578, -8.109695434570312, -7.845865249633789, -7.297542572021484, 4.110374927520752, -8.412642478942871, -1.2109824419021606, 88.33525848388672, 53.825950622558594, 31.615053176879883, 22.44406509399414, 25.506925582885742, 19.608749389648438, 17.437265396118164, 20.394207000732422, 11.814839363098145, 11.9633150100708, 9.220666885375977, 10.812711715698242, 15.042856216430664, 0.4132474958896637, 0.30769073963165283, 0.264707088470459, 0.2863849401473999, 0.3168281614780426, 0.3120341897010803, 0.2879137694835663, 0.2860836088657379, 0.33693158626556396, 0.47785112261772156, 0.5202456712722778, 0.4835226535797119, 0.3605748414993286, 0.3363168239593506, 0.3255368173122406, 0.36082494258880615, 0.3685576021671295, 0.3543587625026703, 0.33579978346824646, 0.33070987462997437, 0.32750624418258667, 0.3929693102836609, 0.37069156765937805, 0.3574482500553131, 1381.9336129888316, 1123.5086917242543, 2673.7060546875, 2104.4319992550736, 0.03561000631313131, 0.04392745742668999]"
processed_emodb\03b01Wc.wav,W,"[-256.1020202636719, 85.99718475341797, -40.358436584472656, 56.56093978881836, -16.145626068115234, 16.011455535888672, -22.090776443481445, 6.787148475646973, -14.8937349319458, -10.266027450561523, -3.485107898712158, -9.318327903747559, -0.31973445415496826, 109.80529022216797, 55.47869873046875, 39.49915313720703, 32.17586898803711, 26.78873634338379, 23.652769088745117, 19.83869743347168, 13.668231010437012, 13.612044334411621, 18.05453109741211, 13.712531089782715, 10.50953197479248, 13.531769752502441, 0.2884688973426819, 0.27439966797828674, 0.3279551565647125, 0.3634006083011627, 0.38119572401046753, 0.36533617973327637, 0.4127413332462311, 0.5219742059707642, 0.4666314423084259, 0.3904920220375061, 0.365757554769516, 0.31406062841415405, 0.28956368565559387, 0.262639582157135, 0.3137965500354767, 0.33785778284072876, 0.3410855531692505, 0.32711514830589294, 0.3486037850379944, 0.3726538419723511, 0.34115368127822876, 0.3456559181213379, 0.3291155993938446, 0.2921542227268219, 2203.987930329762, 1263.7604729179523, 3903.6984421136813, 1739.1271940902357, 0.12691083292322836, 0.133488597624322]"
processed_emodb\03b10Ec.wav,E,"[-208.81748962402344, 118.63426971435547, -36.146732330322266, 56.727447509765625, -7.385705471038818, 14.620183944702148, -31.0401554107666, -6.343679904937744, -11.867630958557129, -2.85334849357605, -1.5628602504730225, -13.793353080749512, 5.258234024047852, 80.19184112548828, 46.734981536865234, 30.60518455505371, 30.174968719482422, 25.79167366027832, 20.782333374023438, 19.090497970581055, 15.267014503479004, 11.986117362976074, 8.607934951782227, 13.595520973205566, 11.2164306640625, 8.149078369140625, 0.38576042652130127, 0.35154908895492554, 0.30205613374710083, 0.3845316171646118, 0.4308030903339386, 0.4060468077659607, 0.3696649372577667, 0.3306153118610382, 0.2774520814418793, 0.2300330549478531, 0.29556092619895935, 0.3295667767524719, 0.33378252387046814, 0.3215739130973816, 0.28607672452926636, 0.36562612652778625, 0.3681577742099762, 0.3562769889831543, 0.35516175627708435, 0.3391149640083313, 0.31910598278045654, 0.2641538083553314, 0.3140736222267151, 0.3043748140335083, 1736.5022488713207, 1008.9213458667955, 3298.090926460598, 1615.8503779955427, 0.08850274569746377, 0.09633516562713584]"
processed_emodb\03a05Wa.wav,W,"[-234.76321411132812, 88.18972778320312, -39.47184371948242, 47.817752838134766, -18.695213317871094, 14.344956398010254, -15.058485984802246, 3.079009771347046, -14.316347122192383, -5.127659797668457, 6.658941745758057, -6.615790367126465, 3.9184651374816895, 98.1435317993164, 52.79908752441406, 39.25559616088867, 32.097679138183594, 30.502870559692383, 22.36893081665039, 19.301387786865234, 15.04949951171875, 13.47665786743164, 15.6543550491333, 15.594820976257324, 11.741920471191406, 11.246249198913574, 0.3409397006034851, 0.3567199110984802, 0.3524877727031708, 0.3763446509838104, 0.4413895606994629, 0.5211292505264282, 0.5361473560333252, 0.5439454317092896, 0.5060082077980042, 0.47697243094444275, 0.41911154985427856, 0.34592628479003906, 0.3096746504306793, 0.32095351815223694, 0.3228706121444702, 0.32737183570861816, 0.3473403751850128, 0.35839515924453735, 0.3345276713371277, 0.3396906852722168, 0.3336241543292999, 0.3495120108127594, 0.31713467836380005, 0.3134002387523651, 1795.3089642364691, 980.5728943376943, 3496.616440331376, 1683.161660553305, 0.04630806942114094, 0.05018711878204285]"
processed_emodb\11a05Td.wav,T,"[-340.1373596191406, 109.80905151367188, 0.15791763365268707, 55.75242233276367, 0.3327341377735138, 27.072038650512695, 8.446866035461426, 9.328437805175781, -5.6174139976501465, 3.796710729598999, 8.914849281311035, 4.8580756187438965, 6.2813286781311035, 132.33950805664062, 62.81476974487305, 39.01458740234375, 29.573589324951172, 26.3505916595459, 19.921653747558594, 16.670326232910156, 13.220499992370605, 14.891990661621094, 10.093326568603516, 10.818349838256836, 9.064297676086426, 8.962533950805664, 0.5135113596916199, 0.5240920186042786, 0.556550920009613, 0.5982792377471924, 0.641289234161377, 0.651453971862793, 0.6662110686302185, 0.6851280331611633, 0.6879148483276367, 0.6611716747283936, 0.5570416450500488, 0.48040515184402466, 0.3445519804954529, 0.34304139018058777, 0.3596838414669037, 0.36237257719039917, 0.3574555218219757, 0.3634474277496338, 0.35144665837287903, 0.33077189326286316, 0.29950442910194397, 0.31379976868629456, 0.29874706268310547, 0.29233527183532715, 1010.2566127135588, 1078.472232711036, 1818.4130859375, 2066.7387560133307, 0.02252670599489796, 0.041431269382868514]"
processed_emodb\11a01Aa.wav,A,"[-212.4157257080078, 120.41007232666016, -36.46876907348633, 57.50733947753906, -23.442363739013672, 23.662748336791992, -5.7710747718811035, 6.494348526000977, -6.721792697906494, 2.9542393684387207, -0.32265782356262207, -6.356343746185303, 6.675202369689941, 121.7695541381836, 59.17255401611328, 33.255775451660156, 28.724063873291016, 27.581554412841797, 21.406707763671875, 18.015701293945312, 12.850391387939453, 13.66784381866455, 11.493058204650879, 9.654362678527832, 9.63845443725586, 8.923242568969727, 0.5456511378288269, 0.5279569625854492, 0.5509670376777649, 0.5342381000518799, 0.42501264810562134, 0.364254355430603, 0.4212000370025635, 0.45673322677612305, 0.4995543956756592, 0.6167174577713013, 0.5432209968566895, 0.521203875541687, 0.33209773898124695, 0.27522215247154236, 0.32097169756889343, 0.3197060823440552, 0.28115537762641907, 0.28394702076911926, 0.299586683511734, 0.2821773588657379, 0.287875771522522, 0.341082900762558, 0.28424376249313354, 0.2987190783023834, 1805.9643670207854, 1018.5848911952926, 3583.3783318014707, 1383.5544334784734, 0.09014533547794118, 0.10010564319722351]"
processed_emodb\08b10Aa.wav,A,"[-237.39305114746094, 89.87882232666016, -25.202350616455078, 49.570003509521484, -14.342522621154785, 17.23405647277832, -19.320911407470703, 8.967796325683594, -10.21565055847168, -9.6614990234375, -3.9204304218292236, -8.973228454589844, -2.5490403175354004, 95.13256072998047, 32.94830322265625, 34.34428405761719, 28.20548439025879, 23.048280715942383, 14.069254875183105, 18.25122833251953, 11.226303100585938, 15.304410934448242, 16.784587860107422, 10.087485313415527, 9.487833976745605, 12.893682479858398, 0.3366473913192749, 0.3145217001438141, 0.31747591495513916, 0.32769596576690674, 0.340766966342926, 0.3693205714225769, 0.33421197533607483, 0.35025733709335327, 0.4117206931114197, 0.4363001585006714, 0.42854762077331543, 0.37004318833351135, 0.3219008445739746, 0.3330286145210266, 0.3349573612213135, 0.3427692651748657, 0.3463612198829651, 0.3808005452156067, 0.3531556725502014, 0.3566558361053467, 0.3909481167793274, 0.3763899505138397, 0.3757797181606293, 0.3370799124240875, 1762.5100945522422, 928.2140080038724, 3616.7355213994565, 1634.9003421690177, 0.06154891304347826, 0.07386100234553993]"
processed_emodb\15a07Fb.wav,F,"[-250.64981079101562, 102.05540466308594, -34.11377716064453, 54.39640808105469, -12.94725227355957, 27.872390747070312, -21.561288833618164, 13.790515899658203, -17.43190574645996, -9.451913833618164, 3.0162365436553955, -5.610590934753418, 2.234708786010742, 96.54888916015625, 44.69886779785156, 42.410133361816406, 32.93321990966797, 33.43513488769531, 20.606704711914062, 17.817737579345703, 11.542540550231934, 17.737628936767578, 14.302544593811035, 14.598326683044434, 8.617403984069824, 8.72239875793457, 0.4202614426612854, 0.4357551336288452, 0.35667482018470764, 0.35739731788635254, 0.3993590772151947, 0.4657045602798462, 0.4783152937889099, 0.4488465487957001, 0.417435884475708, 0.3886192739009857, 0.3572402596473694, 0.3869466781616211, 0.34353482723236084, 0.3741982877254486, 0.32310208678245544, 0.34232285618782043, 0.3672054708003998, 0.36843761801719666, 0.3774999976158142, 0.3657824993133545, 0.36890605092048645, 0.35434335470199585, 0.31936168670654297, 0.34295687079429626, 1462.7941447687654, 888.5739345543207, 3014.90478515625, 1845.8879886872733, 0.030726841517857144, 0.03464641231634023]"
processed_emodb\14b02Wb.wav,W,"[-219.0210418701172, 97.99320220947266, -39.9481086730957, 37.830711364746094, -36.692352294921875, 21.34141731262207, -15.751501083374023, 7.7700371742248535, -9.631146430969238, -5.823623180389404, -1.5449978113174438, -6.783125877380371, 2.328360080718994, 94.9214859008789, 42.73844528198242, 41.19282150268555, 28.449054718017578, 29.033100128173828, 19.416622161865234, 18.79129409790039, 16.049623489379883, 12.089829444885254, 13.747634887695312, 10.367350578308105, 10.668049812316895, 11.998046875, 0.3587105870246887, 0.4112358093261719, 0.40352097153663635, 0.3815240263938904, 0.41300612688064575, 0.4398806393146515, 0.41295233368873596, 0.4150989353656769, 0.4192131459712982, 0.3872833549976349, 0.37563198804855347, 0.35404157638549805, 0.3004186451435089, 0.33061540126800537, 0.33785849809646606, 0.33130547404289246, 0.3370659351348877, 0.358071506023407, 0.3350439965724945, 0.345948725938797, 0.3707968294620514, 0.3343305289745331, 0.3088721036911011, 0.3275425136089325, 1885.7308644272, 873.3342872561756, 3891.628848805147, 1719.9142095443342, 0.047026818539915964, 0.028642473879872628]"
processed_emodb\15b03Aa.wav,A,"[-121.46891021728516, 109.52850341796875, -25.19774055480957, 68.38517761230469, -29.215621948242188, 48.639671325683594, -5.383465766906738, 19.468555450439453, -8.538957595825195, 2.8908801078796387, 5.192916393280029, -5.126493453979492, 5.078973293304443, 42.16771697998047, 40.08823776245117, 24.287572860717773, 25.112836837768555, 25.689834594726562, 21.617382049560547, 15.827018737792969, 15.00720500946045, 11.285721778869629, 12.661946296691895, 12.318717956542969, 9.455977439880371, 9.124479293823242, 0.5685148239135742, 0.46260514855384827, 0.4100671112537384, 0.32682621479034424, 0.30350521206855774, 0.29505664110183716, 0.32892319560050964, 0.38183164596557617, 0.45730066299438477, 0.5000467300415039, 0.5875911116600037, 0.6333268880844116, 0.29739779233932495, 0.29860979318618774, 0.3124625086784363, 0.29081451892852783, 0.2990454435348511, 0.28140953183174133, 0.30098414421081543, 0.31679701805114746, 0.34526416659355164, 0.2969103157520294, 0.32236364483833313, 0.31050440669059753, 1830.2559939691707, 957.6955925959132, 3983.0759148848683, 1605.5287359406498, 0.029558148300438597, 0.025556400902636556]"
processed_emodb\08b02Nb.wav,N,"[-245.1026153564453, 117.52991485595703, -4.333044528961182, 41.420623779296875, -16.8660888671875, 26.63920021057129, -13.981551170349121, 7.051655292510986, -11.157553672790527, -4.886497974395752, 2.150977849960327, -3.7946126461029053, -0.22558335959911346, 89.44500732421875, 55.21243667602539, 39.384788513183594, 34.726707458496094, 28.682735443115234, 22.81963539123535, 21.498348236083984, 13.96529769897461, 14.028464317321777, 15.93280029296875, 9.839792251586914, 9.306293487548828, 11.781172752380371, 0.4173045754432678, 0.3526514768600464, 0.3303530812263489, 0.34010449051856995, 0.33162203431129456, 0.34405437111854553, 0.4340377449989319, 0.4710925817489624, 0.4003945589065552, 0.325736939907074, 0.2928183972835541, 0.37581607699394226, 0.3688167333602905, 0.34141066670417786, 0.3346366584300995, 0.34410229325294495, 0.36177337169647217, 0.34235358238220215, 0.3585314452648163, 0.3730582594871521, 0.3635804057121277, 0.31795987486839294, 0.2895382344722748, 0.35706913471221924, 1353.1897423899954, 1116.2541609889522, 2588.8782848011365, 2042.624854374032, 0.031238902698863636, 0.02898850206398594]"
processed_emodb\09b03Fd.wav,F,"[-223.8152618408203, 92.66769409179688, -55.6336669921875, 33.756202697753906, -23.829946517944336, 12.918946266174316, -17.840669631958008, -12.368051528930664, -9.003560066223145, -3.820045232772827, -5.994977951049805, -5.771602630615234, 3.0793261528015137, 80.63616943359375, 33.616146087646484, 46.80207443237305, 25.223678588867188, 25.108335494995117, 20.91240882873535, 17.176631927490234, 14.035759925842285, 10.807621955871582, 14.169681549072266, 10.684760093688965, 10.24197006225586, 11.245960235595703, 0.43884357810020447, 0.4821225702762604, 0.4012203812599182, 0.3466346263885498, 0.26815763115882874, 0.2755663990974426, 0.2835821807384491, 0.2881884276866913, 0.3071677088737488, 0.2796034514904022, 0.24169597029685974, 0.297524631023407, 0.35176214575767517, 0.3601788282394409, 0.3454930782318115, 0.362952321767807, 0.309129923582077, 0.33402952551841736, 0.33159059286117554, 0.3320493698120117, 0.3433772623538971, 0.3344384729862213, 0.27084705233573914, 0.30259841680526733, 1690.4798493128276, 693.1315449447072, 3459.015447443182, 1425.0608727258991, 0.05619331840034965, 0.034535413211892435]"
processed_emodb\09b09Ea.wav,E,"[-268.0681457519531, 92.03997802734375, -16.973270416259766, 50.0739860534668, -3.4691905975341797, 7.837701797485352, -19.457252502441406, -3.503386974334717, -6.390740394592285, -2.151951789855957, -0.9009711742401123, 0.7701430916786194, 5.012237548828125, 126.62696838378906, 47.39800262451172, 41.037681579589844, 27.35840606689453, 23.73123550415039, 22.131603240966797, 21.17131233215332, 14.208369255065918, 12.544240951538086, 12.150968551635742, 10.768402099609375, 10.210707664489746, 8.215370178222656, 0.3973822295665741, 0.4021591544151306, 0.4007526636123657, 0.39108312129974365, 0.40461140871047974, 0.4255606532096863, 0.4194057881832123, 0.4558352530002594, 0.5188102126121521, 0.5414972305297852, 0.5117040276527405, 0.4263899326324463, 0.3466254472732544, 0.360365629196167, 0.3786769509315491, 0.39552101492881775, 0.39963701367378235, 0.41351455450057983, 0.39474257826805115, 0.3966023921966553, 0.38899022340774536, 0.3719625473022461, 0.36024561524391174, 0.3351306915283203, 1339.3985066571431, 972.371504627065, 2671.1019376429117, 1983.0021134286444, 0.035287252286585365, 0.036786659586811744]"
processed_emodb\08a02La.wav,L,"[-203.5834197998047, 117.09345245361328, -18.573158264160156, 45.654598236083984, -14.564678192138672, 22.068931579589844, -19.256589889526367, 5.775944709777832, -10.5423002243042, -7.090936660766602, 2.0663833618164062, -5.980372905731201, -0.2858273983001709, 94.32656860351562, 40.71662521362305, 37.31174087524414, 31.283296585083008, 35.87012481689453, 17.966928482055664, 23.980167388916016, 12.543669700622559, 11.748620986938477, 13.473668098449707, 10.061321258544922, 8.98475456237793, 7.956052303314209, 0.30762818455696106, 0.37146028876304626, 0.4582548141479492, 0.5106762051582336, 0.36274978518486023, 0.3043116629123688, 0.39361572265625, 0.4254995286464691, 0.3673769235610962, 0.3334614336490631, 0.296430379152298, 0.28667911887168884, 0.3444335162639618, 0.35245978832244873, 0.334466814994812, 0.39758333563804626, 0.3430456817150116, 0.36233970522880554, 0.4154728353023529, 0.4079638719558716, 0.35317158699035645, 0.3520873785018921, 0.3077855706214905, 0.3129536509513855, 1185.2730475299093, 795.0397926467928, 2450.478515625, 1768.5721933611703, 0.021171875, 0.01717466672882166]"
processed_emodb\13b10Nc.wav,N,"[-194.43020629882812, 125.65105438232422, -4.606454372406006, 57.661319732666016, -9.6978178024292, 16.862594604492188, -10.086787223815918, 0.2757023870944977, -12.793977737426758, -7.855006694793701, -4.512619495391846, 3.1528189182281494, -2.7272446155548096, 84.31559753417969, 34.17538070678711, 30.7882022857666, 25.908145904541016, 22.04732322692871, 20.9119930267334, 17.482458114624023, 14.12198543548584, 12.63249683380127, 15.639494895935059, 9.425997734069824, 9.646337509155273, 11.990983009338379, 0.4005384147167206, 0.3496056795120239, 0.2894417345523834, 0.2607266306877136, 0.26216402649879456, 0.2992158830165863, 0.3803747892379761, 0.4593527913093567, 0.40825363993644714, 0.34200480580329895, 0.33478930592536926, 0.3516760766506195, 0.4008665382862091, 0.3554707169532776, 0.3550352156162262, 0.34874120354652405, 0.3584859073162079, 0.34770673513412476, 0.36207711696624756, 0.37315481901168823, 0.36251702904701233, 0.347372829914093, 0.35733193159103394, 0.34837332367897034, 979.9062265931858, 651.7553107721453, 2153.7425321691176, 1780.1229777637413, 0.012791053921568627, 0.00701250197765522]"
processed_emodb\16b01Eb.wav,E,"[-224.47909545898438, 78.79789733886719, -35.34447479248047, 64.22311401367188, -9.323128700256348, 19.683574676513672, -31.384851455688477, -0.47051095962524414, -11.58177661895752, -7.208456516265869, -0.737113893032074, -1.7815077304840088, 2.075047492980957, 114.28373718261719, 50.911231994628906, 40.60899353027344, 28.066652297973633, 26.89478874206543, 23.1225643157959, 21.860872268676758, 17.511198043823242, 14.084833145141602, 15.439717292785645, 12.037349700927734, 8.949992179870605, 12.306524276733398, 0.2842888832092285, 0.27596315741539, 0.27819979190826416, 0.3005867302417755, 0.3258664906024933, 0.3414408564567566, 0.3760543167591095, 0.39323097467422485, 0.4138035178184509, 0.41013237833976746, 0.4248838424682617, 0.3559799790382385, 0.314435213804245, 0.32747918367385864, 0.3377925455570221, 0.3523893356323242, 0.3631242513656616, 0.35160890221595764, 0.3758328855037689, 0.3664345145225525, 0.3789541721343994, 0.35024088621139526, 0.36177417635917664, 0.34431034326553345, 1863.3806266119027, 1305.4191572364648, 3389.951798722551, 2052.5952535629594, 0.0708568676097973, 0.07169249128072835]"
processed_emodb\13a02Ta.wav,T,"[-200.17086791992188, 123.94515228271484, -23.681737899780273, 59.75304412841797, -3.996793508529663, 40.157535552978516, -13.047619819641113, 9.90235424041748, -7.991722583770752, -1.0301415920257568, 10.167899131774902, 4.364309787750244, 3.137890577316284, 71.17811584472656, 38.94300842285156, 26.45625114440918, 23.592201232910156, 31.230470657348633, 19.818418502807617, 23.553720474243164, 11.858452796936035, 9.430516242980957, 9.651101112365723, 9.421514511108398, 9.316313743591309, 14.367025375366211, 0.40416666865348816, 0.49599775671958923, 0.5497673153877258, 0.5231053233146667, 0.5615237951278687, 0.5924476981163025, 0.5282101631164551, 0.48541444540023804, 0.3803108036518097, 0.31920549273490906, 0.29509931802749634, 0.31720566749572754, 0.3028255105018616, 0.33734866976737976, 0.37916937470436096, 0.35324975848197937, 0.35542821884155273, 0.371008038520813, 0.3489859998226166, 0.36197006702423096, 0.29494810104370117, 0.27802449464797974, 0.27594780921936035, 0.2877183258533478, 1482.143975128793, 1172.9345531566596, 2976.898871527778, 1759.7596093416023, 0.05367476851851852, 0.08672216106491715]"
processed_emodb\08b10Wa.wav,W,"[-286.264404296875, 78.52919006347656, -31.468217849731445, 48.203853607177734, -21.36434555053711, 8.68429946899414, -15.867639541625977, 3.791360378265381, -11.852788925170898, -11.400126457214355, -3.9586048126220703, -4.991166114807129, -1.2700810432434082, 125.49768829345703, 37.3946418762207, 50.749332427978516, 28.96412467956543, 33.076881408691406, 15.559465408325195, 22.676071166992188, 13.19511604309082, 14.021703720092773, 18.75341796875, 11.949056625366211, 11.597846031188965, 11.556829452514648, 0.32521799206733704, 0.3437511920928955, 0.34222108125686646, 0.38261666893959045, 0.4483974874019623, 0.47868022322654724, 0.4193982481956482, 0.365496426820755, 0.3924083709716797, 0.36141490936279297, 0.32617998123168945, 0.3184337019920349, 0.3380725681781769, 0.3466086983680725, 0.3537423610687256, 0.3693537712097168, 0.3920329511165619, 0.37525826692581177, 0.37086793780326843, 0.36549073457717896, 0.3853485882282257, 0.36662623286247253, 0.3451874852180481, 0.3431679904460907, 1601.0546993520452, 838.2888399512468, 3231.1679615693934, 1706.2174654112625, 0.050124224494485295, 0.04391591718002122]"
processed_emodb\14a07Aa.wav,A,"[-271.613525390625, 70.02293395996094, -16.599443435668945, 46.051761627197266, -16.63532829284668, 25.72426986694336, -15.93230152130127, 5.9741902351379395, -8.61799144744873, -1.6388263702392578, 0.034564223140478134, -9.927157402038574, 2.6273183822631836, 140.16293334960938, 44.87424087524414, 27.416486740112305, 27.779695510864258, 25.304298400878906, 21.550905227661133, 20.310304641723633, 14.232014656066895, 14.085952758789062, 12.41727066040039, 7.743177890777588, 13.031525611877441, 9.937224388122559, 0.5163834691047668, 0.33172762393951416, 0.2927570939064026, 0.29244574904441833, 0.3122628629207611, 0.3578198552131653, 0.37834858894348145, 0.4075013995170593, 0.4506606161594391, 0.5316640734672546, 0.623604953289032, 0.6360141634941101, 0.3705478012561798, 0.36627519130706787, 0.39192408323287964, 0.4025455117225647, 0.40449851751327515, 0.4146063029766083, 0.42936089634895325, 0.41998574137687683, 0.40434592962265015, 0.3475095331668854, 0.29288995265960693, 0.29304057359695435, 1855.675894478682, 1486.7815772974668, 3457.7727242801966, 2279.735966696623, 0.08883426966292135, 0.11802990731862562]"
processed_emodb\13a04Wc.wav,W,"[-231.01901245117188, 105.90453338623047, -52.189186096191406, 24.464435577392578, -26.420852661132812, 10.738232612609863, -19.009729385375977, 4.066153049468994, -17.795013427734375, -6.8651227951049805, 0.46533140540122986, -2.0818750858306885, -1.6968731880187988, 98.98873901367188, 31.163305282592773, 50.80754470825195, 32.741722106933594, 30.25960922241211, 21.45401382446289, 19.83077049255371, 12.725375175476074, 12.895186424255371, 12.72490406036377, 12.449828147888184, 7.285327911376953, 9.36837100982666, 0.3482026159763336, 0.5294871926307678, 0.5613939762115479, 0.46667733788490295, 0.3962649405002594, 0.47345712780952454, 0.3922881782054901, 0.2961466908454895, 0.31188496947288513, 0.32061102986335754, 0.28371867537498474, 0.27133139967918396, 0.32328474521636963, 0.3344605565071106, 0.3616921007633209, 0.3878568708896637, 0.3525274097919464, 0.36788317561149597, 0.34905219078063965, 0.34106579422950745, 0.3556516766548157, 0.36599257588386536, 0.31740596890449524, 0.2981202006340027, 1362.5848933686552, 497.73367254568694, 2732.588515170785, 1297.2041232921272, 0.0380859375, 0.03527111441247068]"
processed_emodb\12a05Nd.wav,N,"[-222.19833374023438, 135.91700744628906, -30.599327087402344, 55.228538513183594, -5.6143951416015625, 8.875897407531738, -6.628931999206543, 6.202752590179443, -21.43122673034668, 4.2002129554748535, 8.890416145324707, -9.876856803894043, 6.0819621086120605, 82.5376205444336, 55.487648010253906, 37.958309173583984, 28.4298038482666, 27.337709426879883, 24.755413055419922, 16.454750061035156, 13.776957511901855, 16.31449317932129, 9.562952995300293, 10.348603248596191, 12.810138702392578, 7.986996173858643, 0.48630160093307495, 0.507400631904602, 0.5248815417289734, 0.490023136138916, 0.47112902998924255, 0.4211796224117279, 0.4183988571166992, 0.4440334737300873, 0.4289364218711853, 0.33097827434539795, 0.306158185005188, 0.3836732506752014, 0.3325051963329315, 0.3275962471961975, 0.3465985357761383, 0.3575834631919861, 0.38766011595726013, 0.37678173184394836, 0.3517167568206787, 0.3576708436012268, 0.356823205947876, 0.2882198691368103, 0.2859765887260437, 0.29684028029441833, 1110.8784834621094, 762.5004349047668, 2355.7792331861415, 1636.8323315352222, 0.01242286571557971, 0.013047257492488067]"
processed_emodb\10b03Tb.wav,T,"[-214.3772735595703, 140.4402618408203, -3.398972988128662, 48.62778091430664, -6.066137790679932, 41.02152633666992, 18.50588035583496, 13.486787796020508, -11.81747055053711, 1.9506735801696777, 5.337751388549805, -0.6214933395385742, 5.0617356300354, 101.68531799316406, 46.458221435546875, 26.616151809692383, 24.171253204345703, 26.544858932495117, 17.39299964904785, 13.657477378845215, 12.621517181396484, 14.164884567260742, 10.754613876342773, 11.728622436523438, 11.106612205505371, 9.053067207336426, 0.3413524925708771, 0.39487648010253906, 0.4500057101249695, 0.4914819300174713, 0.636452853679657, 0.8006646633148193, 0.771474301815033, 0.6996942758560181, 0.5140112638473511, 0.37660688161849976, 0.3040830194950104, 0.3041614890098572, 0.29196757078170776, 0.2976185381412506, 0.3090381920337677, 0.30798909068107605, 0.2649472951889038, 0.2588452696800232, 0.2432665079832077, 0.2779795229434967, 0.2529070973396301, 0.27147483825683594, 0.26209884881973267, 0.2685958445072174, 901.8565244268972, 723.9659065681351, 1815.8338758680557, 1591.0686450727042, 0.014919704861111112, 0.016746228661079266]"
processed_emodb\15b03Wa.wav,W,"[-232.04873657226562, 93.08505249023438, -48.637596130371094, 43.83405303955078, -39.46905517578125, 25.782249450683594, -12.374648094177246, 5.497341632843018, -10.972119331359863, -5.017881393432617, -1.4491368532180786, -1.5615525245666504, 4.752330303192139, 104.36326599121094, 38.90785217285156, 48.45355987548828, 25.076234817504883, 41.91910934448242, 20.910268783569336, 23.40662384033203, 15.598963737487793, 11.895090103149414, 13.254894256591797, 10.295703887939453, 9.546330451965332, 9.233530044555664, 0.36382490396499634, 0.3952300250530243, 0.41656556725502014, 0.3999084234237671, 0.45746660232543945, 0.48885178565979004, 0.45881667733192444, 0.4381709396839142, 0.40617871284484863, 0.4234897792339325, 0.40629708766937256, 0.3786901831626892, 0.30510613322257996, 0.32557591795921326, 0.34953054785728455, 0.34987884759902954, 0.348606675863266, 0.3691663444042206, 0.37199339270591736, 0.36965492367744446, 0.34327295422554016, 0.3561413288116455, 0.32715359330177307, 0.31822532415390015, 1676.338244514854, 756.2598024259145, 3573.3979323814656, 1576.4663568026162, 0.038469827586206894, 0.04741257621136285]"
processed_emodb\14a04Aa.wav,A,"[-178.72311401367188, 105.5592269897461, -51.373069763183594, 56.84941101074219, -35.21733856201172, 33.3114128112793, -24.745628356933594, 7.569362640380859, -16.315746307373047, -3.6693973541259766, 3.654975414276123, -14.847909927368164, 5.169062614440918, 83.64781188964844, 27.172542572021484, 38.110843658447266, 27.347402572631836, 25.76858901977539, 13.704671859741211, 20.291227340698242, 13.811403274536133, 11.119004249572754, 13.346324920654297, 11.147711753845215, 11.040508270263672, 7.62523078918457, 0.36932605504989624, 0.2806750237941742, 0.2282658964395523, 0.1772317886352539, 0.18287266790866852, 0.24630673229694366, 0.2767159938812256, 0.3658060133457184, 0.416167676448822, 0.43075746297836304, 0.5012518167495728, 0.5114795565605164, 0.3068486750125885, 0.3263290524482727, 0.3171596825122833, 0.24546225368976593, 0.25281819701194763, 0.3245556056499481, 0.31251174211502075, 0.35510897636413574, 0.3596104383468628, 0.3341433107852936, 0.3360660672187805, 0.37211519479751587, 2002.998294700592, 859.3496067382647, 4140.094757080078, 1368.4255932458807, 0.0877685546875, 0.05308409686964209]"
processed_emodb\03b10Ab.wav,A,"[-288.62347412109375, 77.71467590332031, -39.571571350097656, 47.864986419677734, -25.6956729888916, 22.370939254760742, -24.77052116394043, 1.3636372089385986, -11.792845726013184, -9.633716583251953, -3.9563519954681396, -9.634045600891113, 1.417639136314392, 150.51580810546875, 43.10029602050781, 37.81304168701172, 31.59449577331543, 30.040056228637695, 14.858399391174316, 24.782514572143555, 14.884198188781738, 14.645557403564453, 17.23423957824707, 12.845511436462402, 11.401590347290039, 9.130107879638672, 0.3982435464859009, 0.35350534319877625, 0.349692702293396, 0.2948514521121979, 0.26551055908203125, 0.293331503868103, 0.32922714948654175, 0.3768627941608429, 0.4381383955478668, 0.4879325032234192, 0.47802984714508057, 0.4665980935096741, 0.3152710497379303, 0.3270392119884491, 0.37035900354385376, 0.33618223667144775, 0.3021395206451416, 0.30839791893959045, 0.33532851934432983, 0.36256927251815796, 0.3652914762496948, 0.3522242605686188, 0.32851213216781616, 0.3277722895145416, 2074.5036522566184, 932.7151918445643, 4173.381867955943, 1240.8110230450354, 0.09959336577868852, 0.09811551391904187]"
processed_emodb\11a04Nd.wav,N,"[-253.980224609375, 158.1544647216797, -6.330148220062256, 58.94527053833008, -12.576491355895996, 28.016468048095703, 8.286412239074707, 6.833043098449707, -9.42668628692627, -5.258780002593994, 7.656274318695068, 4.267563819885254, 0.3367692232131958, 100.66189575195312, 53.30738067626953, 31.835554122924805, 32.44605255126953, 29.04876136779785, 18.95743179321289, 15.533658027648926, 12.98484992980957, 12.869641304016113, 10.342863082885742, 14.643864631652832, 10.176050186157227, 8.10399055480957, 0.3538151681423187, 0.349928617477417, 0.38543078303337097, 0.45382481813430786, 0.5028396844863892, 0.5136919021606445, 0.49018236994743347, 0.5161444544792175, 0.5500286817550659, 0.5773739814758301, 0.5310665965080261, 0.4159852862358093, 0.2971511483192444, 0.32994937896728516, 0.3423399329185486, 0.3279431164264679, 0.3178075850009918, 0.3445669710636139, 0.31820908188819885, 0.3226761519908905, 0.30761346220970154, 0.3057912588119507, 0.3475947678089142, 0.297699511051178, 934.3647212953377, 783.7280763112088, 1831.502167166096, 1612.542602637452, 0.02331041309931507, 0.01902830392904974]"
processed_emodb\15b09Fa.wav,F,"[-257.5660705566406, 103.9334487915039, -47.48012924194336, 63.363250732421875, -9.680109977722168, 21.35597801208496, -19.37145233154297, 5.731857776641846, -12.900195121765137, -3.54999041557312, -0.21978624165058136, -3.897669553756714, 4.283472537994385, 118.3193588256836, 40.74113082885742, 47.21672439575195, 34.60615539550781, 33.595069885253906, 21.140100479125977, 19.734912872314453, 14.41182804107666, 17.006013870239258, 13.430431365966797, 14.576981544494629, 10.496556282043457, 10.32425594329834, 0.406996488571167, 0.4084809422492981, 0.4147467613220215, 0.4064531624317169, 0.4030633866786957, 0.4525826871395111, 0.5609400868415833, 0.5739020705223083, 0.45931360125541687, 0.3667606711387634, 0.38338685035705566, 0.4068751037120819, 0.32614535093307495, 0.34165361523628235, 0.34805676341056824, 0.3338603675365448, 0.3379349112510681, 0.34860700368881226, 0.3491401672363281, 0.3739766478538513, 0.35673829913139343, 0.3103490471839905, 0.32041093707084656, 0.32844868302345276, 1505.4575539189987, 836.4662039903565, 3124.6506025206368, 1771.141000294391, 0.027988649764150945, 0.028247034852132806]"
processed_emodb\14b02Wd.wav,W,"[-218.55426025390625, 99.50457763671875, -42.921146392822266, 45.6269416809082, -38.593482971191406, 24.721132278442383, -19.856599807739258, -4.666562557220459, -5.035228252410889, -12.762167930603027, 2.865091323852539, -2.4738337993621826, -3.3181087970733643, 105.79132843017578, 36.90372848510742, 43.829002380371094, 27.06593894958496, 33.643741607666016, 17.885995864868164, 19.880760192871094, 19.096036911010742, 12.234511375427246, 16.214597702026367, 12.101980209350586, 9.505805015563965, 13.8862943649292, 0.31270667910575867, 0.26390454173088074, 0.27736008167266846, 0.2728116810321808, 0.32314202189445496, 0.43547704815864563, 0.38137736916542053, 0.35422834753990173, 0.4337701201438904, 0.5274039506912231, 0.47329476475715637, 0.38415345549583435, 0.30700573325157166, 0.27910375595092773, 0.3220249116420746, 0.29520896077156067, 0.3089632987976074, 0.362095445394516, 0.344727486371994, 0.3598516285419464, 0.36455729603767395, 0.38618728518486023, 0.31838563084602356, 0.32629427313804626, 1916.2052175146123, 739.4779907458378, 4150.361772017045, 1588.122383950841, 0.054036458333333336, 0.031020196142464262]"
processed_emodb\16a04Wb.wav,W,"[-304.6083984375, 50.345088958740234, -67.9768295288086, 45.46004104614258, -30.564048767089844, 13.744013786315918, -11.35690689086914, 5.368841171264648, -2.7811384201049805, -6.22743034362793, 1.980156421661377, 1.1608366966247559, 1.3477301597595215, 98.40040588378906, 40.14916229248047, 61.720123291015625, 30.857358932495117, 23.521728515625, 26.230308532714844, 18.397281646728516, 14.326107025146484, 15.240266799926758, 16.64418601989746, 10.941230773925781, 11.46580696105957, 14.104804039001465, 0.5210397243499756, 0.5508064031600952, 0.5594240427017212, 0.5655931234359741, 0.5912256836891174, 0.6364836692810059, 0.6650893688201904, 0.690075695514679, 0.5836943984031677, 0.5444512367248535, 0.5248645544052124, 0.47397753596305847, 0.31575319170951843, 0.3257226049900055, 0.3300495445728302, 0.3634189963340759, 0.3459223806858063, 0.3296061158180237, 0.33163437247276306, 0.3068443536758423, 0.31089767813682556, 0.3208441138267517, 0.31979674100875854, 0.28313469886779785, 1222.6482070114407, 693.2267876917016, 2745.4833984375, 1567.550914101061, 0.009915188626126127, 0.024297723299144352]"
processed_emodb\11b03Fc.wav,F,"[-238.04966735839844, 127.2842788696289, -25.996984481811523, 34.54037094116211, -8.883443832397461, 13.198406219482422, -4.73604679107666, 7.628255844116211, -9.557859420776367, -0.5718504190444946, 3.6102206707000732, -6.539937496185303, 0.43383243680000305, 93.24262237548828, 52.73859405517578, 39.823997497558594, 25.941999435424805, 29.012266159057617, 26.24433135986328, 19.771724700927734, 15.908014297485352, 15.552621841430664, 11.68028450012207, 11.863602638244629, 12.30744743347168, 11.14411735534668, 0.3829022943973541, 0.41838976740837097, 0.4241751432418823, 0.4649414122104645, 0.47321271896362305, 0.49849146604537964, 0.5566139221191406, 0.5394684672355652, 0.48525992035865784, 0.4394862651824951, 0.3876480758190155, 0.3490760624408722, 0.31328755617141724, 0.3310179114341736, 0.34221351146698, 0.36237990856170654, 0.3484407067298889, 0.34682753682136536, 0.34923774003982544, 0.3395431339740753, 0.3336198925971985, 0.3378139138221741, 0.31663036346435547, 0.2828845679759979, 1154.7527014255854, 681.138591536794, 2446.3023792613635, 1606.7573944202486, 0.019093276515151514, 0.01904404045298177]"
processed_emodb\16a07Nb.wav,N,"[-165.94827270507812, 87.8993148803711, -26.448291778564453, 66.75048065185547, -15.796285629272461, 23.463722229003906, -17.64805793762207, -0.22128449380397797, -12.799333572387695, -3.6654276847839355, 4.176340579986572, -9.920315742492676, -3.417019844055176, 86.31680297851562, 45.313316345214844, 32.581817626953125, 21.17041015625, 22.72200584411621, 19.813182830810547, 16.84905433654785, 17.776426315307617, 19.481443405151367, 13.983112335205078, 11.114375114440918, 9.159729957580566, 15.012614250183105, 0.230926051735878, 0.24031470715999603, 0.2736966013908386, 0.32301780581474304, 0.2853994369506836, 0.25536707043647766, 0.29610341787338257, 0.4143661856651306, 0.4794811010360718, 0.4024210572242737, 0.315593421459198, 0.27911993861198425, 0.2989838719367981, 0.3266048729419708, 0.30385416746139526, 0.3780462145805359, 0.3330754041671753, 0.31416451930999756, 0.32493603229522705, 0.3580191135406494, 0.40586644411087036, 0.3968203365802765, 0.30611854791641235, 0.3299288749694824, 2036.2103711335124, 1258.216654695572, 4014.704842403017, 1726.047968022445, 0.08796919899425287, 0.09547678167960373]"
processed_emodb\09a07Na.wav,N,"[-188.986572265625, 110.8668212890625, -8.38147258758545, 61.436134338378906, -8.108510971069336, 23.57244873046875, -8.958271980285645, -7.076647758483887, -8.975607872009277, 2.185049533843994, -0.4526120722293854, -5.048597812652588, 2.8426246643066406, 95.49943542480469, 52.409244537353516, 34.521183013916016, 28.107643127441406, 26.801048278808594, 21.220720291137695, 22.607372283935547, 24.35298728942871, 15.929320335388184, 11.75857925415039, 9.43826675415039, 11.556680679321289, 11.984354972839355, 0.3370976448059082, 0.3528415858745575, 0.3558370769023895, 0.40985092520713806, 0.4589460492134094, 0.41052573919296265, 0.38669508695602417, 0.40350064635276794, 0.39142200350761414, 0.35839396715164185, 0.34992820024490356, 0.3299902677536011, 0.3317595422267914, 0.36703354120254517, 0.35207852721214294, 0.37577053904533386, 0.38920336961746216, 0.34992706775665283, 0.38089749217033386, 0.3745575547218323, 0.3642385005950928, 0.36018794775009155, 0.3328806459903717, 0.3057044744491577, 1472.071870220553, 1134.6817193969584, 2999.4406127929688, 2125.0900775498317, 0.0441650390625, 0.05469109114708784]"
processed_emodb\11b10Ad.wav,A,"[-242.4515838623047, 110.87284088134766, -17.82249641418457, 60.49848175048828, -14.289194107055664, 26.03050422668457, -3.738192081451416, 6.394672870635986, -6.907167434692383, -0.4331935942173004, -0.9928483963012695, -3.6835546493530273, 3.088226556777954, 124.19055938720703, 51.40397262573242, 25.83191680908203, 30.075040817260742, 24.951290130615234, 22.079299926757812, 17.718957901000977, 14.108718872070312, 13.954805374145508, 10.902277946472168, 11.080535888671875, 9.380704879760742, 8.345848083496094, 0.4670390486717224, 0.49213337898254395, 0.4708096981048584, 0.4514853358268738, 0.4544149339199066, 0.4565196931362152, 0.47409409284591675, 0.5294218063354492, 0.5610824227333069, 0.5288168787956238, 0.4683864116668701, 0.4425889253616333, 0.3271084129810333, 0.35184556245803833, 0.3063839375972748, 0.32193461060523987, 0.345527708530426, 0.34743934869766235, 0.34225350618362427, 0.3567275404930115, 0.3203361928462982, 0.31477975845336914, 0.3193722665309906, 0.33052879571914673, 1674.6014041637275, 1043.1675584570842, 3570.347278522995, 1370.813526274075, 0.06535598466981132, 0.08685376448100154]"
processed_emodb\13b09Ec.wav,E,"[-183.09756469726562, 122.6074447631836, -17.632816314697266, 65.74446105957031, -2.7689359188079834, 17.001338958740234, -30.570777893066406, -4.034971714019775, -12.978590965270996, -1.2608526945114136, 1.8061686754226685, -0.6014066338539124, -4.528613090515137, 85.33348083496094, 38.806575775146484, 30.209701538085938, 26.24796485900879, 20.230743408203125, 25.236574172973633, 18.09586524963379, 12.529090881347656, 12.762413024902344, 12.633891105651855, 8.715425491333008, 9.858375549316406, 11.132769584655762, 0.17302685976028442, 0.1786971390247345, 0.2104349136352539, 0.24506716430187225, 0.28812500834465027, 0.37374627590179443, 0.4938545227050781, 0.6987760663032532, 0.6331818699836731, 0.3482164740562439, 0.23478956520557404, 0.18873974680900574, 0.24995063245296478, 0.24754206836223602, 0.2543012201786041, 0.3077740967273712, 0.3359290063381195, 0.35300326347351074, 0.334976464509964, 0.31384724378585815, 0.3584538996219635, 0.28736209869384766, 0.2748812437057495, 0.25013241171836853, 1428.1517103697695, 958.9011318728637, 2912.36572265625, 1866.9372859166654, 0.040459994612068964, 0.03593390911822343]"
processed_emodb\09a05Ed.wav,E,"[-246.27210998535156, 96.09637451171875, -22.530841827392578, 45.21782302856445, -18.396907806396484, 14.897189140319824, -16.321781158447266, 0.504058301448822, -5.128113746643066, 3.629455804824829, 0.2374047189950943, -0.37657034397125244, 11.389812469482422, 129.13436889648438, 52.451385498046875, 46.511356353759766, 32.69622802734375, 30.857322692871094, 20.225645065307617, 22.080217361450195, 15.065231323242188, 16.28407096862793, 14.358201026916504, 11.097488403320312, 11.438570976257324, 10.019468307495117, 0.4949514865875244, 0.4391540586948395, 0.4058324694633484, 0.40672874450683594, 0.40740767121315, 0.3929595947265625, 0.4351515471935272, 0.4994885325431824, 0.5197203159332275, 0.5246667861938477, 0.5448281764984131, 0.5235520601272583, 0.35362565517425537, 0.3476235568523407, 0.3790612518787384, 0.3800859749317169, 0.3939453661441803, 0.3875705599784851, 0.4008762538433075, 0.38813886046409607, 0.3676927089691162, 0.33181053400039673, 0.3322903513908386, 0.3376515209674835, 1320.513364560318, 1059.121166594637, 2525.6129790849213, 1972.9782792352944, 0.030812079596412557, 0.046738162580862275]"
processed_emodb\13b10Ec.wav,E,"[-198.03758239746094, 114.87789154052734, -26.82777976989746, 51.62167739868164, -4.0185699462890625, 16.574649810791016, -35.603153228759766, 3.896721839904785, -21.864463806152344, -2.6191859245300293, 2.332555055618286, -3.2625718116760254, 9.261459350585938, 82.56121063232422, 35.07719421386719, 32.782718658447266, 24.2686824798584, 18.505661010742188, 20.197797775268555, 19.64645004272461, 11.855586051940918, 15.172683715820312, 14.323755264282227, 11.539926528930664, 13.126840591430664, 10.62218189239502, 0.31153684854507446, 0.2861490249633789, 0.31498613953590393, 0.3102327585220337, 0.32463541626930237, 0.37989088892936707, 0.4009450078010559, 0.45962443947792053, 0.5229862332344055, 0.4609869718551636, 0.3704388439655304, 0.3560565412044525, 0.32194963097572327, 0.31331321597099304, 0.3513927459716797, 0.34298285841941833, 0.3641633987426758, 0.3820001482963562, 0.3616764545440674, 0.37912797927856445, 0.40109527111053467, 0.37576138973236084, 0.3274357318878174, 0.34910133481025696, 1091.58848893714, 507.00198869098426, 2499.3396293826218, 1498.569421847908, 0.013112137957317074, 0.011927728055163797]"
processed_emodb\13a02Ad.wav,A,"[-206.42604064941406, 102.46018981933594, -16.75050163269043, 57.53623962402344, -12.98953914642334, 32.856903076171875, -7.835300445556641, 11.02254867553711, -7.408445358276367, -6.54622745513916, 2.2914960384368896, 1.067705750465393, 4.870550155639648, 89.86656188964844, 34.15329360961914, 26.147422790527344, 24.39676284790039, 23.00127601623535, 19.285486221313477, 20.76216697692871, 10.234109878540039, 14.664478302001953, 9.732893943786621, 10.405353546142578, 7.781055927276611, 12.308806419372559, 0.34386804699897766, 0.34283697605133057, 0.40704450011253357, 0.4999637305736542, 0.5796535015106201, 0.6494998931884766, 0.6276959776878357, 0.539965808391571, 0.4958639442920685, 0.47780436277389526, 0.3460158109664917, 0.3083855211734772, 0.3571513295173645, 0.3566271662712097, 0.3913119435310364, 0.3856572210788727, 0.3387426435947418, 0.34946775436401367, 0.31194889545440674, 0.3590796887874603, 0.3345484733581543, 0.37037307024002075, 0.3025062084197998, 0.313655823469162, 1526.4370367408833, 999.0522730927609, 3287.8509521484375, 1977.5237782841355, 0.020233154296875, 0.01792831743943966]"
processed_emodb\16a02Ea.wav,E,"[-258.062255859375, 79.37833404541016, -47.74167251586914, 40.581058502197266, -8.112329483032227, 19.216598510742188, -23.608867645263672, 0.9905973672866821, -15.095870018005371, -4.6117143630981445, 2.8875396251678467, 0.9946675896644592, -1.9256446361541748, 120.49447631835938, 48.62200164794922, 41.011512756347656, 30.717378616333008, 26.511253356933594, 18.666475296020508, 23.988862991333008, 14.6511812210083, 16.827312469482422, 13.525197982788086, 11.678499221801758, 8.256536483764648, 12.413899421691895, 0.4173574447631836, 0.4757935106754303, 0.4336352050304413, 0.4631290137767792, 0.4942759573459625, 0.4576232433319092, 0.4438609778881073, 0.41066306829452515, 0.4502362310886383, 0.37476134300231934, 0.36899900436401367, 0.3791886568069458, 0.34177204966545105, 0.36334940791130066, 0.3502280116081238, 0.3797145485877991, 0.3918989896774292, 0.39420822262763977, 0.41336649656295776, 0.38586339354515076, 0.3866945803165436, 0.33878248929977417, 0.33813780546188354, 0.3334731459617615, 1545.2825667020556, 933.8084259007752, 3033.2144669660433, 1914.1603014935922, 0.039262426181102365, 0.03799589159531102]"
processed_emodb\13a05Aa.wav,A,"[-177.87757873535156, 111.02912139892578, -20.209314346313477, 57.18103790283203, -10.355476379394531, 27.71516227722168, -10.68520450592041, 4.678069591522217, -8.623213768005371, -1.9647918939590454, -3.7717127799987793, -4.069507598876953, 3.004284620285034, 79.42232513427734, 46.411590576171875, 33.484649658203125, 25.359323501586914, 27.383913040161133, 17.276636123657227, 15.869317054748535, 14.527780532836914, 13.01086711883545, 15.641093254089355, 11.805615425109863, 10.09412956237793, 13.108602523803711, 0.2923465073108673, 0.2317771017551422, 0.2283114492893219, 0.22303643822669983, 0.22682680189609528, 0.2549299895763397, 0.3273589313030243, 0.4671963155269623, 0.5759613513946533, 0.6422654986381531, 0.583232581615448, 0.39686697721481323, 0.3191847801208496, 0.2886401116847992, 0.31362536549568176, 0.30756399035453796, 0.3166545629501343, 0.32935383915901184, 0.34598544239997864, 0.38204124569892883, 0.34211820363998413, 0.32643041014671326, 0.3412807285785675, 0.3257010579109192, 1406.8830476388607, 1062.232782249592, 2871.4793307722107, 2054.0324875430256, 0.03058416193181818, 0.043842469263722816]"
processed_emodb\03a02Wc.wav,W,"[-253.978271484375, 97.73609161376953, -62.17731857299805, 41.88491439819336, -19.98232650756836, 16.015220642089844, -19.287078857421875, -3.4267890453338623, -17.80658721923828, -12.334696769714355, -2.80741810798645, -0.7116929888725281, 3.0592024326324463, 124.98109436035156, 38.55185317993164, 49.602230072021484, 25.899526596069336, 38.96354675292969, 18.06604766845703, 27.036357879638672, 13.996355056762695, 13.8239164352417, 13.185172080993652, 11.326252937316895, 7.08458137512207, 7.012348651885986, 0.42685386538505554, 0.4142315089702606, 0.5510035753250122, 0.583975076675415, 0.5351690649986267, 0.37504732608795166, 0.3660849928855896, 0.3744491934776306, 0.31783831119537354, 0.3248772621154785, 0.38840001821517944, 0.4442213773727417, 0.31496402621269226, 0.30826061964035034, 0.3666268587112427, 0.30952736735343933, 0.3426474928855896, 0.3282470703125, 0.361092746257782, 0.37469637393951416, 0.32999280095100403, 0.3073446750640869, 0.3331979811191559, 0.32717961072921753, 1850.798110619164, 887.4619286657746, 3412.350135216346, 1486.4160875184518, 0.09106820913461539, 0.06564248787950779]"
processed_emodb\03a02Ta.wav,T,"[-224.09156799316406, 131.3585968017578, -17.24029541015625, 66.73005676269531, -14.114188194274902, 29.802053451538086, -7.526915073394775, 7.44932222366333, -7.7573699951171875, 1.834692358970642, 5.8114752769470215, 2.8035776615142822, 4.819897651672363, 92.76554107666016, 58.05205154418945, 27.404048919677734, 37.22505187988281, 29.67084312438965, 19.609088897705078, 18.65732192993164, 12.572492599487305, 10.856949806213379, 13.013086318969727, 10.422127723693848, 10.152857780456543, 9.375818252563477, 0.4443054795265198, 0.5037940740585327, 0.48701533675193787, 0.5014615654945374, 0.5601014494895935, 0.5892518758773804, 0.5906772613525391, 0.6154555678367615, 0.5760961771011353, 0.6020235419273376, 0.5781275033950806, 0.48251235485076904, 0.2759833037853241, 0.3348998725414276, 0.3468337655067444, 0.34431836009025574, 0.3099890947341919, 0.2980615198612213, 0.3170360028743744, 0.35434451699256897, 0.2824512720108032, 0.28461754322052, 0.2969038784503937, 0.2834925949573517, 1266.6416979192168, 1113.7201098782787, 2511.2021484375, 1965.6947395637983, 0.02171875, 0.04021021915948128]"
processed_emodb\12b09Wc.wav,W,"[-222.61090087890625, 113.40106964111328, -60.04331588745117, 55.414031982421875, -18.227664947509766, -11.721043586730957, -19.493154525756836, 7.289299011230469, -32.76865768432617, -4.663148880004883, 4.037481784820557, -7.23883056640625, 9.728116035461426, 104.40373992919922, 35.85476303100586, 49.9745979309082, 29.4789981842041, 28.0369815826416, 26.828327178955078, 16.388551712036133, 13.738177299499512, 17.47476577758789, 10.560013771057129, 13.118197441101074, 10.183462142944336, 9.051127433776855, 0.2903735637664795, 0.32390260696411133, 0.4082719683647156, 0.5128999948501587, 0.4872196912765503, 0.5370076894760132, 0.4732915461063385, 0.4744541645050049, 0.5357891321182251, 0.4589053690433502, 0.33163222670555115, 0.2663264274597168, 0.2836664617061615, 0.3064470887184143, 0.3243958652019501, 0.3569313883781433, 0.3098950982093811, 0.34642332792282104, 0.3387641906738281, 0.3236304819583893, 0.3056352138519287, 0.3512376844882965, 0.3156363368034363, 0.27212074398994446, 1571.2713356056984, 748.7589573854659, 2925.976332178656, 1269.2245051230038, 0.05280807783018868, 0.03874856532064201]"
processed_emodb\03a07Nc.wav,N,"[-204.1028594970703, 142.564453125, -15.008420944213867, 57.61278533935547, -9.650197982788086, 22.633766174316406, -12.250166893005371, 7.988868713378906, -14.411680221557617, -10.238662719726562, 5.304008483886719, -9.154773712158203, -0.0983281284570694, 95.04643249511719, 60.028316497802734, 34.743953704833984, 32.771400451660156, 24.375530242919922, 24.633481979370117, 17.780471801757812, 14.77457046508789, 15.979785919189453, 12.839627265930176, 15.173930168151855, 10.121942520141602, 9.932981491088867, 0.40788134932518005, 0.4671882688999176, 0.5216779708862305, 0.48812025785446167, 0.4134240746498108, 0.43406203389167786, 0.4476996064186096, 0.43733763694763184, 0.3715440332889557, 0.35460662841796875, 0.3353184163570404, 0.3647928237915039, 0.3253825604915619, 0.32876524329185486, 0.3373039662837982, 0.3638460040092468, 0.3351830542087555, 0.35239705443382263, 0.3477449119091034, 0.36040520668029785, 0.3014834225177765, 0.32518458366394043, 0.3113493323326111, 0.31439656019210815, 1347.9444997380679, 1050.4859938366178, 2587.297175480769, 1868.9173283306516, 0.039381760817307696, 0.04296283294720193]"
processed_emodb\09a02Wb.wav,W,"[-271.81207275390625, 99.38656616210938, -49.676490783691406, 53.37676239013672, -14.266155242919922, 6.233457088470459, -10.825191497802734, -9.57966423034668, -12.565072059631348, -1.2539002895355225, -2.7133395671844482, 1.403358817100525, 1.945290207862854, 102.98360443115234, 36.24259567260742, 50.58864974975586, 29.851993560791016, 30.722612380981445, 20.764476776123047, 16.36998748779297, 18.01048469543457, 15.100991249084473, 10.405202865600586, 10.918639183044434, 10.46336555480957, 12.871335983276367, 0.506663978099823, 0.557333767414093, 0.5095592737197876, 0.484458327293396, 0.5007444024085999, 0.5094553232192993, 0.5445902347564697, 0.5213302373886108, 0.5376352071762085, 0.4869312644004822, 0.48580920696258545, 0.5479052066802979, 0.29051560163497925, 0.3441530168056488, 0.3461027145385742, 0.3796948492527008, 0.3861961364746094, 0.39379990100860596, 0.39182430505752563, 0.37278029322624207, 0.3757607638835907, 0.34736692905426025, 0.3030378520488739, 0.32241731882095337, 1033.4652929830584, 612.2397111337427, 2356.8389892578125, 1438.1970051154176, 0.009440104166666666, 0.01837193125086256]"
processed_emodb\08a02Fe.wav,F,"[-255.2097625732422, 110.73390197753906, -19.655393600463867, 48.62666702270508, -6.500662326812744, 12.674915313720703, -13.66219425201416, 7.276209354400635, -12.349689483642578, -1.339879035949707, -2.5268545150756836, -3.7270002365112305, 3.6663191318511963, 135.21641540527344, 40.937374114990234, 44.59806442260742, 31.49506950378418, 32.35800552368164, 19.454530715942383, 29.931642532348633, 14.387992858886719, 12.98401165008545, 12.766992568969727, 11.757762908935547, 10.70849895477295, 7.493612766265869, 0.28527870774269104, 0.2801656723022461, 0.28228381276130676, 0.30931738018989563, 0.320080041885376, 0.3605192005634308, 0.4309370219707489, 0.35445594787597656, 0.34200772643089294, 0.39542365074157715, 0.4560907483100891, 0.4023974537849426, 0.2743207514286041, 0.32724475860595703, 0.33847203850746155, 0.36294689774513245, 0.3668177127838135, 0.3536548316478729, 0.3814569413661957, 0.3367057740688324, 0.30626338720321655, 0.31824347376823425, 0.36263784766197205, 0.3575064539909363, 1521.384957071501, 1034.3240104972106, 3006.18896484375, 1925.5857102741913, 0.06277901785714286, 0.07934071590733585]"
processed_emodb\16a07Wa.wav,W,"[-308.2273254394531, 50.258785247802734, -58.707603454589844, 50.7638053894043, -34.524600982666016, 10.30551815032959, -12.376570701599121, 2.1187195777893066, -0.7313939332962036, -4.959146499633789, -6.504327774047852, -4.826054096221924, -1.902499794960022, 108.36677551269531, 43.08420181274414, 59.13322830200195, 23.392087936401367, 30.346477508544922, 21.228498458862305, 16.86665916442871, 16.68508529663086, 19.04529571533203, 14.165860176086426, 12.062623977661133, 10.173917770385742, 11.370268821716309, 0.48362553119659424, 0.5263693928718567, 0.6145380735397339, 0.613619863986969, 0.5101305842399597, 0.5262687802314758, 0.5859915614128113, 0.611105740070343, 0.576788604259491, 0.5069846510887146, 0.46702146530151367, 0.471439927816391, 0.3059977889060974, 0.3113979697227478, 0.30438289046287537, 0.3290264904499054, 0.3473213016986847, 0.3431682884693146, 0.35423946380615234, 0.33946824073791504, 0.34329110383987427, 0.33717069029808044, 0.3224010467529297, 0.3096138536930084, 1223.5806836202203, 784.1155514993662, 2714.4379550970875, 1808.9130639213217, 0.014828580097087379, 0.03339713105882543]"
processed_emodb\03a07Wc.wav,W,"[-226.3787078857422, 91.14217376708984, -56.72700881958008, 50.03361129760742, -33.455055236816406, 16.40045166015625, -20.615449905395508, 1.500045657157898, -20.93301773071289, -11.371017456054688, -2.4764957427978516, -9.1194486618042, 3.106100082397461, 93.98042297363281, 41.49361038208008, 44.19923400878906, 30.455169677734375, 29.192298889160156, 24.587188720703125, 16.525575637817383, 17.05059242248535, 18.928035736083984, 14.905014991760254, 15.570114135742188, 10.915253639221191, 14.014151573181152, 0.3928922414779663, 0.34471961855888367, 0.3137948215007782, 0.31621983647346497, 0.37081506848335266, 0.38512569665908813, 0.39138051867485046, 0.3725200593471527, 0.37262648344039917, 0.40226125717163086, 0.39192450046539307, 0.4355836510658264, 0.30080825090408325, 0.33133500814437866, 0.315304696559906, 0.2847394645214081, 0.3225918412208557, 0.34467342495918274, 0.3521712124347687, 0.33600977063179016, 0.3422933518886566, 0.3498726189136505, 0.32121172547340393, 0.35682210326194763, 2095.8601432688497, 1080.6838459802543, 3854.921875, 1577.4032056390536, 0.09037543402777778, 0.07958776825950203]"
processed_emodb\15a04Ac.wav,A,"[-160.00241088867188, 108.22138977050781, -34.34320831298828, 45.93500900268555, -17.764598846435547, 27.948312759399414, -13.656025886535645, 5.9854936599731445, -9.08432388305664, -6.070714950561523, 1.8532428741455078, -3.920759916305542, 0.12502619624137878, 89.2145767211914, 44.49345016479492, 29.29339027404785, 41.962623596191406, 27.616636276245117, 23.186967849731445, 19.11160659790039, 12.711114883422852, 13.81235408782959, 12.761686325073242, 11.799078941345215, 10.469148635864258, 9.760550498962402, 0.37239253520965576, 0.348324716091156, 0.40489262342453003, 0.4633614420890808, 0.46443110704421997, 0.41794198751449585, 0.3871775269508362, 0.43246251344680786, 0.43178996443748474, 0.4467630982398987, 0.4535883963108063, 0.4086928963661194, 0.3492887020111084, 0.31387749314308167, 0.32198047637939453, 0.3528883755207062, 0.3695189952850342, 0.3455197215080261, 0.31159892678260803, 0.3292609453201294, 0.3160158097743988, 0.3233248293399811, 0.3217916488647461, 0.3302956223487854, 1721.8856401018288, 878.2308545302669, 3450.4266357421875, 1422.9918109051762, 0.07174072265625, 0.06601956034109478]"
processed_emodb\16b03Ea.wav,E,"[-257.5857238769531, 95.70580291748047, -39.95979309082031, 43.74342727661133, -13.35586929321289, 20.20465850830078, -16.289751052856445, -7.827521800994873, -10.496726036071777, -3.5095455646514893, 5.470365047454834, -1.2819476127624512, -4.423364639282227, 114.15154266357422, 51.5745735168457, 39.36870574951172, 30.47690773010254, 26.545604705810547, 23.13799476623535, 19.911344528198242, 15.295249938964844, 13.93143081665039, 15.423165321350098, 9.28975772857666, 9.458252906799316, 13.954626083374023, 0.3889373540878296, 0.3658152222633362, 0.3539295792579651, 0.30229824781417847, 0.33886176347732544, 0.41520118713378906, 0.491825133562088, 0.4734014570713043, 0.4003874659538269, 0.3798760771751404, 0.3644260764122009, 0.3760964274406433, 0.3488217294216156, 0.31542712450027466, 0.3373934030532837, 0.32857614755630493, 0.3416007459163666, 0.36576274037361145, 0.37090975046157837, 0.36650726199150085, 0.3544028401374817, 0.3663041591644287, 0.3534265160560608, 0.3504999279975891, 1759.8974374246025, 1073.1306770015744, 3288.379856213521, 1755.7410294484512, 0.07707814019941635, 0.0742836420955179]"
processed_emodb\14b09Ac.wav,A,"[-182.4440460205078, 107.05970764160156, -34.2292594909668, 58.54731369018555, -18.551210403442383, 18.73269271850586, -21.31720542907715, -3.341139554977417, -11.62959098815918, -8.63909912109375, 1.190323829650879, -10.277499198913574, 1.0251764059066772, 66.6357192993164, 31.474651336669922, 26.973007202148438, 21.15826988220215, 20.453907012939453, 19.015783309936523, 15.438414573669434, 14.9226655960083, 10.543855667114258, 13.201355934143066, 8.815873146057129, 10.230630874633789, 11.545173645019531, 0.5044091939926147, 0.37303781509399414, 0.19917316734790802, 0.1723431646823883, 0.16544505953788757, 0.17080865800380707, 0.18827129900455475, 0.2438022345304489, 0.275258332490921, 0.278513640165329, 0.4226424992084503, 0.5059995055198669, 0.3760931193828583, 0.35397645831108093, 0.26306504011154175, 0.2974868714809418, 0.2710646390914917, 0.2868494689464569, 0.30345454812049866, 0.3296841084957123, 0.3578774929046631, 0.29945650696754456, 0.38556650280952454, 0.35569873452186584, 1469.5149308923606, 766.8015736518328, 3205.6196732954545, 1605.2240621832136, 0.028926964962121212, 0.021569408315732633]"
processed_emodb\10a05Tb.wav,T,"[-175.2471466064453, 133.2957305908203, -17.07971954345703, 59.8792724609375, -8.810169219970703, 39.24061584472656, 7.123449325561523, 14.280227661132812, -11.797069549560547, -0.3997964859008789, 0.8440407514572144, -0.11661871522665024, 2.710344076156616, 88.53648376464844, 49.45133972167969, 38.870357513427734, 24.226032257080078, 29.081052780151367, 18.29066276550293, 16.008853912353516, 10.861982345581055, 11.866924285888672, 9.771100044250488, 10.945037841796875, 7.898155212402344, 7.596399307250977, 0.2931235134601593, 0.3368704617023468, 0.3975732922554016, 0.46738460659980774, 0.5817998647689819, 0.7134433388710022, 0.7488757967948914, 0.7117739319801331, 0.551622748374939, 0.4098662734031677, 0.3416763246059418, 0.29935818910598755, 0.2622170150279999, 0.25928881764411926, 0.27831846475601196, 0.2943051755428314, 0.25136876106262207, 0.24720965325832367, 0.236997589468956, 0.2879455089569092, 0.2588706314563751, 0.27065950632095337, 0.27656006813049316, 0.2658170461654663, 1348.3650412594452, 1027.6052848263432, 2658.0795288085938, 1892.400384622519, 0.04793972439236111, 0.062134246132406624]"
processed_emodb\11b09Ld.wav,L,"[-249.11398315429688, 134.02076721191406, -9.738100051879883, 61.47156524658203, 1.6645110845565796, 15.904627799987793, -3.9076759815216064, -1.1332299709320068, -4.43610954284668, -1.7655386924743652, -0.7485721707344055, 0.14617690443992615, -1.2321410179138184, 96.97993469238281, 47.876041412353516, 33.55659103393555, 30.394689559936523, 27.14453887939453, 20.011199951171875, 19.765539169311523, 15.135749816894531, 11.974579811096191, 9.175077438354492, 11.663445472717285, 7.552556991577148, 7.310838222503662, 0.4029388129711151, 0.3179018795490265, 0.3428459167480469, 0.39431822299957275, 0.39629948139190674, 0.406568318605423, 0.47193458676338196, 0.5180256366729736, 0.508945107460022, 0.45329228043556213, 0.41771551966667175, 0.4148466885089874, 0.3240293264389038, 0.2475009709596634, 0.3103350102901459, 0.35845112800598145, 0.3210921883583069, 0.3168581426143646, 0.31681376695632935, 0.3373710513114929, 0.3406621217727661, 0.32585644721984863, 0.28557828068733215, 0.30351558327674866, 1312.6093088565547, 945.7510076747803, 2597.921961954195, 1640.9029918499195, 0.05224609375, 0.06991980761195932]"
processed_emodb\16b02Wb.wav,W,"[-249.6403350830078, 56.35940170288086, -72.338623046875, 38.67890548706055, -40.78820037841797, 7.346808433532715, -9.953774452209473, 0.6218083500862122, -4.896140098571777, -5.718903064727783, 0.5646540522575378, -3.6414058208465576, 1.1899713277816772, 86.04666137695312, 33.355281829833984, 52.79322052001953, 31.75094985961914, 30.28061866760254, 19.883686065673828, 19.15873146057129, 15.05492877960205, 12.51584529876709, 13.398279190063477, 11.694953918457031, 11.37572193145752, 12.286937713623047, 0.47153744101524353, 0.5135742425918579, 0.49273133277893066, 0.5397257208824158, 0.527332603931427, 0.5141353011131287, 0.5174658894538879, 0.5203840732574463, 0.5108704566955566, 0.4741067886352539, 0.4602546989917755, 0.46970462799072266, 0.2917416989803314, 0.3305869400501251, 0.33499568700790405, 0.34129762649536133, 0.34505489468574524, 0.3536110818386078, 0.3546968102455139, 0.3279668092727661, 0.3258610963821411, 0.3415352702140808, 0.3289407193660736, 0.3078818917274475, 1231.9525542732626, 574.8618763554484, 2838.871964164402, 1400.799911289059, 0.006874858469202899, 0.017193057964072875]"
processed_emodb\10a07La.wav,L,"[-192.408203125, 147.724609375, -12.226760864257812, 60.36140060424805, -1.8943160772323608, 23.9215030670166, -4.42622709274292, 5.632381916046143, -20.82362174987793, -2.2530763149261475, 5.446597576141357, -3.046494483947754, 15.756712913513184, 83.16078186035156, 64.01241302490234, 30.583141326904297, 25.29640007019043, 28.48993682861328, 25.714828491210938, 13.873806953430176, 15.125638008117676, 15.82667350769043, 13.22232723236084, 12.626601219177246, 14.555615425109863, 7.585284233093262, 0.3366786539554596, 0.3540583848953247, 0.40945664048194885, 0.46005696058273315, 0.5669769048690796, 0.5633507370948792, 0.5232123732566833, 0.5051449537277222, 0.4691378176212311, 0.4150095582008362, 0.3995234966278076, 0.3617551922798157, 0.30572664737701416, 0.31532907485961914, 0.3240804970264435, 0.32679009437561035, 0.36437922716140747, 0.349219411611557, 0.33243528008461, 0.3276343047618866, 0.3006231486797333, 0.3247017562389374, 0.3268274664878845, 0.28426894545555115, 1040.2473775488804, 891.5636583006446, 2033.2601857739826, 1843.3281807125868, 0.010986328125, 0.008550111329085239]"
processed_emodb\11b03Wa.wav,W,"[-283.173095703125, 132.21250915527344, -28.536895751953125, 44.2043571472168, -16.256397247314453, 11.826216697692871, 3.975107431411743, 9.37790584564209, -12.977487564086914, 1.0089046955108643, -0.16597537696361542, -7.819007396697998, 4.290600776672363, 95.03909301757812, 52.93729782104492, 47.127689361572266, 30.97161865234375, 29.718143463134766, 26.33416175842285, 21.369436264038086, 11.742039680480957, 13.976329803466797, 12.815523147583008, 10.014849662780762, 11.168206214904785, 10.395783424377441, 0.5054448246955872, 0.5032969117164612, 0.5574997067451477, 0.6263827681541443, 0.6922606825828552, 0.6259741187095642, 0.5641624927520752, 0.5613526701927185, 0.5577238202095032, 0.49437734484672546, 0.47377538681030273, 0.4677596986293793, 0.3002764880657196, 0.3211902379989624, 0.3220011591911316, 0.3145901560783386, 0.31183063983917236, 0.32532885670661926, 0.35435613989830017, 0.3511298894882202, 0.3392931818962097, 0.30361539125442505, 0.30115142464637756, 0.2701878249645233, 716.2287139600098, 462.7259369480064, 1572.0461758700285, 1476.4432283723288, 0.002682772549715909, 0.006037012777958594]"
processed_emodb\13a05Ea.wav,E,"[-181.5504608154297, 106.35292053222656, -22.71479606628418, 59.946250915527344, -11.281550407409668, 28.553516387939453, -30.489988327026367, 0.43304333090782166, -16.121614456176758, 4.801887512207031, 5.024081707000732, -3.122654438018799, 7.6663031578063965, 84.96133422851562, 53.62617874145508, 32.20903396606445, 25.731943130493164, 26.089351654052734, 15.634605407714844, 20.202930450439453, 12.349638938903809, 14.309223175048828, 14.58421516418457, 9.236407279968262, 9.510028839111328, 10.3844575881958, 0.44363412261009216, 0.38325563073158264, 0.3339942395687103, 0.3515230417251587, 0.3394979238510132, 0.317381888628006, 0.31318190693855286, 0.39141231775283813, 0.48672792315483093, 0.5016542077064514, 0.5030815005302429, 0.49290022253990173, 0.31955331563949585, 0.31568673253059387, 0.2994256615638733, 0.3406584858894348, 0.3416405916213989, 0.33131644129753113, 0.31622186303138733, 0.3370535969734192, 0.36414793133735657, 0.3571000099182129, 0.3407054543495178, 0.33028659224510193, 1733.3138875249524, 1098.5059222588939, 3349.5432816816297, 1840.7239272900003, 0.05474415141574586, 0.07650805484747583]"
processed_emodb\03b02Wb.wav,W,"[-230.89376831054688, 110.11311340332031, -35.892547607421875, 41.99966049194336, -25.154712677001953, 13.516092300415039, -9.757550239562988, 4.968700885772705, -16.033464431762695, -1.8513803482055664, 4.812290668487549, -3.9615225791931152, 5.406352519989014, 121.0956039428711, 55.922237396240234, 43.84918212890625, 35.295711517333984, 29.67302703857422, 24.86281967163086, 19.515907287597656, 14.543563842773438, 16.210126876831055, 13.773087501525879, 15.734491348266602, 12.213743209838867, 9.845569610595703, 0.3855906128883362, 0.4139192998409271, 0.4303476810455322, 0.4549456834793091, 0.5512995719909668, 0.5496757626533508, 0.5286362767219543, 0.4965718686580658, 0.45912784337997437, 0.4161147177219391, 0.3721129596233368, 0.34729018807411194, 0.3368798494338989, 0.3422190845012665, 0.3596054017543793, 0.36762139201164246, 0.3803682029247284, 0.3425781726837158, 0.36352360248565674, 0.3599727749824524, 0.3356132507324219, 0.3308492600917816, 0.3160225450992584, 0.2945394814014435, 1385.5009069778055, 895.3993216927041, 2797.8340480638585, 1788.4643632565594, 0.02775772758152174, 0.023365363240511174]"
processed_emodb\09b01Wb.wav,W,"[-224.31463623046875, 88.0060806274414, -56.59889602661133, 62.10524368286133, -26.716899871826172, 0.6407865881919861, -20.113147735595703, -11.476457595825195, -8.620194435119629, -1.5775291919708252, -14.137269020080566, -0.21152622997760773, 2.436640501022339, 97.71522521972656, 42.69185256958008, 45.275535583496094, 25.99872589111328, 27.111083984375, 23.32368278503418, 17.38345718383789, 18.154695510864258, 13.274169921875, 15.915701866149902, 11.997014999389648, 10.634660720825195, 11.905708312988281, 0.3685608208179474, 0.4119682013988495, 0.4098365902900696, 0.4037178158760071, 0.4062955677509308, 0.3938179910182953, 0.38484057784080505, 0.3645480275154114, 0.37849342823028564, 0.29529625177383423, 0.2757798135280609, 0.30774638056755066, 0.3211571276187897, 0.31341859698295593, 0.3687058091163635, 0.36978426575660706, 0.36785444617271423, 0.35656437277793884, 0.38156571984291077, 0.3559827208518982, 0.37482842803001404, 0.33664363622665405, 0.3079436421394348, 0.3133999705314636, 1567.3115175178941, 742.5227835866166, 3376.5451738911293, 1512.3526759006245, 0.028850596438172043, 0.02554711326238678]"
processed_emodb\13b03Ac.wav,A,"[-178.5163116455078, 119.59539031982422, -20.784170150756836, 43.15153121948242, -12.666528701782227, 33.74277114868164, -13.394756317138672, 2.3100030422210693, -11.162219047546387, 0.11577627807855606, 3.046710968017578, -5.562171459197998, -0.3791032135486603, 74.87468719482422, 30.83849334716797, 27.290699005126953, 24.106300354003906, 22.636083602905273, 19.416664123535156, 17.874853134155273, 12.307247161865234, 13.117805480957031, 14.615175247192383, 10.827934265136719, 9.386174201965332, 9.250064849853516, 0.46236494183540344, 0.3164406716823578, 0.2580853998661041, 0.25183001160621643, 0.26126694679260254, 0.26222893595695496, 0.28072261810302734, 0.3355311155319214, 0.40138280391693115, 0.418815940618515, 0.4797162115573883, 0.537380576133728, 0.3453863561153412, 0.3098801374435425, 0.311927855014801, 0.31549766659736633, 0.34548109769821167, 0.34453606605529785, 0.3510779142379761, 0.3569888770580292, 0.38156765699386597, 0.34496018290519714, 0.33255311846733093, 0.3405474126338959, 1338.5953147489752, 748.2356616546555, 2914.5115138767483, 1614.262777800108, 0.028067635489510488, 0.034240113312218504]"
processed_emodb\09a05Tb.wav,T,"[-223.00526428222656, 117.08277130126953, -16.91579818725586, 62.043975830078125, -9.52664566040039, 24.21278953552246, -4.591974258422852, 4.458334922790527, -5.029114723205566, 7.336490631103516, 3.2589848041534424, -7.2409892082214355, 12.37456226348877, 96.65473937988281, 52.34333801269531, 35.93001937866211, 30.566213607788086, 25.152429580688477, 15.88276195526123, 18.345829010009766, 13.466816902160645, 10.900671005249023, 13.731748580932617, 10.236177444458008, 10.476609230041504, 11.639872550964355, 0.3998488783836365, 0.5189304947853088, 0.6528559923171997, 0.6484001874923706, 0.5207042694091797, 0.4240851402282715, 0.4018881022930145, 0.4379824101924896, 0.4393458664417267, 0.4259907603263855, 0.39192312955856323, 0.35777392983436584, 0.3212844431400299, 0.31368887424468994, 0.298847496509552, 0.3013765215873718, 0.3162330090999603, 0.3211352229118347, 0.3270758390426636, 0.3545112609863281, 0.34137827157974243, 0.3351660668849945, 0.3199242949485779, 0.3106391131877899, 1600.8742442948396, 1081.4099013373614, 3125.117591993343, 1756.7982228440735, 0.07171955898668639, 0.0814736549540657]"
processed_emodb\03b02La.wav,L,"[-253.44239807128906, 143.18568420410156, -10.913865089416504, 54.123085021972656, -21.94552230834961, 17.54134178161621, -7.277502536773682, -6.883307456970215, -9.550354957580566, 0.996316134929657, 6.8212666511535645, -6.1620025634765625, -0.07273231446743011, 94.68878936767578, 58.573604583740234, 37.90031814575195, 31.453359603881836, 25.528392791748047, 21.68161392211914, 18.075693130493164, 12.493309020996094, 11.954316139221191, 10.161243438720703, 12.356414794921875, 11.876534461975098, 10.096388816833496, 0.36526137590408325, 0.42207640409469604, 0.5602449178695679, 0.5820028185844421, 0.4928823709487915, 0.4666789770126343, 0.4723397195339203, 0.5497448444366455, 0.5301292538642883, 0.46691441535949707, 0.4422557055950165, 0.4560592770576477, 0.26642751693725586, 0.2941155433654785, 0.3089653253555298, 0.2912823259830475, 0.2889147996902466, 0.29910632967948914, 0.2680298984050751, 0.2925873398780823, 0.2963394224643707, 0.2751702666282654, 0.2943389415740967, 0.3067663013935089, 1504.1583676271568, 1124.6759402393545, 2640.9755859375, 1679.5956166016576, 0.07424153645833333, 0.07573394529437923]"
processed_emodb\13b09La.wav,L,"[-208.163330078125, 119.45111846923828, -11.692828178405762, 59.39142608642578, -0.1274697482585907, 20.564851760864258, -5.666535377502441, 2.1083006858825684, -1.212950348854065, -7.9456048011779785, -0.06046273186802864, 0.032660145312547684, -2.8873226642608643, 75.89772033691406, 38.342994689941406, 31.524335861206055, 19.560205459594727, 21.240642547607422, 19.960790634155273, 18.104108810424805, 15.363640785217285, 9.019194602966309, 13.937837600708008, 10.091641426086426, 8.217594146728516, 13.330605506896973, 0.22546830773353577, 0.29972952604293823, 0.43550679087638855, 0.6142492294311523, 0.5239556431770325, 0.4391089379787445, 0.37987765669822693, 0.2804487645626068, 0.2722783088684082, 0.3156414031982422, 0.2616609036922455, 0.18683193624019623, 0.2952250838279724, 0.2934345602989197, 0.354550838470459, 0.3970071077346802, 0.3423672616481781, 0.36833691596984863, 0.39655107259750366, 0.3326551914215088, 0.3552899956703186, 0.3520418405532837, 0.27600258588790894, 0.25392165780067444, 923.4905847032145, 726.5404814798779, 2062.0925903320312, 1741.1676058449393, 0.010777064732142858, 0.008099781946316572]"
processed_emodb\13a05Lc.wav,L,"[-230.5049591064453, 108.41116333007812, -14.800897598266602, 61.73624801635742, -21.878875732421875, 25.05780029296875, -6.57495641708374, 2.232448101043701, -6.193742275238037, -4.690293312072754, -4.518609523773193, -7.690985202789307, 0.0147996312007308, 76.88007354736328, 40.97303771972656, 26.032724380493164, 26.66358757019043, 25.013763427734375, 15.673754692077637, 17.15141487121582, 14.664008140563965, 12.189894676208496, 12.799997329711914, 9.897710800170898, 7.565643310546875, 12.5051851272583, 0.19161546230316162, 0.18039941787719727, 0.23683881759643555, 0.34242677688598633, 0.39967402815818787, 0.39893627166748047, 0.3505784869194031, 0.37609875202178955, 0.40345561504364014, 0.3445526659488678, 0.32900354266166687, 0.27489739656448364, 0.2667757570743561, 0.2523297667503357, 0.30472061038017273, 0.3769301474094391, 0.3814232051372528, 0.36038923263549805, 0.3516543507575989, 0.37422022223472595, 0.37910860776901245, 0.3383522629737854, 0.37140193581581116, 0.33051347732543945, 1647.56133255892, 1037.806737965013, 3405.2161907327586, 1699.5322121485326, 0.06351023706896551, 0.07338087747140186]"
processed_emodb\13b01Ld.wav,L,"[-215.5148162841797, 102.99710083007812, -10.907318115234375, 68.81075286865234, -12.337359428405762, 17.575313568115234, -11.886571884155273, 1.8940701484680176, -5.9342851638793945, -4.64028263092041, -7.394711017608643, -1.3368183374404907, 2.396362543106079, 76.26588439941406, 45.40055465698242, 29.939640045166016, 31.040430068969727, 21.73280906677246, 19.29636001586914, 20.613378524780273, 15.248086929321289, 12.093762397766113, 13.513754844665527, 10.841423034667969, 11.528428077697754, 15.535634994506836, 0.25055283308029175, 0.2557559013366699, 0.3676670789718628, 0.4730093777179718, 0.43897032737731934, 0.32699114084243774, 0.2527811825275421, 0.27096739411354065, 0.34881651401519775, 0.3365258574485779, 0.3243445158004761, 0.3115393817424774, 0.2916019558906555, 0.2988772988319397, 0.36599472165107727, 0.40838029980659485, 0.391299307346344, 0.35012179613113403, 0.32259395718574524, 0.33593592047691345, 0.386872798204422, 0.35113075375556946, 0.31582602858543396, 0.31741222739219666, 1267.8046023374927, 980.2912652005117, 2619.9968009159484, 1959.418009383993, 0.013364594558189655, 0.009691370226477598]"
processed_emodb\16a02Lb.wav,L,"[-214.70521545410156, 81.8240737915039, -42.22577667236328, 65.60623931884766, -23.78138542175293, 20.56955337524414, -16.726760864257812, -1.4239020347595215, -2.8378233909606934, -1.7080965042114258, 8.317556381225586, -8.337479591369629, 3.472219228744507, 93.07437133789062, 35.971126556396484, 38.946170806884766, 27.19814109802246, 25.537839889526367, 18.66469383239746, 26.82428741455078, 16.689496994018555, 13.489108085632324, 11.5264253616333, 10.532050132751465, 12.000547409057617, 7.270654201507568, 0.3023364543914795, 0.3533245921134949, 0.4083274006843567, 0.4889042377471924, 0.5535308122634888, 0.47196701169013977, 0.4271959960460663, 0.36299532651901245, 0.33795157074928284, 0.37337973713874817, 0.3686365783214569, 0.3380989134311676, 0.2883528470993042, 0.366376131772995, 0.3579051196575165, 0.3855791985988617, 0.39627373218536377, 0.3791554272174835, 0.39991214871406555, 0.376005083322525, 0.3398584723472595, 0.3534190356731415, 0.3601750433444977, 0.2995382845401764, 1693.29657266429, 880.0708273553365, 3664.7119140625, 1507.9073633267296, 0.043505859375, 0.04307287988811062]"
processed_emodb\08a02Tb.wav,T,"[-256.83404541015625, 97.00762939453125, 3.9250080585479736, 49.853538513183594, -2.1573500633239746, 26.547327041625977, -2.1443850994110107, 12.995978355407715, 2.6842031478881836, -4.7402191162109375, 7.38918399810791, 1.577344536781311, 1.8801424503326416, 114.00843811035156, 37.17305374145508, 30.899471282958984, 33.81296157836914, 28.385583877563477, 17.530941009521484, 23.327545166015625, 8.537029266357422, 11.015975952148438, 17.932979583740234, 9.820537567138672, 8.453850746154785, 12.0139799118042, 0.472017377614975, 0.5632349252700806, 0.6297824382781982, 0.6945636868476868, 0.7051828503608704, 0.5952997207641602, 0.4658798575401306, 0.3893791735172272, 0.3673352003097534, 0.37263327836990356, 0.38294151425361633, 0.39954254031181335, 0.3509436249732971, 0.3323596715927124, 0.30178847908973694, 0.2585192024707794, 0.3034853935241699, 0.3655881881713867, 0.37656378746032715, 0.36428067088127136, 0.35545825958251953, 0.35225188732147217, 0.34172242879867554, 0.3269282877445221, 1443.0442712905237, 911.3166603999639, 3075.2513538707385, 1566.2915545932838, 0.045854048295454544, 0.06766238455132845]"
processed_emodb\16a05Tb.wav,T,"[-261.95703125, 73.22351837158203, -9.413661003112793, 48.2026481628418, -0.3800654113292694, 24.01024055480957, 0.7026469707489014, 2.2281439304351807, -2.293346643447876, 5.221628189086914, 4.65933895111084, -0.08551392704248428, 0.4245149791240692, 98.89733123779297, 37.1613883972168, 30.620450973510742, 24.125415802001953, 19.239816665649414, 12.791111946105957, 13.603275299072266, 10.604606628417969, 10.955090522766113, 12.507518768310547, 7.848669052124023, 6.879104137420654, 10.439010620117188, 0.3079429566860199, 0.296409547328949, 0.33546051383018494, 0.3899931013584137, 0.4390864074230194, 0.5647204518318176, 0.5953447222709656, 0.6152469515800476, 0.5455536842346191, 0.405478298664093, 0.32056334614753723, 0.30839449167251587, 0.2852361798286438, 0.2676851153373718, 0.2935841679573059, 0.30654510855674744, 0.26397815346717834, 0.2953861951828003, 0.28457483649253845, 0.36052799224853516, 0.40875673294067383, 0.3379400372505188, 0.2855433225631714, 0.2851788103580475, 2066.08501376676, 968.8568314540057, 4362.604905476749, 1441.231029317725, 0.08819559247013652, 0.09345481282163576]"
processed_emodb\14b09Lb.wav,L,"[-238.26406860351562, 125.94217681884766, -13.39307689666748, 44.88580322265625, -12.247672080993652, 17.036409378051758, -12.314360618591309, -2.395326614379883, -6.223270416259766, -9.327774047851562, 7.770670413970947, -4.227520942687988, 4.3537797927856445, 83.1001968383789, 36.53965377807617, 33.932044982910156, 20.067686080932617, 24.291702270507812, 19.52507781982422, 15.549015045166016, 13.226902961730957, 10.210031509399414, 12.821440696716309, 11.694291114807129, 8.865583419799805, 8.000770568847656, 0.43791571259498596, 0.4113119840621948, 0.3858753442764282, 0.33694079518318176, 0.38149115443229675, 0.4096425771713257, 0.319462388753891, 0.31880784034729004, 0.3528141975402832, 0.32459256052970886, 0.34336334466934204, 0.4001961946487427, 0.3600744903087616, 0.3767809569835663, 0.3690389096736908, 0.36134639382362366, 0.39153721928596497, 0.4053509831428528, 0.3486486077308655, 0.35714223980903625, 0.3593541085720062, 0.3316984176635742, 0.35175350308418274, 0.34562772512435913, 900.1831573390516, 609.0255821959803, 1826.6518332741477, 1456.1567509215965, 0.014877781723484848, 0.013218816850622778]"
processed_emodb\09b03Wb.wav,W,"[-236.4382781982422, 88.1717300415039, -68.44291687011719, 36.670814514160156, -32.81467056274414, 11.924924850463867, -8.956759452819824, -15.442556381225586, -7.797847747802734, -1.0431307554244995, -5.565522193908691, 0.9805335998535156, -1.8512728214263916, 105.37556457519531, 36.535823822021484, 60.27021789550781, 27.609296798706055, 24.067838668823242, 23.130374908447266, 16.44661521911621, 16.528167724609375, 14.205893516540527, 14.679969787597656, 13.0947904586792, 12.176334381103516, 12.71557903289795, 0.36817073822021484, 0.5517325401306152, 0.5187631845474243, 0.4030502438545227, 0.39017269015312195, 0.39792484045028687, 0.33190813660621643, 0.32977718114852905, 0.3835673928260803, 0.37449851632118225, 0.3325369954109192, 0.2951209843158722, 0.31386446952819824, 0.3677504360675812, 0.37513744831085205, 0.3673175275325775, 0.37202930450439453, 0.37676411867141724, 0.3591598570346832, 0.34447914361953735, 0.35448211431503296, 0.36236411333084106, 0.34559884667396545, 0.30604782700538635, 1290.2988704831073, 610.0833532237687, 2838.7490844726562, 1396.2775939166463, 0.02384033203125, 0.029853844158846857]"
processed_emodb\08a02Ac.wav,A,"[-276.1766357421875, 85.32672119140625, -33.749351501464844, 56.03741455078125, -23.277294158935547, 27.119449615478516, -11.00961971282959, 15.425543785095215, -8.96689510345459, -2.3853719234466553, -3.306291341781616, -8.40305233001709, 0.8378368020057678, 122.16487121582031, 40.705780029296875, 36.60716247558594, 24.44865608215332, 26.29522132873535, 14.562443733215332, 17.652971267700195, 12.0076265335083, 14.226507186889648, 11.572235107421875, 11.77900505065918, 10.726482391357422, 10.114358901977539, 0.456590473651886, 0.4548298120498657, 0.4329046308994293, 0.4561253488063812, 0.46997126936912537, 0.44893237948417664, 0.421569287776947, 0.4056422710418701, 0.41177400946617126, 0.3915054500102997, 0.3826090395450592, 0.44836509227752686, 0.3555912673473358, 0.36285191774368286, 0.3596191108226776, 0.3726831376552582, 0.3749319612979889, 0.37260523438453674, 0.3739781081676483, 0.3673749566078186, 0.36508506536483765, 0.34557071328163147, 0.31084245443344116, 0.35901591181755066, 1997.7970280997313, 1021.469931140348, 4086.8839629708905, 1635.7944099759334, 0.07266026327054795, 0.06936620270862374]"
processed_emodb\09a05Wc.wav,W,"[-262.31817626953125, 76.48004150390625, -65.3904800415039, 41.44850540161133, -33.1736946105957, 4.960228443145752, -14.974784851074219, -15.275491714477539, -3.6509714126586914, 3.032728672027588, -5.491164207458496, 1.2908744812011719, 2.454392671585083, 101.59843444824219, 46.55314636230469, 51.15980911254883, 31.143007278442383, 32.10620880126953, 22.25659942626953, 18.66721534729004, 19.32157325744629, 16.968219757080078, 14.391488075256348, 11.80940055847168, 11.34433364868164, 13.485727310180664, 0.46051594614982605, 0.4917314648628235, 0.4464757740497589, 0.42044496536254883, 0.41754695773124695, 0.4514785408973694, 0.4829181730747223, 0.5044544339179993, 0.4891875386238098, 0.41520702838897705, 0.3606208562850952, 0.4088481068611145, 0.3457687795162201, 0.36081773042678833, 0.3488607704639435, 0.360707551240921, 0.3704715669155121, 0.3711712658405304, 0.36439013481140137, 0.38185784220695496, 0.3804057538509369, 0.3421056568622589, 0.32064905762672424, 0.3568432927131653, 1409.988884307755, 788.2589934611179, 3056.388523267663, 1650.7795748656065, 0.015593155570652174, 0.024857360608234888]"
processed_emodb\16a04Tc.wav,T,"[-229.58018493652344, 88.00786590576172, -23.138446807861328, 50.426658630371094, 0.6564366817474365, 28.781291961669922, 2.48714280128479, 1.282536268234253, 1.2697261571884155, 3.0224573612213135, 7.544579029083252, 0.7350668907165527, -2.564452648162842, 88.13195037841797, 34.606101989746094, 30.2647647857666, 27.75206184387207, 18.04784393310547, 11.891196250915527, 13.972965240478516, 12.462906837463379, 8.939763069152832, 10.211695671081543, 10.747159957885742, 11.115171432495117, 12.58563232421875, 0.34619009494781494, 0.3682954013347626, 0.39243239164352417, 0.421919047832489, 0.4438120126724243, 0.5054353475570679, 0.6282941102981567, 0.7008416652679443, 0.7317096590995789, 0.5681501626968384, 0.4135792851448059, 0.3367173671722412, 0.352382093667984, 0.37567976117134094, 0.3896007835865021, 0.4205341935157776, 0.42619645595550537, 0.4057261645793915, 0.3994526267051697, 0.2953258156776428, 0.32894033193588257, 0.33185815811157227, 0.3430124521255493, 0.33897072076797485, 1118.7120707764482, 841.0681770313229, 2272.931754676095, 1833.2908111116824, 0.00997590670620438, 0.010079012189717544]"
processed_emodb\08b09Ab.wav,A,"[-243.39016723632812, 96.38065338134766, -28.2686824798584, 42.816749572753906, -13.997872352600098, 19.42578125, -16.807161331176758, 5.3720173835754395, -7.978524684906006, -6.65128231048584, -0.07752164453268051, -6.97410774230957, 0.19742345809936523, 119.35083770751953, 34.74381637573242, 38.943321228027344, 25.90907096862793, 23.266143798828125, 14.302931785583496, 18.97648811340332, 12.184253692626953, 12.180989265441895, 17.56356430053711, 8.929405212402344, 11.0894193649292, 12.19896125793457, 0.38536012172698975, 0.43798723816871643, 0.4652920067310333, 0.5074156522750854, 0.5045691728591919, 0.4408559203147888, 0.44208547472953796, 0.420725554227829, 0.3860473334789276, 0.40112653374671936, 0.3912881314754486, 0.37775859236717224, 0.3419499397277832, 0.3722822368144989, 0.3595661520957947, 0.3644990026950836, 0.38423940539360046, 0.36664044857025146, 0.39451417326927185, 0.3819855749607086, 0.36980393528938293, 0.3649975657463074, 0.33777952194213867, 0.3364429771900177, 1431.7085795673372, 902.7021518955218, 2904.8759128736415, 1823.5177819316693, 0.04274937726449275, 0.04875284591583345]"
processed_emodb\11a05Wd.wav,W,"[-246.20188903808594, 109.54236602783203, -26.388324737548828, 38.986507415771484, -14.115970611572266, 5.5445380210876465, -2.4656572341918945, 6.666934013366699, -12.467142105102539, 1.8999037742614746, 4.6203293800354, -8.953110694885254, 5.078847408294678, 103.06590270996094, 63.92448043823242, 42.77046203613281, 30.259235382080078, 30.374103546142578, 25.867223739624023, 20.01152229309082, 18.881742477416992, 16.554521560668945, 12.001806259155273, 9.832857131958008, 15.896055221557617, 10.713468551635742, 0.3719761371612549, 0.4145911633968353, 0.44765377044677734, 0.4698669910430908, 0.5442766547203064, 0.596795380115509, 0.577243447303772, 0.529964804649353, 0.4766029417514801, 0.4383646249771118, 0.38806629180908203, 0.345172256231308, 0.29873985052108765, 0.3322795033454895, 0.36125442385673523, 0.3639858067035675, 0.35443782806396484, 0.34499409794807434, 0.3345748782157898, 0.34603965282440186, 0.34780198335647583, 0.34434664249420166, 0.31624698638916016, 0.3032935559749603, 1146.360111434576, 880.0629763115081, 2323.1727337015086, 1754.9523076352427, 0.015692349137931036, 0.024321976613405447]"
processed_emodb\09a02Ea.wav,E,"[-253.2503204345703, 97.9791488647461, -57.561798095703125, 39.96490478515625, -25.407758712768555, 15.520998001098633, -20.35272216796875, -4.333800315856934, -15.515763282775879, -3.101815700531006, -1.1194926500320435, -4.9386091232299805, 6.447214603424072, 118.34806060791016, 46.28178787231445, 45.5648307800293, 28.560659408569336, 24.56542205810547, 22.122331619262695, 21.269731521606445, 14.735445022583008, 13.952293395996094, 12.490398406982422, 10.552017211914062, 9.951889991760254, 7.355215072631836, 0.42653951048851013, 0.4091704189777374, 0.39182761311531067, 0.4246843159198761, 0.44384264945983887, 0.38957512378692627, 0.3328653872013092, 0.3673872947692871, 0.4064393937587738, 0.37691426277160645, 0.33879774808883667, 0.37328040599823, 0.3589327931404114, 0.33697742223739624, 0.3512922525405884, 0.343828946352005, 0.34293675422668457, 0.3394792973995209, 0.3096386194229126, 0.3310600519180298, 0.37486639618873596, 0.347064346075058, 0.32813024520874023, 0.3374173045158386, 2019.6507146499728, 1009.0522214925417, 3708.5302734375, 1516.3338992562994, 0.10397600446428572, 0.11074791264284378]"
processed_emodb\16b01Wa.wav,W,"[-207.73109436035156, 76.60758972167969, -60.795310974121094, 80.33607482910156, -29.64683723449707, 16.282527923583984, -22.069955825805664, -2.940946102142334, -3.6866674423217773, -11.4934663772583, -5.336587905883789, 1.2025978565216064, 1.0310378074645996, 99.62384033203125, 42.31643295288086, 45.284759521484375, 28.161096572875977, 25.066923141479492, 20.45635986328125, 17.68185806274414, 19.234312057495117, 16.716543197631836, 17.137971878051758, 14.891565322875977, 8.994050025939941, 11.821677207946777, 0.47834914922714233, 0.4666832387447357, 0.4508568048477173, 0.4595957398414612, 0.44446811079978943, 0.40333616733551025, 0.42167332768440247, 0.4154345989227295, 0.426937073469162, 0.44705677032470703, 0.39748144149780273, 0.4189493954181671, 0.3325224220752716, 0.340318888425827, 0.33725735545158386, 0.34572306275367737, 0.371278315782547, 0.33691084384918213, 0.34688329696655273, 0.3694639801979065, 0.3667152523994446, 0.3527604043483734, 0.34480732679367065, 0.30746549367904663, 1694.5217062045758, 842.7225521701663, 3709.237157771018, 1728.374920475977, 0.021359063882743362, 0.02357490155208237]"
processed_emodb\08a05Ta.wav,T,"[-255.86236572265625, 112.123779296875, 7.616512775421143, 50.92442321777344, -4.876749515533447, 29.547039031982422, -7.179714679718018, 8.830801963806152, -4.133056163787842, -1.89943265914917, 4.3560261726379395, -3.858581304550171, 2.0874531269073486, 109.07611083984375, 49.66767883300781, 34.04917526245117, 32.51921463012695, 28.748456954956055, 14.701132774353027, 17.347518920898438, 12.02551555633545, 12.880398750305176, 16.427583694458008, 8.609186172485352, 9.338885307312012, 10.811248779296875, 0.5163602232933044, 0.5797572135925293, 0.615714430809021, 0.6076703667640686, 0.5326342582702637, 0.4438786804676056, 0.41149765253067017, 0.3986218571662903, 0.3757271468639374, 0.3730221688747406, 0.39505472779273987, 0.44243136048316956, 0.32253775000572205, 0.32433053851127625, 0.33738410472869873, 0.35449865460395813, 0.3638146221637726, 0.37018370628356934, 0.3589969873428345, 0.35279223322868347, 0.32600411772727966, 0.3060120642185211, 0.301187664270401, 0.3013060986995697, 1388.058879392141, 1176.3838237884358, 2480.4832175925926, 1931.8303644832913, 0.06275720164609054, 0.09762357478110506]"
processed_emodb\15a04Wb.wav,W,"[-244.4191131591797, 81.83467864990234, -57.829349517822266, 32.89797592163086, -22.93558120727539, 20.886560440063477, -16.231426239013672, -1.1960567235946655, -8.078383445739746, -4.795673847198486, 0.377190500497818, -1.0182933807373047, -0.0043887426145374775, 124.34959411621094, 37.6539306640625, 60.03672790527344, 26.780977249145508, 39.0913200378418, 15.641568183898926, 23.477397918701172, 11.173408508300781, 13.685444831848145, 11.60706615447998, 10.274374008178711, 9.613224029541016, 7.9990363121032715, 0.4464961290359497, 0.4518202245235443, 0.4784710705280304, 0.43955153226852417, 0.4257383644580841, 0.4579005241394043, 0.4860716164112091, 0.4356851279735565, 0.4261748492717743, 0.4527113735675812, 0.4181535542011261, 0.45182910561561584, 0.32022643089294434, 0.32096168398857117, 0.37101250886917114, 0.3473794758319855, 0.34183886647224426, 0.3639398217201233, 0.3719101548194885, 0.369878888130188, 0.3491958975791931, 0.352810800075531, 0.31323301792144775, 0.3375264108181, 1599.246654196768, 820.6416213530213, 3213.4898511669303, 1691.4796385432069, 0.04907535601265823, 0.048671368321220175]"
processed_emodb\15b10Nc.wav,N,"[-219.85267639160156, 136.31736755371094, -28.111034393310547, 79.61532592773438, 2.617668867111206, 22.407108306884766, -0.5227217674255371, 6.491384983062744, -11.553606033325195, -1.1967425346374512, -1.8120157718658447, -0.8299552798271179, 5.606995105743408, 106.30509185791016, 40.21446990966797, 32.66118240356445, 26.52152442932129, 26.55169677734375, 18.99863624572754, 15.309728622436523, 11.23459529876709, 16.592802047729492, 9.671667098999023, 14.166573524475098, 10.576437950134277, 6.697157859802246, 0.3753511905670166, 0.37993577122688293, 0.4470222592353821, 0.5635194182395935, 0.5381366014480591, 0.4546910226345062, 0.435718297958374, 0.43149107694625854, 0.49330878257751465, 0.5199859142303467, 0.47823306918144226, 0.41317179799079895, 0.3085246980190277, 0.31717929244041443, 0.34691596031188965, 0.3581537902355194, 0.289907842874527, 0.28906577825546265, 0.3185400068759918, 0.33549556136131287, 0.36748620867729187, 0.31078049540519714, 0.2735690474510193, 0.3095274567604065, 1309.7141040015795, 716.3193799674107, 2850.4294305098683, 1397.2001859611037, 0.04178659539473684, 0.028299885844915818]"
processed_emodb\11a05Fc.wav,F,"[-249.03851318359375, 108.24207305908203, -37.9401969909668, 35.2020149230957, -18.694438934326172, 8.467926979064941, -20.854379653930664, 10.340740203857422, -11.058181762695312, -2.883833408355713, 5.582437992095947, -12.615943908691406, 4.186939716339111, 110.01783752441406, 59.61973571777344, 39.438865661621094, 32.809696197509766, 32.03327178955078, 25.449874877929688, 20.99703025817871, 13.826112747192383, 13.83786678314209, 15.342488288879395, 11.956409454345703, 11.271448135375977, 11.231884002685547, 0.462072491645813, 0.44616007804870605, 0.4384877383708954, 0.41534361243247986, 0.40935641527175903, 0.43075063824653625, 0.4276200830936432, 0.4411163926124573, 0.46511343121528625, 0.45560023188591003, 0.4266071915626526, 0.40910035371780396, 0.366152286529541, 0.3457016050815582, 0.3699926733970642, 0.36441344022750854, 0.37301191687583923, 0.3767498731613159, 0.37579166889190674, 0.3695394694805145, 0.3654257655143738, 0.3306255340576172, 0.3138151168823242, 0.3103529214859009, 1332.1110722144808, 969.1347957863501, 2585.06103515625, 1772.216880521102, 0.03153435202205882, 0.03980938349226182]"
processed_emodb\09b03Ta.wav,T,"[-186.64825439453125, 126.97203826904297, -24.57596778869629, 53.074913024902344, -12.605193138122559, 27.294361114501953, 8.76360034942627, -6.2782487869262695, -5.344181060791016, 7.2163615226745605, -4.2701416015625, -9.752440452575684, 4.573215961456299, 94.51467895507812, 58.02277755737305, 33.11356735229492, 30.948896408081055, 27.877817153930664, 21.166507720947266, 20.90934944152832, 13.019576072692871, 11.538457870483398, 15.146624565124512, 12.28411865234375, 11.931631088256836, 11.95792007446289, 0.29956844449043274, 0.4102000296115875, 0.5414669513702393, 0.602937638759613, 0.5467448830604553, 0.4176998734474182, 0.33199089765548706, 0.3290818929672241, 0.3222976624965668, 0.2974211871623993, 0.2976760268211365, 0.27236247062683105, 0.300625741481781, 0.3318585753440857, 0.34771814942359924, 0.32709988951683044, 0.32848936319351196, 0.31753239035606384, 0.3160160481929779, 0.3486904501914978, 0.35004985332489014, 0.3308340609073639, 0.3209659457206726, 0.2870582640171051, 1594.4835016793534, 1111.168752198789, 3136.487437102754, 1597.530253539628, 0.0816119350282486, 0.0861958876767052]"
processed_emodb\14a01Ac.wav,A,"[-209.0833740234375, 102.34661102294922, -54.69799041748047, 43.264225006103516, -41.482749938964844, 24.283090591430664, -19.66754150390625, -6.545405864715576, -9.55130386352539, -8.225409507751465, 4.177631378173828, -9.929950714111328, -1.4189218282699585, 96.58177947998047, 48.94738006591797, 40.671897888183594, 25.823854446411133, 32.599403381347656, 22.50742530822754, 16.79952621459961, 17.062702178955078, 11.42855167388916, 12.173053741455078, 11.721603393554688, 9.684745788574219, 13.07214069366455, 0.38403502106666565, 0.3746510148048401, 0.37835556268692017, 0.4449947774410248, 0.45293745398521423, 0.4106871783733368, 0.42145079374313354, 0.3974950611591339, 0.33249515295028687, 0.2697993218898773, 0.294946551322937, 0.37638765573501587, 0.35317209362983704, 0.34279897809028625, 0.3251993656158447, 0.3632209300994873, 0.37839770317077637, 0.3405677378177643, 0.3734152615070343, 0.37555545568466187, 0.34445619583129883, 0.32222315669059753, 0.31391096115112305, 0.3580690324306488, 1944.1496129725583, 1071.5560902206205, 3764.2931582322763, 1471.8438296832362, 0.08770843050373134, 0.10767082316591814]"
processed_emodb\12b02Wd.wav,W,"[-244.4436798095703, 100.21630096435547, -28.587404251098633, 36.37079620361328, -27.327919006347656, 3.531848669052124, -11.06017017364502, 9.710344314575195, -17.580228805541992, -3.6571357250213623, 2.658665418624878, -9.327937126159668, 7.209089279174805, 98.899658203125, 49.48418426513672, 47.52114486694336, 38.350608825683594, 22.31084632873535, 23.666555404663086, 17.21552085876465, 11.975732803344727, 15.958662033081055, 11.381326675415039, 15.77769660949707, 12.294110298156738, 8.904085159301758, 0.46551185846328735, 0.45818424224853516, 0.4709203541278839, 0.5100946426391602, 0.49432268738746643, 0.4165914058685303, 0.4216763377189636, 0.39154642820358276, 0.39933285117149353, 0.44830912351608276, 0.3746468126773834, 0.3971112072467804, 0.3470532298088074, 0.3084665536880493, 0.3436967730522156, 0.35692813992500305, 0.3511113226413727, 0.311005562543869, 0.3347443640232086, 0.31073644757270813, 0.29297369718551636, 0.33561640977859497, 0.24965666234493256, 0.2935725152492523, 1883.779207978713, 935.3780601665035, 3439.039784307065, 1434.2955972426491, 0.07843919836956521, 0.0517131385702115]"
processed_emodb\13a02Lc.wav,L,"[-194.14369201660156, 115.85433959960938, -8.1065092086792, 62.24620056152344, -17.4013671875, 24.447729110717773, -9.731358528137207, 6.0725483894348145, -7.418124675750732, -13.518552780151367, 4.449721813201904, -1.5714032649993896, 1.3989561796188354, 87.40692901611328, 42.851783752441406, 29.911903381347656, 27.695240020751953, 30.706993103027344, 15.824137687683105, 25.2529239654541, 14.389229774475098, 9.638293266296387, 15.541112899780273, 11.345797538757324, 9.544548034667969, 10.609403610229492, 0.3307134807109833, 0.442236065864563, 0.5533722043037415, 0.5699995756149292, 0.507071316242218, 0.4391513764858246, 0.40077611804008484, 0.34619617462158203, 0.3076384961605072, 0.33967670798301697, 0.4018884599208832, 0.35283368825912476, 0.3291616439819336, 0.363809734582901, 0.4038064777851105, 0.386614590883255, 0.39252880215644836, 0.36864572763442993, 0.3795640766620636, 0.36606720089912415, 0.32797008752822876, 0.31596922874450684, 0.35795167088508606, 0.34483999013900757, 1302.6889572410967, 1028.91027181315, 2712.484463778409, 1765.832073233309, 0.03178901176948052, 0.04893597213833381]"
processed_emodb\11a02Wc.wav,W,"[-264.55694580078125, 93.66303253173828, -53.1358528137207, 22.31888771057129, -15.339237213134766, 2.759497880935669, -13.594420433044434, 7.908652305603027, -13.54576587677002, -5.768485069274902, -0.4005368947982788, -9.38774585723877, 1.1478651762008667, 110.48966217041016, 51.07917022705078, 53.08174514770508, 36.420936584472656, 34.42696762084961, 23.26024055480957, 22.310794830322266, 16.7741641998291, 11.064006805419922, 15.961310386657715, 11.58963394165039, 11.486824035644531, 8.254650115966797, 0.42300912737846375, 0.37616321444511414, 0.312455415725708, 0.31115591526031494, 0.3632972240447998, 0.43729662895202637, 0.4524558186531067, 0.3836464285850525, 0.32160717248916626, 0.33158090710639954, 0.37927213311195374, 0.42232000827789307, 0.3514366149902344, 0.3486558198928833, 0.3200989365577698, 0.3085046708583832, 0.2958262860774994, 0.3153742253780365, 0.3308255672454834, 0.3307526409626007, 0.31119877099990845, 0.31183066964149475, 0.3397626578807831, 0.348527729511261, 1829.639610496148, 1182.8223163989464, 3241.3623046875, 1729.9051402799046, 0.08218936011904762, 0.07580081034395346]"
processed_emodb\10a05Ld.wav,L,"[-218.1100616455078, 138.87257385253906, -9.576618194580078, 60.002655029296875, 1.2650090456008911, 15.059112548828125, -3.5382561683654785, -4.281124591827393, -19.203359603881836, 2.5098989009857178, 5.674954891204834, -3.616584062576294, 10.251769065856934, 65.26811218261719, 58.27443313598633, 33.37348175048828, 25.28415298461914, 28.313072204589844, 25.633352279663086, 14.494998931884766, 14.329721450805664, 12.338353157043457, 10.97292709350586, 10.339277267456055, 11.465842247009277, 7.98500394821167, 0.25754058361053467, 0.2867756485939026, 0.35690733790397644, 0.38156652450561523, 0.4430592358112335, 0.47653499245643616, 0.5228768587112427, 0.5376935005187988, 0.5201177000999451, 0.45798251032829285, 0.33464673161506653, 0.2646581828594208, 0.27074044942855835, 0.2646704614162445, 0.3063877522945404, 0.28839606046676636, 0.3326638638973236, 0.34425920248031616, 0.33792737126350403, 0.3519420027732849, 0.3420236110687256, 0.32930848002433777, 0.2799471914768219, 0.28135842084884644, 1180.9545394475106, 904.1213315493945, 2406.487091494278, 1832.6073976772761, 0.024441571302816902, 0.03057172378877743]"
processed_emodb\03a05Fc.wav,F,"[-234.12881469726562, 98.56468963623047, -29.70029067993164, 54.10740661621094, -19.160297393798828, 21.86451530456543, -21.162235260009766, 4.329952716827393, -11.211289405822754, -7.315507411956787, 3.766216278076172, -9.543829917907715, -0.23627275228500366, 101.7192153930664, 53.138519287109375, 35.86310577392578, 30.822479248046875, 32.52715301513672, 18.468603134155273, 22.307878494262695, 12.727938652038574, 12.187386512756348, 15.351556777954102, 14.407275199890137, 10.437665939331055, 11.15982723236084, 0.3600552976131439, 0.3654926121234894, 0.3345318138599396, 0.3393029272556305, 0.40736499428749084, 0.41575750708580017, 0.3991086483001709, 0.4113572835922241, 0.41743361949920654, 0.4254210591316223, 0.3672259449958801, 0.3658040761947632, 0.32811596989631653, 0.33647167682647705, 0.3202196955680847, 0.338192880153656, 0.3682856559753418, 0.36539286375045776, 0.3358467221260071, 0.3298133909702301, 0.33227643370628357, 0.3411993682384491, 0.3194665014743805, 0.3428335189819336, 1908.4650513254155, 1169.9672910370712, 3509.6000339673915, 1814.859675028642, 0.08105822576992754, 0.09429532539610468]"
processed_emodb\10a02Lb.wav,L,"[-201.96046447753906, 151.4394073486328, -15.506340980529785, 60.42432403564453, 2.348750352859497, 15.153129577636719, -8.05466079711914, -1.963513970375061, -16.9891357421875, 2.002333879470825, 0.6089605689048767, 3.4058878421783447, 18.591156005859375, 88.95765686035156, 47.743682861328125, 27.84222412109375, 26.83310890197754, 26.69264030456543, 23.517202377319336, 14.999683380126953, 11.807260513305664, 14.940019607543945, 9.58877944946289, 11.510249137878418, 11.57368278503418, 8.17505168914795, 0.4166715145111084, 0.47697973251342773, 0.5094778537750244, 0.5401715636253357, 0.5011482834815979, 0.40525880455970764, 0.4126744270324707, 0.4321131110191345, 0.4889417886734009, 0.4712461531162262, 0.420070081949234, 0.39556753635406494, 0.303905189037323, 0.3204692304134369, 0.33327996730804443, 0.3274517059326172, 0.3496914505958557, 0.3395007252693176, 0.34928855299949646, 0.31113919615745544, 0.33955395221710205, 0.3369869589805603, 0.3140604496002197, 0.3189496397972107, 978.4579287070832, 556.3766130224527, 2097.9269276494565, 1399.8745691214574, 0.01720306838768116, 0.014355643238007667]"
processed_emodb\11a01Wc.wav,W,"[-241.81484985351562, 110.80999755859375, -55.44132995605469, 27.383150100708008, -17.264665603637695, 1.01784348487854, -15.009846687316895, 9.843344688415527, -8.48274040222168, 0.02577393315732479, 0.5743027925491333, -8.921815872192383, 6.553186416625977, 112.00947570800781, 45.935977935791016, 49.5925407409668, 29.396596908569336, 25.309160232543945, 20.967559814453125, 21.123863220214844, 13.66807746887207, 14.088170051574707, 13.365363121032715, 11.38327407836914, 12.467052459716797, 7.321239948272705, 0.4732973873615265, 0.5320638418197632, 0.5399821400642395, 0.5539226531982422, 0.5137476921081543, 0.5253129601478577, 0.5301735997200012, 0.5018701553344727, 0.4981241822242737, 0.5050285458564758, 0.48641619086265564, 0.4375733435153961, 0.3176056742668152, 0.36626002192497253, 0.3371918201446533, 0.3591552972793579, 0.3538527488708496, 0.36591026186943054, 0.3652556836605072, 0.3358326256275177, 0.3299013674259186, 0.3251205086708069, 0.3108312487602234, 0.2638914883136749, 1219.371188330181, 864.5499296102131, 2418.7235269201806, 1572.4083604548287, 0.018484092620481927, 0.023789562267727223]"
processed_emodb\09b09Wa.wav,W,"[-225.8788604736328, 93.11748504638672, -53.84215545654297, 57.203460693359375, -19.944259643554688, -1.3854323625564575, -15.274680137634277, -18.258804321289062, -9.619739532470703, -2.0724620819091797, -9.172423362731934, 4.770318984985352, 0.33289727568626404, 109.62181091308594, 35.19367980957031, 47.80638122558594, 34.193180084228516, 26.008512496948242, 21.288347244262695, 16.326894760131836, 16.660511016845703, 15.921420097351074, 14.826835632324219, 12.568656921386719, 8.41183090209961, 13.570918083190918, 0.45217838883399963, 0.41864338517189026, 0.3648916184902191, 0.29788288474082947, 0.2925855219364166, 0.3691807687282562, 0.3132209777832031, 0.3004421889781952, 0.33994320034980774, 0.3912392556667328, 0.5021616816520691, 0.5025681853294373, 0.33583396673202515, 0.36187300086021423, 0.3602793216705322, 0.35222387313842773, 0.3456960618495941, 0.3918159306049347, 0.34769564867019653, 0.3314937949180603, 0.3469233512878418, 0.3397345244884491, 0.3480762541294098, 0.3461441695690155, 1550.8897112581128, 730.4635598265027, 3174.8135456996683, 1451.302812544329, 0.04968369745575221, 0.0394005403059656]"
processed_emodb\12b03Ta.wav,T,"[-265.4278869628906, 146.18617248535156, -2.9234180450439453, 51.65525436401367, -17.138105392456055, 18.47887420654297, 1.6373438835144043, 8.618040084838867, -7.970271587371826, 6.970072269439697, 12.77306842803955, 3.999178409576416, 7.432581901550293, 116.12982177734375, 47.148189544677734, 26.352554321289062, 32.42391586303711, 24.674747467041016, 17.502120971679688, 11.58632755279541, 11.631824493408203, 13.648919105529785, 10.062283515930176, 10.951172828674316, 10.085458755493164, 7.435257434844971, 0.5336805582046509, 0.531399130821228, 0.5275954008102417, 0.5540586113929749, 0.5755213499069214, 0.5418169498443604, 0.5138201713562012, 0.5458096861839294, 0.5975825786590576, 0.6456865668296814, 0.6123470664024353, 0.5782305002212524, 0.29491135478019714, 0.32595551013946533, 0.35229769349098206, 0.3591664731502533, 0.37694835662841797, 0.36507534980773926, 0.35644277930259705, 0.3623303174972534, 0.33520570397377014, 0.30448296666145325, 0.2700340151786804, 0.29844605922698975, 719.5312125306344, 582.6966711068286, 1409.3855574324325, 1386.1439153403612, 0.007403399493243243, 0.007237879770261359]"
processed_emodb\14b09Wa.wav,W,"[-255.3148956298828, 85.44470977783203, -59.87059020996094, 55.37681198120117, -29.496482849121094, 7.443390369415283, -16.2508544921875, -5.160715579986572, -8.779010772705078, -15.52832317352295, -2.2661359310150146, -1.4188565015792847, -5.2167510986328125, 107.82892608642578, 31.756755828857422, 50.42351150512695, 28.05663299560547, 31.055925369262695, 21.986204147338867, 16.083576202392578, 15.933809280395508, 13.11980152130127, 15.259370803833008, 11.20071792602539, 12.67341423034668, 15.102690696716309, 0.47635552287101746, 0.48986735939979553, 0.45203420519828796, 0.3774653375148773, 0.3188611567020416, 0.3199292719364166, 0.31593337655067444, 0.3128885328769684, 0.31311672925949097, 0.33370664715766907, 0.3323958218097687, 0.38448241353034973, 0.35692715644836426, 0.3485153913497925, 0.37035229802131653, 0.34281373023986816, 0.3118482232093811, 0.3344378173351288, 0.3289945423603058, 0.34370511770248413, 0.35404297709465027, 0.36587080359458923, 0.33703696727752686, 0.33138734102249146, 1716.6207017917764, 794.2127967327309, 3497.4566291360293, 1631.9012517004894, 0.048726000816993464, 0.04051912044228673]"
processed_emodb\11b10Wa.wav,W,"[-257.9754333496094, 111.55422973632812, -45.17475128173828, 34.85807418823242, -9.408291816711426, 6.24672269821167, -11.578107833862305, 11.253251075744629, -11.681134223937988, -7.668574810028076, -2.3954310417175293, -9.441893577575684, 2.706019639968872, 107.0966796875, 42.5192985534668, 49.2928581237793, 31.650583267211914, 27.87550926208496, 18.919435501098633, 19.291553497314453, 13.563689231872559, 16.966690063476562, 17.021575927734375, 13.317261695861816, 12.350655555725098, 9.22241497039795, 0.3948902189731598, 0.37279796600341797, 0.3933330476284027, 0.40382590889930725, 0.43045464158058167, 0.43144166469573975, 0.4179333746433258, 0.46722692251205444, 0.5170314908027649, 0.49289262294769287, 0.49356964230537415, 0.4112752377986908, 0.3323655426502228, 0.3222787380218506, 0.3598405420780182, 0.3564722239971161, 0.3720998764038086, 0.3716733455657959, 0.36063385009765625, 0.3637230098247528, 0.3741786479949951, 0.34069085121154785, 0.35172486305236816, 0.28943386673927307, 1018.7602813928812, 600.1835076814713, 2161.1583984375, 1486.7296766282911, 0.01340625, 0.02011334763110526]"
processed_emodb\08a04La.wav,L,"[-199.499755859375, 118.27147674560547, -18.221525192260742, 35.569576263427734, -15.046968460083008, 29.020217895507812, -20.704010009765625, 7.807933807373047, -13.210183143615723, -6.869410037994385, 6.281650066375732, -8.65322494506836, 0.7091679573059082, 85.0055923461914, 36.15929412841797, 33.782283782958984, 35.82984161376953, 26.826353073120117, 12.356072425842285, 19.59644889831543, 15.034189224243164, 11.40255355834961, 13.311871528625488, 15.35600757598877, 8.032501220703125, 6.5574493408203125, 0.2117222398519516, 0.30272844433784485, 0.4666587710380554, 0.42424502968788147, 0.3352926969528198, 0.2961404621601105, 0.35664427280426025, 0.4499650299549103, 0.31010299921035767, 0.1895289570093155, 0.16234029829502106, 0.1664031744003296, 0.3030102252960205, 0.35230398178100586, 0.3679983615875244, 0.3785615563392639, 0.37127017974853516, 0.3356335163116455, 0.3641100525856018, 0.3904164135456085, 0.34190860390663147, 0.2512091100215912, 0.24070143699645996, 0.2569026052951813, 1250.225854412354, 738.9987327013059, 2514.3603515625, 1774.450916898072, 0.030072699652777778, 0.019094910915264458]"
processed_emodb\13b03Td.wav,T,"[-212.2041778564453, 119.9984359741211, -3.8956801891326904, 48.46420669555664, -1.691398024559021, 32.309688568115234, 1.7125964164733887, 4.124052047729492, -1.3194068670272827, -3.8694262504577637, 9.90071964263916, 4.558468818664551, -3.284630537033081, 78.82008361816406, 36.946327209472656, 25.614765167236328, 25.238618850708008, 23.562387466430664, 18.38288116455078, 14.560104370117188, 12.1842622756958, 11.888387680053711, 13.445943832397461, 8.225024223327637, 8.067452430725098, 12.773807525634766, 0.36347052454948425, 0.5216819643974304, 0.6966836452484131, 0.7459821105003357, 0.6037741303443909, 0.49045103788375854, 0.4351930022239685, 0.4258749783039093, 0.41660451889038086, 0.39419662952423096, 0.3527786135673523, 0.3102095425128937, 0.29275187849998474, 0.30959320068359375, 0.28368285298347473, 0.26998457312583923, 0.32955506443977356, 0.3786841332912445, 0.3945462703704834, 0.39736291766166687, 0.3845403492450714, 0.3531233072280884, 0.3210675120353699, 0.28302329778671265, 1100.9458390433178, 861.3595331801897, 2165.6393077761627, 1628.3732599587033, 0.023841751453488373, 0.03978972289789977]"
processed_emodb\11b02Wb.wav,W,"[-224.84506225585938, 123.28466796875, -50.27904510498047, 24.718809127807617, -27.227998733520508, 3.9747729301452637, -10.727280616760254, 8.665281295776367, -19.158306121826172, -2.1721014976501465, -0.7100465893745422, -10.541524887084961, 5.994717121124268, 101.20207214355469, 52.9382209777832, 49.51868438720703, 27.29180335998535, 26.435869216918945, 26.759361267089844, 21.73863410949707, 15.791679382324219, 17.077701568603516, 13.593531608581543, 12.714285850524902, 14.43341064453125, 9.415404319763184, 0.2744707763195038, 0.29182159900665283, 0.3021741509437561, 0.34565114974975586, 0.3924529254436493, 0.39441946148872375, 0.4073319435119629, 0.4238460958003998, 0.46860864758491516, 0.48881274461746216, 0.4874180257320404, 0.3543844223022461, 0.28867143392562866, 0.2939964234828949, 0.2946219742298126, 0.3064153492450714, 0.33024144172668457, 0.34007859230041504, 0.32742953300476074, 0.32625532150268555, 0.36254653334617615, 0.359130322933197, 0.35247817635536194, 0.29804864525794983, 1728.064475410553, 1052.6260365304208, 3017.801513671875, 1677.0315652531738, 0.08485281808035715, 0.058919153967879924]"
processed_emodb\12a05Ab.wav,A,"[-219.97048950195312, 108.21880340576172, -33.32240295410156, 61.36491394042969, -22.779422760009766, 19.1542911529541, -12.48639965057373, 13.088367462158203, -16.563486099243164, 0.8975681662559509, 7.2792792320251465, -8.219276428222656, 8.119430541992188, 105.58079528808594, 49.74027633666992, 34.20855712890625, 32.209529876708984, 28.578710556030273, 21.4676513671875, 14.946826934814453, 11.712183952331543, 17.93890953063965, 10.187030792236328, 9.1912260055542, 12.404458999633789, 7.789334297180176, 0.4030188322067261, 0.4275170862674713, 0.44675734639167786, 0.5161730647087097, 0.6118400692939758, 0.6226630210876465, 0.5354223251342773, 0.47290539741516113, 0.4747929275035858, 0.4477062225341797, 0.4062209725379944, 0.37808454036712646, 0.3276691436767578, 0.3433338701725006, 0.3295791745185852, 0.3207296133041382, 0.3160632848739624, 0.336312472820282, 0.30990928411483765, 0.29630371928215027, 0.33572107553482056, 0.3288702964782715, 0.30743181705474854, 0.29232197999954224, 1711.7584498030537, 1010.7866149069429, 3347.105712890625, 1620.276938363152, 0.05642787388392857, 0.055679577974344606]"
processed_emodb\09a04Fd.wav,F,"[-275.828857421875, 93.20513916015625, -69.94841003417969, 36.51524353027344, -27.817543029785156, 15.834741592407227, -10.56317138671875, -4.456882476806641, -5.364142894744873, -5.809132099151611, -3.1067631244659424, -7.285382270812988, 1.0756006240844727, 112.6673812866211, 35.733028411865234, 74.96454620361328, 26.289928436279297, 26.10248565673828, 14.411988258361816, 16.46611785888672, 15.278636932373047, 15.97358512878418, 14.28513240814209, 7.530458450317383, 8.463406562805176, 13.27564811706543, 0.38465189933776855, 0.41504937410354614, 0.4926154613494873, 0.46927741169929504, 0.5107437372207642, 0.48096510767936707, 0.43324294686317444, 0.49848419427871704, 0.4985329806804657, 0.43324658274650574, 0.29733526706695557, 0.3033994138240814, 0.3261881470680237, 0.3454119563102722, 0.3605303168296814, 0.3612067997455597, 0.39077991247177124, 0.36853963136672974, 0.3655216097831726, 0.37888702750205994, 0.3526556193828583, 0.3513883948326111, 0.30159956216812134, 0.26299357414245605, 996.504107627642, 607.9820548588441, 2069.374465942383, 1297.0043276437345, 0.01409149169921875, 0.02238482427751622]"
processed_emodb\16b03Ad.wav,A,"[-229.30984497070312, 83.53397369384766, -49.87323760986328, 38.534889221191406, -31.460811614990234, 12.510686874389648, -14.188480377197266, -8.094941139221191, -13.145195007324219, -3.9441304206848145, 5.328549385070801, -8.576967239379883, -3.9214468002319336, 84.06584930419922, 35.07737350463867, 38.64021301269531, 27.24770164489746, 20.688779830932617, 24.711078643798828, 16.686017990112305, 12.26168155670166, 14.048429489135742, 12.358908653259277, 8.33306884765625, 9.458417892456055, 10.77996826171875, 0.2648925483226776, 0.3025401830673218, 0.3238057792186737, 0.4547017812728882, 0.6143282055854797, 0.5307003259658813, 0.3914767801761627, 0.26579973101615906, 0.20975437760353088, 0.18329858779907227, 0.2248430699110031, 0.24680893123149872, 0.32661429047584534, 0.36281371116638184, 0.33131688833236694, 0.35574573278427124, 0.3717361390590668, 0.3699040412902832, 0.3634771704673767, 0.3048364222049713, 0.28666871786117554, 0.27715057134628296, 0.3143376410007477, 0.2959093153476715, 1809.1449001438755, 750.4974380532851, 3751.4247976618703, 1318.4898326180903, 0.06271428169964029, 0.04016930098911544]"
processed_emodb\11b03Nb.wav,N,"[-255.30909729003906, 155.00205993652344, -17.051977157592773, 48.66135787963867, -13.190756797790527, 14.870537757873535, 13.537033081054688, 5.225271224975586, -8.84811782836914, 1.4400829076766968, -1.658486008644104, -1.49723219871521, 5.689091682434082, 84.77420806884766, 62.40749740600586, 34.211612701416016, 30.748170852661133, 29.553335189819336, 26.65229606628418, 17.186107635498047, 14.89213752746582, 13.150278091430664, 11.22616958618164, 13.603289604187012, 9.802721977233887, 10.28248119354248, 0.3694245219230652, 0.37055137753486633, 0.34851574897766113, 0.3825725317001343, 0.44343215227127075, 0.5004301071166992, 0.5304026007652283, 0.4590073227882385, 0.5193377137184143, 0.6029735803604126, 0.5695227384567261, 0.43802642822265625, 0.29352548718452454, 0.3140568435192108, 0.3107493817806244, 0.3126748204231262, 0.2983013987541199, 0.33305132389068604, 0.3628569543361664, 0.31951087713241577, 0.3182344436645508, 0.3089362382888794, 0.30061209201812744, 0.2958259880542755, 1038.2509624979386, 719.1419562776883, 2156.8401630108174, 1570.8797996329793, 0.020079001402243588, 0.014818385864398534]"
processed_emodb\09b02Wc.wav,W,"[-191.25015258789062, 115.80337524414062, -44.36027526855469, 44.91468048095703, -23.3008975982666, 20.57651138305664, -12.16556167602539, -3.4772112369537354, -18.822324752807617, 4.913645267486572, -4.692750930786133, -9.245793342590332, 4.527204513549805, 87.18243408203125, 42.07597732543945, 43.295589447021484, 32.08260726928711, 19.368730545043945, 20.6563720703125, 18.87419891357422, 15.702016830444336, 16.39988136291504, 13.332249641418457, 9.378414154052734, 8.784234046936035, 13.551778793334961, 0.2604389488697052, 0.2708530128002167, 0.2880754768848419, 0.3153824806213379, 0.3162182569503784, 0.3778632581233978, 0.4103460907936096, 0.5135126113891602, 0.5324202179908752, 0.5099759101867676, 0.4701251983642578, 0.33474045991897583, 0.26519039273262024, 0.2963692843914032, 0.2980218529701233, 0.3215961456298828, 0.3115593194961548, 0.33419859409332275, 0.320648193359375, 0.37295767664909363, 0.3700779974460602, 0.31969088315963745, 0.35123491287231445, 0.289506196975708, 1826.4722764148953, 835.7233504165894, 3673.692192465572, 1654.7192920452467, 0.07399116128177965, 0.04476145255349042]"
processed_emodb\13a01Lb.wav,L,"[-156.9036865234375, 113.47582244873047, -19.130126953125, 62.11105728149414, -26.415254592895508, 28.381685256958008, -9.157402992248535, 2.645881414413452, -5.633057117462158, -3.1246204376220703, 8.901185035705566, -5.19047737121582, 2.576085329055786, 66.96269226074219, 45.43199920654297, 30.404518127441406, 24.270450592041016, 23.647058486938477, 18.44601821899414, 17.420921325683594, 13.100421905517578, 10.719398498535156, 13.185794830322266, 8.693544387817383, 8.259207725524902, 10.489544868469238, 0.28002381324768066, 0.3386803865432739, 0.4694135785102844, 0.550963819026947, 0.5399300456047058, 0.47868868708610535, 0.4296121299266815, 0.39930015802383423, 0.4181407690048218, 0.4127611219882965, 0.345164954662323, 0.31525224447250366, 0.28017568588256836, 0.3179920017719269, 0.3505907654762268, 0.3485192656517029, 0.3201877176761627, 0.35982051491737366, 0.3498544692993164, 0.34671568870544434, 0.36544254422187805, 0.3493613302707672, 0.2897600531578064, 0.31544744968414307, 1416.040758137534, 875.062456365978, 3135.5561355064656, 1666.8069899474153, 0.026793732040229886, 0.036024558350993094]"
processed_emodb\10b01Fa.wav,F,"[-218.52658081054688, 106.5145263671875, -30.615497589111328, 50.18634796142578, 2.7897157669067383, 20.507858276367188, -20.942134857177734, 1.5125566720962524, -26.902660369873047, -6.059506416320801, 1.3296561241149902, -16.791889190673828, 5.14677095413208, 98.45499420166016, 42.3693962097168, 34.894256591796875, 24.121479034423828, 25.489540100097656, 20.603496551513672, 21.331443786621094, 11.977290153503418, 18.150663375854492, 13.533570289611816, 12.914640426635742, 14.867887496948242, 9.163744926452637, 0.27890458703041077, 0.24911372363567352, 0.27314406633377075, 0.30891042947769165, 0.35819393396377563, 0.3921900689601898, 0.41665130853652954, 0.5121490955352783, 0.5336334109306335, 0.5292967557907104, 0.3790850043296814, 0.28581053018569946, 0.29336878657341003, 0.2653385400772095, 0.30635085701942444, 0.3298763632774353, 0.33344221115112305, 0.3563399612903595, 0.33809494972229004, 0.357047438621521, 0.3244788944721222, 0.3700706958770752, 0.32096371054649353, 0.2990945875644684, 1787.5020240804317, 1131.302327286401, 3357.0263671875, 1717.6504539822945, 0.09601004464285715, 0.10740649107626854]"
processed_emodb\15a02Ac.wav,A,"[-226.2187957763672, 97.45469665527344, -30.78974151611328, 55.204071044921875, -12.898038864135742, 25.845855712890625, -9.11214542388916, 5.305444717407227, -8.392274856567383, -3.2766001224517822, -1.1977944374084473, -5.232853412628174, 4.514529705047607, 100.732666015625, 44.73399353027344, 31.089088439941406, 36.528282165527344, 32.851898193359375, 21.80036735534668, 17.112735748291016, 12.626882553100586, 14.2291841506958, 12.448874473571777, 13.841428756713867, 14.335472106933594, 7.327727317810059, 0.384938508272171, 0.39296573400497437, 0.4721185266971588, 0.4862297773361206, 0.443122923374176, 0.49954354763031006, 0.5085126161575317, 0.5271526575088501, 0.5621927976608276, 0.48925119638442993, 0.42590001225471497, 0.42247000336647034, 0.3157452642917633, 0.3405625522136688, 0.3936332166194916, 0.37411051988601685, 0.362173855304718, 0.3906893730163574, 0.35402971506118774, 0.36070549488067627, 0.3704366981983185, 0.3226238489151001, 0.3225475549697876, 0.33166491985321045, 1531.7236734783637, 878.6238824067186, 3228.667468559451, 1725.9646157370564, 0.029284965701219513, 0.030829600165878313]"
processed_emodb\10a05Aa.wav,A,"[-194.3130340576172, 97.44210815429688, -29.012266159057617, 60.361846923828125, -19.515378952026367, 21.638586044311523, -17.606632232666016, 5.0661940574646, -23.534406661987305, -6.335218906402588, 0.7673764228820801, -11.371021270751953, 16.56672477722168, 91.17274475097656, 50.101436614990234, 27.8925838470459, 26.61790657043457, 27.136465072631836, 22.9285945892334, 17.047740936279297, 10.280625343322754, 18.797204971313477, 12.159753799438477, 11.776369094848633, 14.812434196472168, 8.100983619689941, 0.2942866086959839, 0.30494424700737, 0.2916276454925537, 0.3029337525367737, 0.35829800367355347, 0.44523322582244873, 0.5066981911659241, 0.5278788805007935, 0.5649061799049377, 0.5334510207176208, 0.4264170527458191, 0.3183242380619049, 0.32487136125564575, 0.32011374831199646, 0.3186231553554535, 0.3248099386692047, 0.3416714668273926, 0.364702433347702, 0.36578330397605896, 0.3433888852596283, 0.3612963557243347, 0.3465808928012848, 0.3496862053871155, 0.3076961934566498, 1726.1712811703903, 1029.606372880981, 3445.0266610204644, 1687.9806494568495, 0.04471446349557522, 0.04525634924589921]"
processed_emodb\09b10Wa.wav,W,"[-231.8479461669922, 91.63055419921875, -58.72428512573242, 58.23750686645508, -27.626253128051758, 4.717758655548096, -11.823013305664062, -11.259549140930176, -12.202189445495605, 0.012376626022160053, -6.979545593261719, 0.09089092165231705, 4.1937384605407715, 91.01744842529297, 30.67066192626953, 54.284481048583984, 26.904664993286133, 29.49150276184082, 16.521690368652344, 14.866266250610352, 16.424907684326172, 17.53774642944336, 12.776165008544922, 9.635859489440918, 9.226112365722656, 10.087120056152344, 0.3899315595626831, 0.37075766921043396, 0.41217848658561707, 0.49182674288749695, 0.3570044934749603, 0.2931419610977173, 0.2777482271194458, 0.2795774042606354, 0.35044097900390625, 0.34570953249931335, 0.3466477394104004, 0.31095147132873535, 0.35416069626808167, 0.34766289591789246, 0.3563362658023834, 0.3966401219367981, 0.3496447801589966, 0.3488669991493225, 0.34546658396720886, 0.31419429183006287, 0.34685254096984863, 0.3318133056163788, 0.35775238275527954, 0.30698254704475403, 1626.22148860967, 628.0507052212745, 3379.3670654296875, 1195.035433038008, 0.049702962239583336, 0.043132695595634415]"
processed_emodb\14b10Ad.wav,A,"[-170.3750457763672, 114.9834213256836, -34.31825256347656, 63.59662628173828, -19.161149978637695, 18.978546142578125, -20.63656997680664, -1.4913902282714844, -8.775947570800781, -10.096099853515625, -0.25782856345176697, -9.843734741210938, 0.45223167538642883, 53.48198318481445, 28.11579704284668, 31.387516021728516, 21.258663177490234, 17.859474182128906, 17.742897033691406, 15.149910926818848, 14.156489372253418, 10.685670852661133, 13.981379508972168, 8.70250415802002, 8.553980827331543, 10.591365814208984, 0.35305625200271606, 0.24002540111541748, 0.19238312542438507, 0.17425112426280975, 0.17098796367645264, 0.20505142211914062, 0.2358369678258896, 0.2797841429710388, 0.3823263347148895, 0.4745497405529022, 0.5430357456207275, 0.4676772952079773, 0.3720307946205139, 0.32314008474349976, 0.292736679315567, 0.2917604148387909, 0.2850963771343231, 0.31527817249298096, 0.3367215096950531, 0.34478357434272766, 0.38189342617988586, 0.3563769459724426, 0.3743477761745453, 0.3567788302898407, 1131.7849451625937, 526.3337139516342, 2707.230296415441, 1479.7976406697587, 0.015969669117647058, 0.013338702274754737]"
processed_emodb\16b02Aa.wav,A,"[-239.46456909179688, 77.51274108886719, -62.77281188964844, 37.299015045166016, -28.877824783325195, 13.805670738220215, -14.272871017456055, -4.653356552124023, -12.049051284790039, -0.1584756076335907, 6.623477935791016, -2.429349660873413, -1.0582565069198608, 90.64319610595703, 30.016128540039062, 39.029579162597656, 26.21436882019043, 25.233692169189453, 18.09471321105957, 22.52904510498047, 15.342497825622559, 12.150259017944336, 16.148555755615234, 10.687849044799805, 9.132842063903809, 10.239344596862793, 0.27790480852127075, 0.3273910582065582, 0.38823968172073364, 0.42053890228271484, 0.5105672478675842, 0.5532543063163757, 0.5352526307106018, 0.5588712096214294, 0.4742426872253418, 0.3670085370540619, 0.2672460377216339, 0.23130957782268524, 0.31023108959198, 0.32420215010643005, 0.33778056502342224, 0.35537171363830566, 0.3785834014415741, 0.36843982338905334, 0.34649816155433655, 0.37352776527404785, 0.37838923931121826, 0.3623732626438141, 0.3070794641971588, 0.2729511559009552, 1558.7158202650703, 620.9148069510999, 3371.1885892427886, 1341.8164573751153, 0.029510967548076923, 0.02943564414617704]"
processed_emodb\03a01Wa.wav,W,"[-232.08837890625, 92.37432861328125, -64.73760986328125, 36.04507827758789, -22.414575576782227, 11.48078727722168, -17.45050048828125, -3.9357028007507324, -15.169418334960938, -3.936279296875, -0.008896391838788986, -9.226250648498535, 2.3047502040863037, 133.2266845703125, 50.530948638916016, 48.89335250854492, 33.45454788208008, 27.13344955444336, 20.90619468688965, 20.44605827331543, 14.709547996520996, 16.11345100402832, 17.886207580566406, 14.64710807800293, 11.03991985321045, 10.353360176086426, 0.3101343512535095, 0.3561493158340454, 0.3862059414386749, 0.38934895396232605, 0.3645128905773163, 0.39503175020217896, 0.45001286268234253, 0.40469253063201904, 0.36173340678215027, 0.4021218419075012, 0.45291292667388916, 0.3829549252986908, 0.28331467509269714, 0.3001905083656311, 0.31549447774887085, 0.31956756114959717, 0.2861119508743286, 0.3076239228248596, 0.3571942448616028, 0.33260810375213623, 0.3051269054412842, 0.3081526756286621, 0.33966419100761414, 0.30640217661857605, 2130.873769431091, 814.6326581957466, 3947.089301215278, 1195.4689393780118, 0.1149631076388889, 0.09333625198523719]"
processed_emodb\15a04Wa.wav,W,"[-231.8910675048828, 81.02371978759766, -55.4228401184082, 41.05605697631836, -26.186323165893555, 20.33913803100586, -16.98195457458496, 3.3514702320098877, -8.001802444458008, -4.362805366516113, 0.06121811270713806, -0.07937324047088623, 1.1728551387786865, 127.70071411132812, 41.76420974731445, 61.06692886352539, 31.06639289855957, 40.9478645324707, 18.333276748657227, 23.772865295410156, 12.417038917541504, 13.113605499267578, 14.287063598632812, 11.180207252502441, 12.031270027160645, 7.954683303833008, 0.4640505611896515, 0.4426146149635315, 0.41953569650650024, 0.4328082799911499, 0.5068095326423645, 0.5202000737190247, 0.542152464389801, 0.540937066078186, 0.5368155241012573, 0.5001862645149231, 0.46546971797943115, 0.4531266689300537, 0.3192228674888611, 0.3416643738746643, 0.3466399908065796, 0.34360504150390625, 0.3519093990325928, 0.3455183207988739, 0.36599379777908325, 0.3447222411632538, 0.3609635531902313, 0.33752235770225525, 0.3200821876525879, 0.31565913558006287, 1499.3438998430665, 822.2418196636453, 3175.634765625, 1751.3547678022428, 0.033900669642857144, 0.050451938603122345]"
processed_emodb\08b01Wa.wav,W,"[-265.1404113769531, 63.92380142211914, -35.842281341552734, 44.893516540527344, -23.54949188232422, 15.389823913574219, -22.552852630615234, 7.885817527770996, -8.960648536682129, -12.672832489013672, -5.417014122009277, -4.643002510070801, 0.9900423288345337, 131.16867065429688, 46.244056701660156, 45.69623565673828, 25.220924377441406, 31.283876419067383, 16.092540740966797, 25.514928817749023, 12.804205894470215, 12.012351036071777, 19.4234676361084, 11.07470417022705, 13.915051460266113, 14.80069351196289, 0.4644295275211334, 0.4190712869167328, 0.391157865524292, 0.41111502051353455, 0.41715964674949646, 0.4017001986503601, 0.4071252644062042, 0.3840617835521698, 0.36892014741897583, 0.37930670380592346, 0.4020759165287018, 0.44421622157096863, 0.3598971366882324, 0.3648374378681183, 0.37463492155075073, 0.3723996877670288, 0.37357011437416077, 0.36466631293296814, 0.3631453216075897, 0.3722912669181824, 0.3734757900238037, 0.37004950642585754, 0.3385886251926422, 0.33490151166915894, 2078.190572465085, 1270.7851211582608, 3745.7985617897725, 2031.8959322378842, 0.10340977381993006, 0.11101893517982438]"
processed_emodb\08b01Na.wav,N,"[-191.3962860107422, 96.24407958984375, -8.40511703491211, 63.55023193359375, -6.079648494720459, 23.09316635131836, -20.889373779296875, 2.3538217544555664, -10.092493057250977, -8.903237342834473, -2.070518732070923, -5.161257743835449, 0.8256428241729736, 98.20775604248047, 55.607643127441406, 37.731605529785156, 29.459447860717773, 31.077173233032227, 20.367156982421875, 22.265426635742188, 13.452160835266113, 12.901102066040039, 15.970290184020996, 11.885555267333984, 9.912708282470703, 12.619921684265137, 0.4288965165615082, 0.3763999938964844, 0.34722810983657837, 0.40116995573043823, 0.3904891014099121, 0.30561473965644836, 0.28376519680023193, 0.2894418239593506, 0.33729350566864014, 0.3824501037597656, 0.3730032444000244, 0.424106627702713, 0.3847518265247345, 0.35005515813827515, 0.34009024500846863, 0.37658217549324036, 0.384286493062973, 0.3506873846054077, 0.34587299823760986, 0.3343519866466522, 0.3415047228336334, 0.3619621992111206, 0.3268839418888092, 0.3698903024196625, 1706.824657713961, 1301.0413856422745, 3143.5309914981617, 2033.568923855253, 0.07628676470588236, 0.09524238816858244]"
processed_emodb\14b10Tc.wav,T,"[-232.2128448486328, 125.8445053100586, -1.6438424587249756, 63.81716537475586, -0.10249131172895432, 30.217016220092773, -7.743179798126221, 8.690279006958008, -6.463274002075195, -5.417215347290039, 2.4453322887420654, -3.496955394744873, 7.511469841003418, 105.97046661376953, 38.431941986083984, 26.741649627685547, 21.821928024291992, 24.54428482055664, 17.336959838867188, 20.783323287963867, 13.369226455688477, 12.330163955688477, 13.128119468688965, 9.581731796264648, 9.603838920593262, 7.918137073516846, 0.4939633309841156, 0.6569167971611023, 0.7323899269104004, 0.7052862048149109, 0.5479356646537781, 0.4289740025997162, 0.40945833921432495, 0.4488941729068756, 0.47803911566734314, 0.4796772003173828, 0.4944861829280853, 0.4426659345626831, 0.31089040637016296, 0.31404349207878113, 0.2685326039791107, 0.32712942361831665, 0.35959112644195557, 0.37525683641433716, 0.3784380257129669, 0.37548622488975525, 0.3727515935897827, 0.3422027826309204, 0.328396737575531, 0.30120041966438293, 938.3269670278845, 890.8538205631526, 1962.01171875, 1817.0448745819003, 0.010463169642857142, 0.014211434302189992]"
processed_emodb\12a07La.wav,L,"[-187.14437866210938, 137.2852020263672, -38.501731872558594, 56.954689025878906, -19.0704288482666, 7.784292221069336, -7.172414302825928, 6.264318943023682, -25.68488311767578, -0.016228610649704933, 5.049336910247803, -8.166948318481445, 5.928797721862793, 91.7640609741211, 53.6776008605957, 36.44095993041992, 25.409549713134766, 27.25229263305664, 26.170656204223633, 14.30909538269043, 13.185750961303711, 17.24591064453125, 8.694384574890137, 10.741838455200195, 12.597262382507324, 8.599006652832031, 0.33343106508255005, 0.34566229581832886, 0.41593241691589355, 0.41856202483177185, 0.41587579250335693, 0.4980158805847168, 0.41328009963035583, 0.3252102732658386, 0.3179023861885071, 0.35305356979370117, 0.3650277853012085, 0.30596309900283813, 0.336163192987442, 0.3512303829193115, 0.3873293995857239, 0.3526419699192047, 0.34176209568977356, 0.3953038156032562, 0.36112165451049805, 0.33498913049697876, 0.33765503764152527, 0.3464796543121338, 0.3583372235298157, 0.2938927114009857, 1399.0981354645003, 963.2665100560819, 2706.955853630515, 1604.5986534221006, 0.053198720894607844, 0.04649937428786846]"
processed_emodb\13b10La.wav,L,"[-199.27679443359375, 120.44963836669922, -1.0665055513381958, 61.90192413330078, -3.9804089069366455, 15.418854713439941, -5.785079479217529, -3.2027530670166016, -6.13997745513916, -11.7735013961792, -4.9746904373168945, 1.7568001747131348, -3.6892569065093994, 79.60762023925781, 27.935951232910156, 25.45566177368164, 24.885448455810547, 22.353694915771484, 17.30751609802246, 17.405344009399414, 15.524273872375488, 11.071903228759766, 15.88268756866455, 9.638738632202148, 9.479450225830078, 10.657781600952148, 0.13386113941669464, 0.18893958628177643, 0.317715585231781, 0.37724050879478455, 0.33766674995422363, 0.35677918791770935, 0.4869673252105713, 0.5514959692955017, 0.38913559913635254, 0.2400602400302887, 0.18803054094314575, 0.13146519660949707, 0.24782752990722656, 0.26633691787719727, 0.3399444818496704, 0.39821821451187134, 0.3722563683986664, 0.3736923336982727, 0.39787018299102783, 0.40928739309310913, 0.3918372690677643, 0.3184761106967926, 0.2770788073539734, 0.22471502423286438, 890.1578043912463, 567.2999215341916, 2028.6599551930146, 1601.7886634455322, 0.015088848039215686, 0.009515286120997226]"
processed_emodb\13a02Ec.wav,E,"[-180.3291473388672, 113.59934997558594, -30.49614715576172, 61.50376892089844, -8.57225227355957, 31.195541381835938, -29.953859329223633, 6.80090856552124, -17.638309478759766, 6.101230621337891, 3.1673014163970947, -4.958937644958496, 11.61876106262207, 88.4316635131836, 36.47630310058594, 37.44169616699219, 27.554691314697266, 25.375322341918945, 19.66461753845215, 23.505826950073242, 10.1992826461792, 14.341803550720215, 13.675893783569336, 12.825277328491211, 10.910845756530762, 7.682887554168701, 0.39655041694641113, 0.30240485072135925, 0.3113628327846527, 0.36107319593429565, 0.43643733859062195, 0.4757935702800751, 0.46747860312461853, 0.519504189491272, 0.5877441763877869, 0.6085816025733948, 0.5901627540588379, 0.50583416223526, 0.323750376701355, 0.2866586446762085, 0.31158211827278137, 0.34682950377464294, 0.3530631363391876, 0.36448246240615845, 0.38323894143104553, 0.37366023659706116, 0.3626115918159485, 0.3133396506309509, 0.2982625663280487, 0.3202531635761261, 1278.7587094869334, 804.1488756616607, 2879.313413558468, 1797.7402221448203, 0.009534610215053764, 0.011334105047456765]"
processed_emodb\16b01La.wav,L,"[-199.00149536132812, 90.5047607421875, -30.937101364135742, 76.62272644042969, -7.511265277862549, 22.096647262573242, -9.494762420654297, -4.887423038482666, -3.41903018951416, -2.864278793334961, -2.2355830669403076, -10.600746154785156, 1.882458209991455, 95.06330871582031, 44.28786087036133, 33.940555572509766, 23.678525924682617, 26.273937225341797, 16.947216033935547, 18.136844635009766, 17.697534561157227, 13.512810707092285, 12.922563552856445, 12.941534042358398, 9.020066261291504, 14.822795867919922, 0.30908942222595215, 0.3763134181499481, 0.5003037452697754, 0.5149620175361633, 0.40490251779556274, 0.3749149441719055, 0.35538676381111145, 0.3641895055770874, 0.37773898243904114, 0.3691348731517792, 0.3642890751361847, 0.319539874792099, 0.3366977870464325, 0.32859766483306885, 0.38294222950935364, 0.40115466713905334, 0.3662112057209015, 0.3929426372051239, 0.3735255300998688, 0.3671571910381317, 0.3743915259838104, 0.35289475321769714, 0.34441453218460083, 0.32055044174194336, 1550.4554422956933, 1061.0027613536593, 3186.151074987697, 1795.5163493302957, 0.036601870078740155, 0.04587513419518837]"
processed_emodb\10a01Nb.wav,N,"[-207.4248046875, 136.3776092529297, -20.719696044921875, 54.71532440185547, -6.015921592712402, 29.74639129638672, 7.931908130645752, 0.3351704180240631, -17.31242561340332, 4.896996021270752, 10.846132278442383, 3.545307159423828, 11.28425121307373, 89.28016662597656, 47.98634338378906, 37.80364227294922, 25.998027801513672, 21.171361923217773, 15.153977394104004, 10.318846702575684, 11.158269882202148, 13.761014938354492, 11.124002456665039, 14.698817253112793, 9.0114107131958, 6.231731414794922, 0.47309204936027527, 0.4827021062374115, 0.5625325441360474, 0.6397117972373962, 0.7003323435783386, 0.7412670254707336, 0.6665247678756714, 0.6309989094734192, 0.5829360485076904, 0.5186182856559753, 0.4718702733516693, 0.4666510224342346, 0.2955883741378784, 0.3068026900291443, 0.29007688164711, 0.28863656520843506, 0.28745222091674805, 0.30405956506729126, 0.28353825211524963, 0.3048741817474365, 0.3217006325721741, 0.3334532678127289, 0.3184394836425781, 0.2791503965854645, 982.8809778337992, 648.1284352113059, 2108.45947265625, 1446.378295983752, 0.014660957532051282, 0.026572386955264763]"
processed_emodb\13a05Wa.wav,W,"[-257.5034484863281, 97.52788543701172, -30.622636795043945, 35.85268783569336, -17.023252487182617, 10.824723243713379, -16.869794845581055, -4.956636905670166, -15.661993026733398, -7.41810417175293, -2.0768134593963623, 1.6589479446411133, 1.5644288063049316, 85.14312744140625, 48.89217758178711, 34.4142951965332, 31.265886306762695, 31.430810928344727, 22.058408737182617, 15.902512550354004, 17.630006790161133, 12.6470365524292, 11.901013374328613, 11.716185569763184, 10.205147743225098, 13.327141761779785, 0.5578374266624451, 0.4267098903656006, 0.27618297934532166, 0.2426115721464157, 0.285330206155777, 0.3058680295944214, 0.34534549713134766, 0.34679219126701355, 0.3280507028102875, 0.3451000452041626, 0.3844931721687317, 0.49414461851119995, 0.3426640033721924, 0.35385677218437195, 0.2960900068283081, 0.28561580181121826, 0.3530685305595398, 0.36006468534469604, 0.3744966983795166, 0.36279797554016113, 0.356417179107666, 0.34978458285331726, 0.32467120885849, 0.3304223120212555, 1609.4869110478926, 1006.4886497845762, 3051.7716796875, 1711.4827476764635, 0.05709375, 0.06799033129899049]"
processed_emodb\08a04Wc.wav,W,"[-237.70811462402344, 86.24637603759766, -69.51854705810547, 26.9277286529541, -38.78872299194336, 18.439607620239258, -24.256101608276367, 4.833477020263672, -8.379219055175781, -12.966421127319336, -2.2939841747283936, -11.659616470336914, -1.5079827308654785, 136.3489227294922, 27.670873641967773, 65.94329071044922, 22.609500885009766, 28.838777542114258, 14.907950401306152, 22.73845863342285, 11.379679679870605, 13.064130783081055, 16.84461784362793, 8.974929809570312, 11.426773071289062, 10.541741371154785, 0.3195112645626068, 0.30961742997169495, 0.3465495705604553, 0.3708619773387909, 0.38770291209220886, 0.3905600905418396, 0.38818082213401794, 0.4355277419090271, 0.419466495513916, 0.3444790840148926, 0.3276897668838501, 0.33891406655311584, 0.31465232372283936, 0.3196324110031128, 0.3544820547103882, 0.34248608350753784, 0.3436073064804077, 0.3684252202510834, 0.33076244592666626, 0.361355721950531, 0.34027066826820374, 0.33129480481147766, 0.3380816876888275, 0.3302203118801117, 1854.5445849337314, 749.274793919369, 3648.6356295072114, 1537.1809031761052, 0.07468825120192307, 0.046034122068045705]"
processed_emodb\15a02Wd.wav,W,"[-253.71607971191406, 80.21793365478516, -42.80514907836914, 51.00657653808594, -15.554047584533691, 20.151233673095703, -16.19363021850586, 3.413022994995117, -8.77322769165039, -5.929563999176025, 1.3808677196502686, -0.39015424251556396, 6.9830145835876465, 116.003662109375, 41.45926284790039, 47.537071228027344, 27.53935432434082, 41.3797721862793, 17.843826293945312, 26.94015884399414, 13.835715293884277, 13.691594123840332, 13.533717155456543, 13.387838363647461, 10.646288871765137, 7.083106994628906, 0.457417368888855, 0.41824856400489807, 0.42405426502227783, 0.44475406408309937, 0.5200464129447937, 0.5731661915779114, 0.5084763169288635, 0.45036953687667847, 0.47441980242729187, 0.4934704601764679, 0.5451635718345642, 0.49577096104621887, 0.33444932103157043, 0.31353938579559326, 0.3501828908920288, 0.358106791973114, 0.3884839117527008, 0.3685433268547058, 0.3924441635608673, 0.37768885493278503, 0.37146684527397156, 0.3189834654331207, 0.33367788791656494, 0.30684220790863037, 1363.4027115425374, 779.765349477454, 2961.3605740704115, 1740.8066971910764, 0.018276552610759493, 0.023956184408385293]"
processed_emodb\15b10Wa.wav,W,"[-211.261962890625, 85.23926544189453, -62.274051666259766, 60.727622985839844, -28.052705764770508, 20.36867332458496, -33.324851989746094, 10.286356925964355, -12.841540336608887, -12.550980567932129, 0.10114399343729019, -5.775694370269775, 3.6768624782562256, 106.54508972167969, 39.635459899902344, 50.327392578125, 31.257431030273438, 31.624601364135742, 14.940153121948242, 22.885095596313477, 13.80589771270752, 15.779424667358398, 14.647440910339355, 11.276400566101074, 11.857178688049316, 9.694955825805664, 0.4091048240661621, 0.3314758539199829, 0.34755438566207886, 0.39287126064300537, 0.43298766016960144, 0.40916767716407776, 0.44788089394569397, 0.469783753156662, 0.4348703920841217, 0.4352017343044281, 0.42533794045448303, 0.444798082113266, 0.3287292420864105, 0.28590521216392517, 0.3176986873149872, 0.3440692126750946, 0.34843069314956665, 0.35184720158576965, 0.37561073899269104, 0.3784104287624359, 0.35695362091064453, 0.36300796270370483, 0.3427199125289917, 0.33867424726486206, 1476.0548285411787, 647.0167143781092, 3270.5913342927633, 1475.9410173351716, 0.022538034539473683, 0.02611602705475571]"
processed_emodb\11b09Fd.wav,F,"[-252.85055541992188, 123.68878936767578, -23.500566482543945, 51.136390686035156, 5.019639492034912, 12.939803123474121, -8.103411674499512, 13.157997131347656, -9.219252586364746, -3.47856068611145, 5.982974052429199, -6.795266628265381, 5.312960147857666, 114.78697204589844, 40.71542739868164, 42.33484649658203, 29.889514923095703, 24.386125564575195, 20.46415901184082, 22.038753509521484, 11.648911476135254, 14.927312850952148, 12.559577941894531, 13.798388481140137, 9.880617141723633, 9.47996997833252, 0.4721205234527588, 0.5289051532745361, 0.5576373338699341, 0.58687424659729, 0.5816182494163513, 0.6248563528060913, 0.6413183212280273, 0.5373979210853577, 0.45754989981651306, 0.4356667995452881, 0.4426593780517578, 0.43298009037971497, 0.31823861598968506, 0.343683660030365, 0.33483701944351196, 0.3476735055446625, 0.34685301780700684, 0.3354412019252777, 0.35135823488235474, 0.3410509526729584, 0.35509300231933594, 0.344121515750885, 0.34335586428642273, 0.3266412615776062, 808.3885177911375, 566.3015943931614, 1802.4606020395993, 1532.6708507394706, 0.007149033874045802, 0.011156255120894059]"
processed_emodb\15a07Fa.wav,F,"[-233.14834594726562, 75.99214935302734, -42.05814743041992, 48.649879455566406, -15.351451873779297, 19.962583541870117, -23.838207244873047, 5.8275299072265625, -15.932476043701172, -8.321767807006836, 3.161550998687744, -6.080067157745361, 2.8719544410705566, 105.06814575195312, 45.425514221191406, 45.98346710205078, 31.77340316772461, 34.97347640991211, 19.051843643188477, 21.608505249023438, 12.221348762512207, 21.533166885375977, 14.653226852416992, 13.703201293945312, 10.688143730163574, 11.065888404846191, 0.4170423746109009, 0.40886378288269043, 0.4275701940059662, 0.4341822862625122, 0.37169328331947327, 0.36331692337989807, 0.3297412097454071, 0.33097341656684875, 0.31309178471565247, 0.3828875422477722, 0.3889428675174713, 0.3691454827785492, 0.35999542474746704, 0.3507818579673767, 0.35619407892227173, 0.3705609440803528, 0.347436785697937, 0.3739526867866516, 0.3455837070941925, 0.3516051769256592, 0.34244805574417114, 0.3918149769306183, 0.37692373991012573, 0.35682031512260437, 1815.038623216204, 975.3573126153274, 3695.09765625, 1844.8895877682496, 0.052045036764705885, 0.046169600849380696]"
processed_emodb\16a05La.wav,L,"[-276.3141784667969, 96.48567199707031, -24.004709243774414, 65.43547058105469, -19.83950424194336, 17.63383674621582, -8.515117645263672, -7.470912933349609, -8.12704086303711, -0.9254336953163147, 6.990519046783447, -4.478546142578125, 2.3583743572235107, 95.67144775390625, 44.620025634765625, 37.91061782836914, 30.28256607055664, 26.627878189086914, 18.25926399230957, 18.807809829711914, 16.931432723999023, 11.453701972961426, 12.86612606048584, 10.808304786682129, 10.1554536819458, 12.18865966796875, 0.4096556007862091, 0.35965821146965027, 0.37705671787261963, 0.39131665229797363, 0.42875728011131287, 0.43413683772087097, 0.42935603857040405, 0.4187206029891968, 0.4209500849246979, 0.4503234028816223, 0.49971792101860046, 0.46262332797050476, 0.338627427816391, 0.3302691876888275, 0.37555140256881714, 0.3830968141555786, 0.3960621654987335, 0.37816786766052246, 0.38388678431510925, 0.37674129009246826, 0.3786100447177887, 0.36802560091018677, 0.37418320775032043, 0.3472532331943512, 1224.2838011534561, 796.3884601437994, 2751.0205078125, 1865.4501284970233, 0.016333705357142857, 0.0240903012821996]"
processed_emodb\14a05Wa.wav,W,"[-235.33010864257812, 74.26153564453125, -45.07166290283203, 44.538780212402344, -37.60238265991211, 15.063806533813477, -10.26137638092041, -4.132311820983887, -7.991220951080322, -8.654821395874023, -1.4080045223236084, -6.781486988067627, 0.009291896596550941, 113.95732116699219, 50.26293182373047, 46.25159454345703, 28.69331169128418, 41.52963638305664, 21.065616607666016, 18.18779182434082, 17.374011993408203, 10.731273651123047, 15.489639282226562, 13.745585441589355, 9.818865776062012, 14.006449699401855, 0.3563568592071533, 0.34327957034111023, 0.3200345039367676, 0.36595818400382996, 0.45923855900764465, 0.46299341320991516, 0.4364025592803955, 0.4240800142288208, 0.4263201057910919, 0.4209284782409668, 0.48582860827445984, 0.4158734977245331, 0.32434144616127014, 0.34164801239967346, 0.3217887878417969, 0.33951279520988464, 0.37260231375694275, 0.35467764735221863, 0.3697076439857483, 0.34911447763442993, 0.35304370522499084, 0.3455960154533386, 0.3625153601169586, 0.3278176784515381, 1915.39541317006, 1113.5974687732748, 3750.947068054552, 1777.1797499134664, 0.06765658869219653, 0.06598949030751117]"
processed_emodb\09b10Aa.wav,A,"[-180.69647216796875, 103.06072998046875, -30.66820526123047, 55.425411224365234, -23.287052154541016, 14.308259963989258, -11.80474853515625, -11.665047645568848, -13.074592590332031, -5.222902297973633, -7.938932418823242, -8.244075775146484, 0.7633920311927795, 73.88726043701172, 26.781938552856445, 32.326236724853516, 21.636640548706055, 24.184001922607422, 18.661020278930664, 18.156288146972656, 16.862977981567383, 12.238768577575684, 13.14576244354248, 9.714338302612305, 7.698424339294434, 9.856163024902344, 0.45842599868774414, 0.40077367424964905, 0.3071039319038391, 0.3029863238334656, 0.29130804538726807, 0.19857168197631836, 0.17467735707759857, 0.17466136813163757, 0.20616795122623444, 0.24764792621135712, 0.34143373370170593, 0.41531288623809814, 0.4162674844264984, 0.38165396451950073, 0.3492312431335449, 0.3825049102306366, 0.3849831223487854, 0.32242581248283386, 0.31537073850631714, 0.305966317653656, 0.3245408236980438, 0.33033835887908936, 0.3624274730682373, 0.3736369013786316, 1304.0873456115214, 695.789346935024, 2994.3115234375, 1691.4005475465706, 0.027615017361111112, 0.021255489850844196]"
processed_emodb\15a05Fb.wav,F,"[-231.041259765625, 95.17916107177734, -38.75041961669922, 53.85520935058594, -19.259023666381836, 20.959300994873047, -20.905345916748047, 3.620199203491211, -19.53720474243164, -4.00880765914917, 1.1729825735092163, -9.828449249267578, 3.388430118560791, 93.37541961669922, 52.7514762878418, 37.19902801513672, 32.065635681152344, 29.088024139404297, 22.953161239624023, 19.65265655517578, 15.442656517028809, 14.883098602294922, 13.125784873962402, 10.496953964233398, 10.261239051818848, 9.282305717468262, 0.3971881568431854, 0.3476206660270691, 0.33160948753356934, 0.40637892484664917, 0.44283539056777954, 0.38195037841796875, 0.3858019709587097, 0.3867678940296173, 0.37548547983169556, 0.40239134430885315, 0.4311109185218811, 0.4650432765483856, 0.33069372177124023, 0.31996428966522217, 0.3171490430831909, 0.3556239902973175, 0.3629899322986603, 0.333585649728775, 0.3572884202003479, 0.3673103153705597, 0.3268108367919922, 0.3248926103115082, 0.3370797336101532, 0.3518136739730835, 1803.7431526034923, 1010.7130781295571, 3504.7588641826924, 1692.6379352720057, 0.05212924011752137, 0.035620921144842575]"
processed_emodb\13a01Ec.wav,E,"[-180.1380157470703, 101.35700988769531, -26.416561126708984, 56.0677490234375, -12.679741859436035, 22.73383140563965, -26.925033569335938, 1.6125866174697876, -8.695441246032715, 5.76275634765625, 5.919744968414307, -3.1644537448883057, 7.495750904083252, 109.7120590209961, 46.03382110595703, 38.63312530517578, 28.40646743774414, 29.07806396484375, 18.15041732788086, 19.507041931152344, 16.900571823120117, 13.26773452758789, 11.210247039794922, 12.515362739562988, 10.823797225952148, 10.733443260192871, 0.5157614350318909, 0.42774027585983276, 0.346359521150589, 0.3583645820617676, 0.39385902881622314, 0.418025940656662, 0.4897354543209076, 0.5129639506340027, 0.4704192280769348, 0.4780954420566559, 0.5051388740539551, 0.5159112215042114, 0.3444170355796814, 0.3220108449459076, 0.31033140420913696, 0.3276844918727875, 0.34584271907806396, 0.34921303391456604, 0.3601982295513153, 0.3627208471298218, 0.3480200469493866, 0.32150793075561523, 0.3178624212741852, 0.3251487612724304, 1722.8015112357161, 1075.4883116372196, 3334.5550839263615, 1860.0044247057594, 0.06193920173267327, 0.08439515425012362]"
processed_emodb\11b09Wa.wav,W,"[-247.5955047607422, 110.64275360107422, -42.69270706176758, 41.1170654296875, -9.832517623901367, 0.261681467294693, -16.70453453063965, 4.00290060043335, -13.084775924682617, -8.100791931152344, -0.49873971939086914, -11.541415214538574, 0.6053794622421265, 117.24140167236328, 41.464046478271484, 50.641944885253906, 27.74256706237793, 30.824657440185547, 21.661785125732422, 20.122121810913086, 14.013263702392578, 15.301042556762695, 13.88414478302002, 12.816706657409668, 9.85222339630127, 10.821073532104492, 0.39321863651275635, 0.38010674715042114, 0.3539682924747467, 0.370138019323349, 0.3416078984737396, 0.3491862714290619, 0.33873674273490906, 0.3985905647277832, 0.4366365969181061, 0.3708701729774475, 0.3252347707748413, 0.3293386995792389, 0.3296505808830261, 0.33669769763946533, 0.32376325130462646, 0.33430367708206177, 0.3382025361061096, 0.3524787425994873, 0.32335031032562256, 0.3570486605167389, 0.364382266998291, 0.3222655951976776, 0.3020299971103668, 0.2995459735393524, 1580.707302911985, 873.2323583859774, 2943.654119318182, 1563.3227240659191, 0.06858723958333333, 0.0628687191408877]"
processed_emodb\09b01Na.wav,N,"[-205.68890380859375, 113.12627410888672, -10.512191772460938, 77.43338012695312, -13.22586727142334, 19.310670852661133, -9.212413787841797, -5.060033321380615, -7.5773210525512695, -2.474170207977295, -3.776449680328369, -3.0917797088623047, 8.40573501586914, 97.31927490234375, 56.900291442871094, 35.422672271728516, 29.127731323242188, 28.397533416748047, 21.55806541442871, 21.642553329467773, 22.63927459716797, 13.231867790222168, 13.874940872192383, 10.739190101623535, 12.009847640991211, 12.896491050720215, 0.31856295466423035, 0.34797924757003784, 0.3472181558609009, 0.3513358235359192, 0.4273083508014679, 0.43675437569618225, 0.4548792243003845, 0.4270949065685272, 0.377780944108963, 0.3242915868759155, 0.2762332856655121, 0.3017236590385437, 0.31810998916625977, 0.34814688563346863, 0.34633466601371765, 0.31984943151474, 0.3677334189414978, 0.35958096385002136, 0.3674059808254242, 0.35721755027770996, 0.3289381265640259, 0.32850176095962524, 0.30783945322036743, 0.32750990986824036, 1443.6970678187622, 1082.2981036671126, 3066.0665066442757, 1948.3983957031733, 0.02915541033878505, 0.03774508483332469]"
processed_emodb\14b01Wc.wav,W,"[-220.870849609375, 89.181396484375, -45.126441955566406, 57.41584396362305, -30.74732780456543, 15.826839447021484, -21.79485321044922, 5.934847831726074, -9.999696731567383, -10.264322280883789, -5.02025842666626, -5.778574466705322, -1.4414652585983276, 107.88032531738281, 52.54524230957031, 46.89160919189453, 29.314573287963867, 32.852272033691406, 20.987445831298828, 19.59949493408203, 15.563687324523926, 10.582355499267578, 15.551255226135254, 14.11105728149414, 10.523417472839355, 13.660807609558105, 0.37843993306159973, 0.38219135999679565, 0.42375287413597107, 0.4444991946220398, 0.42523378133773804, 0.44205817580223083, 0.3752273619174957, 0.3048401474952698, 0.3339238166809082, 0.380527138710022, 0.387655109167099, 0.4018957018852234, 0.33344727754592896, 0.3218090534210205, 0.3285313844680786, 0.3463541269302368, 0.35215529799461365, 0.36024710536003113, 0.3319184482097626, 0.31098419427871704, 0.35348841547966003, 0.3847008943557739, 0.34434807300567627, 0.35116639733314514, 1842.914345853582, 1130.1135155527986, 3567.6143646240234, 1966.9845212541002, 0.051822662353515625, 0.05853078546118694]"
processed_emodb\13a07Tc.wav,T,"[-183.6897430419922, 105.03590393066406, -8.294489860534668, 61.61503219604492, -0.6733934879302979, 32.17218017578125, -7.232333660125732, 12.611446380615234, -10.206795692443848, -1.4276635646820068, 6.703282833099365, -2.1607391834259033, -1.0550543069839478, 75.60163116455078, 44.72357177734375, 30.390003204345703, 20.973068237304688, 27.670053482055664, 20.73756980895996, 18.32967758178711, 14.19131088256836, 13.852100372314453, 10.862171173095703, 8.20959186553955, 9.366554260253906, 12.559538841247559, 0.28992846608161926, 0.38002809882164, 0.4426306486129761, 0.49643486738204956, 0.5164264440536499, 0.5669097304344177, 0.5956124067306519, 0.5051444172859192, 0.387489914894104, 0.3389304280281067, 0.3066158592700958, 0.27066439390182495, 0.3020492196083069, 0.3472314476966858, 0.37338581681251526, 0.3655671179294586, 0.3569522202014923, 0.3385052978992462, 0.3426474332809448, 0.3439646363258362, 0.31628695130348206, 0.31776028871536255, 0.29282146692276, 0.2719282805919647, 1715.0683044827135, 1257.0658532610744, 3258.76247292698, 1872.8918186166868, 0.07920308632425743, 0.09480047901011199]"
processed_emodb\10b10Lc.wav,L,"[-219.75, 157.46328735351562, -10.03442096710205, 59.29226303100586, 5.338101863861084, 18.03049087524414, -1.8457285165786743, -5.0728960037231445, -21.39017677307129, -3.134756326675415, 4.273499011993408, -1.365242838859558, 12.824299812316895, 95.63697052001953, 47.218650817871094, 27.15920066833496, 26.436006546020508, 27.53768539428711, 23.553974151611328, 16.332202911376953, 14.868550300598145, 18.361169815063477, 11.87420654296875, 12.907109260559082, 16.69208335876465, 7.321465492248535, 0.30947014689445496, 0.31336936354637146, 0.40961307287216187, 0.544192910194397, 0.5611954927444458, 0.553837239742279, 0.522971510887146, 0.565159261226654, 0.4998149871826172, 0.3703612983226776, 0.35475829243659973, 0.3234328329563141, 0.2589450180530548, 0.24119515717029572, 0.2955227196216583, 0.35160353779792786, 0.3098895251750946, 0.3159903287887573, 0.2835770845413208, 0.2888146936893463, 0.29909512400627136, 0.24916715919971466, 0.27143988013267517, 0.24727089703083038, 1110.7727776880538, 903.7055692967635, 2202.099609375, 1626.176738892098, 0.034787547831632654, 0.05222732751024037]"
processed_emodb\16b09Fb.wav,F,"[-288.8873596191406, 66.92383575439453, -54.345115661621094, 48.96980667114258, -16.938386917114258, 4.180782318115234, -12.45596981048584, 3.0146446228027344, -6.906864166259766, -6.374240875244141, 1.2299121618270874, -2.4805305004119873, -0.7600366473197937, 118.39169311523438, 34.5720100402832, 57.25482940673828, 26.92292594909668, 23.102664947509766, 21.9840030670166, 19.13192367553711, 13.230558395385742, 12.224388122558594, 14.98728084564209, 9.814173698425293, 10.945287704467773, 10.398941040039062, 0.4817005693912506, 0.49315038323402405, 0.5299257636070251, 0.5526555776596069, 0.5665488839149475, 0.626704752445221, 0.5771764516830444, 0.5060768127441406, 0.4188143312931061, 0.3857914209365845, 0.40588662028312683, 0.4289928674697876, 0.3235945701599121, 0.3279842436313629, 0.3594890236854553, 0.3643702566623688, 0.3683291971683502, 0.3549036979675293, 0.34301507472991943, 0.36843234300613403, 0.3637201488018036, 0.337753027677536, 0.31165745854377747, 0.321774959564209, 1082.8782717314018, 687.0723008208618, 2352.038978425083, 1551.0746440531177, 0.010729252897350994, 0.02138204694489294]"
processed_emodb\10b10Wa.wav,W,"[-304.5832214355469, 95.59281921386719, -39.040855407714844, 43.26692581176758, -6.199310779571533, 10.035116195678711, -2.5707345008850098, 10.167001724243164, -19.410350799560547, -1.7766344547271729, 1.0911839008331299, -3.4259705543518066, 10.343140602111816, 106.52413940429688, 44.874088287353516, 48.711509704589844, 33.213863372802734, 24.918088912963867, 22.693674087524414, 17.320024490356445, 13.711712837219238, 15.563055038452148, 11.584619522094727, 12.751104354858398, 15.458648681640625, 9.293607711791992, 0.43262118101119995, 0.4598529636859894, 0.4999699592590332, 0.6003538370132446, 0.6325600147247314, 0.601049542427063, 0.5680417418479919, 0.5779423713684082, 0.5748878717422485, 0.5649186372756958, 0.5326178669929504, 0.4230072498321533, 0.32190659642219543, 0.3439716696739197, 0.355634868144989, 0.3729512691497803, 0.34627386927604675, 0.35415342450141907, 0.36716312170028687, 0.36533066630363464, 0.3516823351383209, 0.34418097138404846, 0.32275351881980896, 0.26268860697746277, 1083.8202039569874, 799.5915533280134, 2246.630859375, 1786.022922592938, 0.008185135690789474, 0.020859314224590655]"
processed_emodb\16b10Wa.wav,W,"[-279.55206298828125, 58.87042999267578, -57.38291549682617, 56.75780487060547, -28.361650466918945, 3.9647891521453857, -10.383442878723145, -1.5207200050354004, -5.433344841003418, -11.232823371887207, -2.2105326652526855, -0.7983697652816772, -2.8586790561676025, 107.9078598022461, 29.520681381225586, 59.135494232177734, 29.63602638244629, 25.513900756835938, 18.723678588867188, 17.914697647094727, 13.686176300048828, 13.973730087280273, 15.769803047180176, 10.660286903381348, 11.407410621643066, 10.904544830322266, 0.5766535997390747, 0.5990673899650574, 0.6046180725097656, 0.5923714637756348, 0.6294578909873962, 0.6736376285552979, 0.644780695438385, 0.5838893055915833, 0.5671026706695557, 0.5623126029968262, 0.4724152386188507, 0.46195143461227417, 0.3068605959415436, 0.3000369966030121, 0.31532716751098633, 0.3282441198825836, 0.33554431796073914, 0.30295172333717346, 0.3178870677947998, 0.33914873003959656, 0.3246133625507355, 0.3211406469345093, 0.27980077266693115, 0.26527735590934753, 926.5235583370503, 597.2717952121877, 2146.1770864633413, 1502.2656401531067, 0.0035306490384615385, 0.008455444222059585]"
processed_emodb\11b01Lb.wav,L,"[-191.65061950683594, 113.74273681640625, -18.441673278808594, 77.57952880859375, -0.9410359263420105, 27.441030502319336, -19.050975799560547, -0.7080243825912476, -0.4651826322078705, 3.919462203979492, -0.11329946666955948, -3.108539342880249, 8.267282485961914, 86.57427215576172, 57.29991912841797, 30.062101364135742, 29.05953598022461, 26.840967178344727, 20.09872055053711, 20.292062759399414, 16.403738021850586, 13.449482917785645, 9.757450103759766, 9.728252410888672, 10.292479515075684, 8.603556632995605, 0.4569702446460724, 0.3979925215244293, 0.3640551269054413, 0.3794748783111572, 0.4073069989681244, 0.4276171922683716, 0.4489232003688812, 0.48334863781929016, 0.48449501395225525, 0.4585592448711395, 0.4774759113788605, 0.4765269458293915, 0.3603280186653137, 0.33633947372436523, 0.30039656162261963, 0.33813050389289856, 0.362964391708374, 0.3550998866558075, 0.34599265456199646, 0.35548412799835205, 0.33836066722869873, 0.3239435851573944, 0.3291243612766266, 0.33800408244132996, 1533.5891294531123, 1170.6199076392845, 2988.3103047520663, 1839.8846133691723, 0.052859471849173556, 0.07089714819270344]"
processed_emodb\15b01Ec.wav,E,"[-163.12921142578125, 83.6720962524414, -32.421016693115234, 78.68409729003906, -12.676032066345215, 38.299278259277344, -27.4542236328125, 15.844524383544922, -13.394437789916992, -3.2792623043060303, -1.2459266185760498, -9.842836380004883, 7.987100601196289, 94.83354187011719, 55.92610168457031, 38.91182327270508, 30.377614974975586, 33.50125503540039, 20.01880645751953, 17.325210571289062, 15.9428071975708, 12.485233306884766, 14.81784725189209, 11.155269622802734, 12.347464561462402, 7.815764904022217, 0.3482966721057892, 0.40559375286102295, 0.4748910367488861, 0.5286009311676025, 0.5122987627983093, 0.4435203969478607, 0.41504955291748047, 0.41313135623931885, 0.4632355868816376, 0.4864954948425293, 0.3978765606880188, 0.3024868965148926, 0.32472506165504456, 0.3468867838382721, 0.3386353850364685, 0.33119383454322815, 0.33418944478034973, 0.3189430832862854, 0.3381722569465637, 0.3300641179084778, 0.3430992066860199, 0.33828702569007874, 0.3096987307071686, 0.2630771994590759, 2188.9838800787134, 1381.157871500264, 4042.1018600463867, 2055.7160177687415, 0.08019256591796875, 0.093936446367802]"
processed_emodb\15a07Ld.wav,L,"[-187.33262634277344, 114.85798645019531, -16.677797317504883, 64.52032470703125, -0.8029575943946838, 37.208675384521484, -6.115113258361816, 13.62273120880127, -8.665548324584961, -0.007880210876464844, 3.4140923023223877, -0.46143075823783875, 2.858934164047241, 69.86846923828125, 51.91556930541992, 20.802223205566406, 23.015090942382812, 25.409191131591797, 20.897624969482422, 14.989936828613281, 9.069469451904297, 16.063051223754883, 11.20981216430664, 16.902729034423828, 10.071049690246582, 8.388800621032715, 0.42276594042778015, 0.5063843727111816, 0.5867160558700562, 0.5694289207458496, 0.5211558938026428, 0.49127480387687683, 0.49377554655075073, 0.45784154534339905, 0.3670421242713928, 0.30992451310157776, 0.30223357677459717, 0.36968886852264404, 0.3098828196525574, 0.349338561296463, 0.37812092900276184, 0.326582670211792, 0.3525477647781372, 0.3555412292480469, 0.34913867712020874, 0.3680455684661865, 0.3247317969799042, 0.27842891216278076, 0.28436997532844543, 0.32023119926452637, 1334.2294010573457, 939.4550155444568, 2962.0577298677886, 1853.7364062976105, 0.013008313301282052, 0.011589174955219102]"
processed_emodb\11a05Lc.wav,L,"[-231.8901824951172, 131.7747344970703, -15.244545936584473, 60.26911544799805, -5.5735321044921875, 28.22309684753418, 10.246918678283691, 9.9663667678833, -5.987833023071289, -4.946783542633057, 1.8892669677734375, -0.11797003448009491, 0.7484654784202576, 88.9172592163086, 61.267601013183594, 39.9742317199707, 28.50948715209961, 24.642364501953125, 23.238924026489258, 17.0146484375, 16.5826416015625, 14.132386207580566, 10.980741500854492, 13.44506549835205, 10.683333396911621, 10.612448692321777, 0.4233566224575043, 0.4148893654346466, 0.41359129548072815, 0.47133350372314453, 0.5336697697639465, 0.5201048254966736, 0.553213357925415, 0.6133099794387817, 0.6608710885047913, 0.5579952001571655, 0.45189693570137024, 0.39495667815208435, 0.32888561487197876, 0.3283124566078186, 0.31621253490448, 0.3306601941585541, 0.349479615688324, 0.3381946086883545, 0.347902774810791, 0.30869975686073303, 0.3143382966518402, 0.3210960328578949, 0.3227728009223938, 0.30116018652915955, 1041.7380746054498, 881.8443653121594, 2131.3588922674007, 1770.1635024988643, 0.012958873401988636, 0.016185157624769932]"
processed_emodb\14b01Na.wav,N,"[-207.1304473876953, 116.52601623535156, -1.6926723718643188, 66.89131164550781, -12.24869441986084, 19.20538330078125, -9.12680721282959, -1.7789348363876343, -8.360917091369629, -9.082663536071777, -1.235233187675476, -1.9559979438781738, 4.897278308868408, 82.50568389892578, 55.87532043457031, 24.479778289794922, 29.20734977722168, 25.426681518554688, 19.967880249023438, 20.00279426574707, 15.729205131530762, 12.20273494720459, 15.496742248535156, 10.606358528137207, 8.852625846862793, 12.675700187683105, 0.28329896926879883, 0.33160170912742615, 0.405226469039917, 0.4548802077770233, 0.4386545717716217, 0.39403975009918213, 0.3446972370147705, 0.3276384770870209, 0.3535218834877014, 0.41189706325531006, 0.4033494293689728, 0.3378279507160187, 0.293655663728714, 0.3522406220436096, 0.3694845736026764, 0.38300222158432007, 0.37642204761505127, 0.37630337476730347, 0.34956833720207214, 0.3419296443462372, 0.3456464409828186, 0.3688364624977112, 0.33790114521980286, 0.3269898593425751, 1385.3897829276236, 1202.7567661442722, 2665.0733741554054, 1952.8112843759245, 0.05169622747747748, 0.08078194855892754]"
processed_emodb\10a02Na.wav,N,"[-244.33517456054688, 125.61661529541016, -16.953542709350586, 55.20151901245117, -3.3069865703582764, 26.099185943603516, 1.834822177886963, -5.4654436111450195, -16.88619613647461, 1.313209056854248, -0.18477630615234375, 3.850489616394043, 11.934175491333008, 127.97618103027344, 54.907264709472656, 24.103939056396484, 29.86167335510254, 30.483407974243164, 23.63542366027832, 15.73475456237793, 12.622035026550293, 18.9279842376709, 11.220565795898438, 8.560027122497559, 16.139955520629883, 9.435774803161621, 0.48796913027763367, 0.5238016247749329, 0.5831553339958191, 0.5757197141647339, 0.5845880508422852, 0.5717240571975708, 0.5079119801521301, 0.4643048644065857, 0.523739218711853, 0.5879088044166565, 0.5173512101173401, 0.46988093852996826, 0.31741568446159363, 0.3021188974380493, 0.30858758091926575, 0.31927254796028137, 0.3520945906639099, 0.37547585368156433, 0.3516332805156708, 0.3443240225315094, 0.31286555528640747, 0.35526689887046814, 0.3123873770236969, 0.31251245737075806, 1234.0386220920639, 872.5326588308208, 2656.8084716796875, 1773.434728983151, 0.031243218315972224, 0.0343389276619039]"
processed_emodb\14b10Eb.wav,E,"[-235.32003784179688, 111.36561584472656, -15.362604141235352, 60.11687469482422, -6.090382099151611, 27.760896682739258, -16.146259307861328, -1.2154223918914795, -14.513410568237305, -6.267056465148926, 4.835415363311768, -1.883756399154663, 4.804471969604492, 126.01748657226562, 41.2532844543457, 38.874298095703125, 27.005537033081055, 22.76180648803711, 18.536701202392578, 21.234970092773438, 16.3243465423584, 14.096606254577637, 17.77027130126953, 11.419351577758789, 10.70355224609375, 10.226706504821777, 0.3317379951477051, 0.3365253508090973, 0.36034560203552246, 0.3873462677001953, 0.4353867173194885, 0.47024962306022644, 0.5399274826049805, 0.6117537617683411, 0.564072847366333, 0.4505264461040497, 0.34909480810165405, 0.3232077956199646, 0.35344281792640686, 0.34566348791122437, 0.37221625447273254, 0.387685626745224, 0.3891017735004425, 0.37862956523895264, 0.36357417702674866, 0.36073076725006104, 0.35791438817977905, 0.35274946689605713, 0.3291120231151581, 0.3337918221950531, 1251.5993488592198, 975.4853267663411, 2600.574421432783, 1982.96660393332, 0.023615615172955975, 0.02767420675123954]"
processed_emodb\14a07Tc.wav,T,"[-268.2726135253906, 92.5362777709961, 0.7805241942405701, 53.51458740234375, -2.5867769718170166, 28.543365478515625, -4.857756614685059, 2.5913615226745605, -8.206419944763184, -0.4412330985069275, 2.9127871990203857, -8.16241455078125, 5.717623710632324, 116.88216400146484, 44.763702392578125, 27.09754180908203, 23.577041625976562, 26.413650512695312, 18.07848358154297, 21.781784057617188, 14.590707778930664, 14.432218551635742, 13.73951530456543, 6.551281929016113, 11.731925964355469, 9.521854400634766, 0.40488293766975403, 0.42092081904411316, 0.4536237120628357, 0.5140724182128906, 0.5626411437988281, 0.5751574635505676, 0.5784772634506226, 0.5302021503448486, 0.4893694818019867, 0.4706103801727295, 0.42860808968544006, 0.39493250846862793, 0.3442176580429077, 0.3300608992576599, 0.3331282436847687, 0.3531394600868225, 0.35434797406196594, 0.34339824318885803, 0.356569766998291, 0.36619827151298523, 0.3775752782821655, 0.3573017120361328, 0.3321307301521301, 0.3260224163532257, 1772.8031997011333, 1212.945340598912, 3673.8546168550533, 1622.7517230067072, 0.08089885305851063, 0.11218497475109616]"
processed_emodb\09b03Fa.wav,F,"[-273.5617980957031, 74.86986541748047, -60.869327545166016, 29.070899963378906, -25.715618133544922, 7.464344024658203, -7.982387542724609, -13.610310554504395, -10.43936538696289, -0.28449562191963196, -4.743905067443848, -5.821631908416748, 5.047670841217041, 89.30078887939453, 31.830949783325195, 53.138221740722656, 22.706398010253906, 22.717357635498047, 20.784839630126953, 15.466130256652832, 16.359651565551758, 14.893738746643066, 14.720891952514648, 11.58254337310791, 14.664755821228027, 14.278280258178711, 0.2940240800380707, 0.3371913433074951, 0.36551201343536377, 0.3705037236213684, 0.3187192976474762, 0.3464260697364807, 0.3802253007888794, 0.4071250855922699, 0.34409794211387634, 0.29916349053382874, 0.24307337403297424, 0.2058809995651245, 0.34373387694358826, 0.35007569193840027, 0.3597230613231659, 0.3789682388305664, 0.338470995426178, 0.34978970885276794, 0.35123196244239807, 0.38007989525794983, 0.34806138277053833, 0.3491029143333435, 0.31414297223091125, 0.2663571834564209, 1927.4135514807099, 741.7806359291349, 3781.6896326401657, 1354.1105556397233, 0.07118494370404412, 0.04071268173788917]"
processed_emodb\08b03Wd.wav,W,"[-316.5317077636719, 105.21269989013672, -36.10099792480469, 32.52310562133789, -24.378137588500977, 21.23583221435547, -15.192757606506348, 6.716741561889648, -7.598143100738525, -7.6139068603515625, -1.603044033050537, -3.583620309829712, 1.6040209531784058, 110.96820831298828, 38.708736419677734, 54.627254486083984, 30.630779266357422, 27.360034942626953, 18.039955139160156, 21.10200309753418, 12.810495376586914, 14.533929824829102, 17.96089744567871, 8.926796913146973, 10.283024787902832, 11.97864818572998, 0.4364328384399414, 0.444942444562912, 0.5325118899345398, 0.5015661120414734, 0.456330806016922, 0.4462771713733673, 0.4283641576766968, 0.4636629819869995, 0.4671791195869446, 0.4502684473991394, 0.45730525255203247, 0.45729100704193115, 0.3260991871356964, 0.3428940773010254, 0.39067476987838745, 0.3770827353000641, 0.37319135665893555, 0.37401339411735535, 0.37498822808265686, 0.37095117568969727, 0.3726252317428589, 0.35236626863479614, 0.3441208302974701, 0.3280418813228607, 1001.9076975083412, 605.5970504909342, 2172.0395174893465, 1660.947560589226, 0.01047030362215909, 0.018519516307280416]"
processed_emodb\08b09Fd.wav,F,"[-256.02020263671875, 101.46846008300781, -33.315311431884766, 45.15963363647461, -13.306400299072266, 11.631882667541504, -20.506359100341797, 1.0675451755523682, -13.418492317199707, -1.633518934249878, -1.326872706413269, -2.552593946456909, 5.631701946258545, 113.27703094482422, 34.98198699951172, 51.36087417602539, 26.83066749572754, 30.445716857910156, 17.7070369720459, 21.44086456298828, 14.651878356933594, 12.53112506866455, 14.948929786682129, 11.503661155700684, 11.304361343383789, 10.894186973571777, 0.3361583948135376, 0.37399783730506897, 0.3978932499885559, 0.36992111802101135, 0.4127618372440338, 0.45392781496047974, 0.38722407817840576, 0.3805329203605652, 0.32720664143562317, 0.263101726770401, 0.2631526291370392, 0.2991999387741089, 0.3107680082321167, 0.36542776226997375, 0.37452802062034607, 0.3508177101612091, 0.39627885818481445, 0.4167425334453583, 0.36731696128845215, 0.3856106102466583, 0.35970067977905273, 0.313229501247406, 0.3133397698402405, 0.3142073154449463, 1286.3530742119276, 865.672565187088, 2624.000244140625, 1850.8772353740044, 0.029056803385416666, 0.028277485060025136]"
processed_emodb\10b10Fc.wav,F,"[-212.126220703125, 122.6003646850586, -33.6719970703125, 36.34263229370117, -2.6642134189605713, 16.556657791137695, -12.768811225891113, 8.122480392456055, -28.40044403076172, -11.144953727722168, 9.124237060546875, -11.24128246307373, 2.1417300701141357, 90.18244934082031, 42.289215087890625, 34.213687896728516, 26.61916732788086, 28.581911087036133, 19.359800338745117, 19.098560333251953, 13.018555641174316, 16.820016860961914, 13.017157554626465, 16.272884368896484, 13.182747840881348, 10.36614990234375, 0.28280016779899597, 0.3017275631427765, 0.34368768334388733, 0.4275061786174774, 0.4697185754776001, 0.43817779421806335, 0.45950958132743835, 0.43691790103912354, 0.4428347051143646, 0.43914106488227844, 0.3194623291492462, 0.2695826590061188, 0.31969335675239563, 0.3330007791519165, 0.35777217149734497, 0.37217625975608826, 0.3720625340938568, 0.3560025095939636, 0.37717965245246887, 0.369006484746933, 0.3565457761287689, 0.3751441538333893, 0.2879094183444977, 0.29366761445999146, 1348.8865321771843, 848.637729831638, 2744.586181640625, 1659.0654598676908, 0.041086832682291664, 0.030382348428795395]"
processed_emodb\15a02La.wav,L,"[-172.00497436523438, 132.14486694335938, -25.45038604736328, 69.17594146728516, -3.1117002964019775, 32.71381378173828, 3.2407145500183105, 12.262429237365723, -9.416779518127441, -1.5340180397033691, 4.891518592834473, 1.2928259372711182, 5.620909690856934, 67.85477447509766, 41.073204040527344, 22.614377975463867, 26.893165588378906, 35.687339782714844, 18.524538040161133, 11.991584777832031, 13.8756742477417, 12.19044017791748, 10.287835121154785, 10.973762512207031, 8.412240982055664, 8.313617706298828, 0.4337611794471741, 0.4422520399093628, 0.4701533913612366, 0.5085789561271667, 0.6269435882568359, 0.6613947153091431, 0.5621303915977478, 0.46682223677635193, 0.4350242018699646, 0.39267635345458984, 0.3407323658466339, 0.36702069640159607, 0.34252703189849854, 0.3426700234413147, 0.31619182229042053, 0.3235366642475128, 0.3455355167388916, 0.32743069529533386, 0.3112179934978485, 0.33555975556373596, 0.33660992980003357, 0.318622887134552, 0.28032606840133667, 0.2893688380718231, 1161.0512083041601, 743.5789840706469, 2607.8454919763512, 1455.6884267767487, 0.011349239864864864, 0.009992872614233804]"
processed_emodb\12b02Ad.wav,A,"[-193.8195037841797, 127.68962097167969, -31.115385055541992, 71.51229858398438, -33.60771179199219, 29.833147048950195, -10.975231170654297, 15.675540924072266, -14.538162231445312, 0.1674138456583023, 4.1248064041137695, -9.434809684753418, 7.4462690353393555, 70.14224243164062, 47.788291931152344, 27.931596755981445, 33.53839874267578, 23.321327209472656, 21.52151107788086, 14.158947944641113, 9.903314590454102, 13.149744033813477, 11.080511093139648, 13.01708698272705, 11.893787384033203, 7.809023380279541, 0.5378448367118835, 0.5407730340957642, 0.5207321643829346, 0.5064771771430969, 0.4963783919811249, 0.44429734349250793, 0.4100179672241211, 0.37817132472991943, 0.35480114817619324, 0.4164825975894928, 0.45657283067703247, 0.46146711707115173, 0.34109926223754883, 0.29615089297294617, 0.30158132314682007, 0.3210136592388153, 0.32601919770240784, 0.3203151524066925, 0.28919506072998047, 0.30686622858047485, 0.27349740266799927, 0.3045763075351715, 0.30566054582595825, 0.3054032623767853, 1833.4087618108424, 950.1181259666836, 3665.0843669458764, 1371.0279215456442, 0.06564614207474227, 0.047411232416738565]"
processed_emodb\12a07Ac.wav,A,"[-203.37820434570312, 130.7509765625, -35.57747268676758, 66.64753723144531, -25.470134735107422, 20.01885223388672, -15.726279258728027, 15.874276161193848, -21.189678192138672, 0.9415777325630188, 8.262411117553711, -9.85904598236084, 4.889585494995117, 78.37460327148438, 45.61345291137695, 39.16126251220703, 30.323781967163086, 23.56891632080078, 29.28392791748047, 17.56374168395996, 11.634980201721191, 18.62352752685547, 11.388734817504883, 8.75412654876709, 8.965946197509766, 7.667941570281982, 0.3984670341014862, 0.4160519540309906, 0.5029392838478088, 0.6036785840988159, 0.7006258964538574, 0.593858540058136, 0.448554664850235, 0.3575860559940338, 0.2914755642414093, 0.26785290241241455, 0.27395814657211304, 0.3556690812110901, 0.3015536665916443, 0.32749825716018677, 0.3175627589225769, 0.28475841879844666, 0.33543533086776733, 0.3302170932292938, 0.3032669126987457, 0.28164586424827576, 0.24248851835727692, 0.24093233048915863, 0.23462912440299988, 0.30873948335647583, 1576.607332158551, 971.0253909804272, 3193.1385040283203, 1654.0884858349375, 0.03110504150390625, 0.029954855808620243]"
processed_emodb\16a01Lb.wav,L,"[-252.97190856933594, 86.02338409423828, -44.998836517333984, 67.29865264892578, -18.829648971557617, 8.71480655670166, -15.49008846282959, -17.13625144958496, 2.8635363578796387, 2.0653300285339355, 6.531474590301514, -1.702314853668213, -3.8506598472595215, 88.79398345947266, 43.35721969604492, 42.69240951538086, 28.888694763183594, 26.0498046875, 19.137985229492188, 21.66733741760254, 16.777259826660156, 11.558034896850586, 16.135053634643555, 11.668395042419434, 9.115805625915527, 13.35490608215332, 0.4050968289375305, 0.4492785632610321, 0.45103156566619873, 0.46395695209503174, 0.42612698674201965, 0.36171895265579224, 0.34034207463264465, 0.32155653834342957, 0.3173908591270447, 0.4005838632583618, 0.47902345657348633, 0.41901281476020813, 0.3204159736633301, 0.3378796875476837, 0.35672321915626526, 0.3498346209526062, 0.36555325984954834, 0.34546592831611633, 0.35670825839042664, 0.3252269923686981, 0.3149917423725128, 0.33349618315696716, 0.3320143222808838, 0.3056371808052063, 1599.4197506290986, 865.4267138926303, 3330.3056196732955, 1581.197870317141, 0.03509521484375, 0.039878018070401006]"
processed_emodb\12a02Wa.wav,W,"[-233.77662658691406, 107.55500793457031, -44.66653060913086, 49.91633224487305, -30.72827911376953, 5.082216262817383, -11.170675277709961, 6.316388130187988, -17.11615562438965, -4.090025901794434, -5.880243301391602, -7.113829612731934, 4.413197994232178, 117.7582015991211, 41.618629455566406, 48.087711334228516, 34.93458557128906, 29.815813064575195, 25.60166358947754, 19.493080139160156, 13.194808006286621, 17.901634216308594, 11.198866844177246, 13.649425506591797, 11.377963066101074, 10.046110153198242, 0.42112863063812256, 0.3858141005039215, 0.4202394485473633, 0.43569523096084595, 0.49139687418937683, 0.48172542452812195, 0.4505349099636078, 0.4130517840385437, 0.4076090157032013, 0.4554691016674042, 0.4535083770751953, 0.4310838580131531, 0.31653711199760437, 0.31329524517059326, 0.3793143332004547, 0.3542853891849518, 0.36793699860572815, 0.3670080900192261, 0.33624526858329773, 0.3317092955112457, 0.29079926013946533, 0.33025994896888733, 0.3426014184951782, 0.29151588678359985, 1807.5074785455097, 971.004395181841, 3359.0140474759614, 1605.769223827483, 0.07125901442307692, 0.06550212588100353]"
processed_emodb\11b02Td.wav,T,"[-272.6751403808594, 133.3927459716797, -3.7501237392425537, 52.758514404296875, -11.488744735717773, 31.129037857055664, 8.439497947692871, 2.8355700969696045, -11.394140243530273, 1.900870680809021, 10.145487785339355, 3.895820140838623, 3.7841053009033203, 106.82533264160156, 64.34818267822266, 33.03759002685547, 30.132341384887695, 27.386384963989258, 21.357065200805664, 17.571575164794922, 13.526623725891113, 14.681730270385742, 10.817279815673828, 11.420392990112305, 7.314324855804443, 8.56053638458252, 0.3046555519104004, 0.2992044985294342, 0.33945226669311523, 0.4234139323234558, 0.4543446898460388, 0.46645501255989075, 0.5074038505554199, 0.6141380667686462, 0.6723543405532837, 0.6500161290168762, 0.4827932119369507, 0.337746262550354, 0.2852117717266083, 0.2953672707080841, 0.3253875970840454, 0.3649738132953644, 0.32777222990989685, 0.3315703272819519, 0.3429914712905884, 0.3329150080680847, 0.28407397866249084, 0.30682098865509033, 0.29425448179244995, 0.270635187625885, 1182.1041758207662, 1104.8024087193664, 2174.439415564904, 1962.186629764963, 0.03295272435897436, 0.05714437996217848]"
processed_emodb\16b01Lc.wav,L,"[-178.54824829101562, 89.52735137939453, -31.15985870361328, 84.22076416015625, -10.069764137268066, 25.183012008666992, -19.92763328552246, -6.8520283699035645, 0.06678014248609543, -0.10312764346599579, -0.8706042766571045, -8.044419288635254, 2.4668476581573486, 68.19789123535156, 39.1246223449707, 26.59232521057129, 24.53532600402832, 21.80536651611328, 18.194316864013672, 17.506120681762695, 18.530094146728516, 11.490877151489258, 14.159631729125977, 11.704272270202637, 9.534322738647461, 14.2350435256958, 0.2604522407054901, 0.27852949500083923, 0.22565457224845886, 0.2128905951976776, 0.2559089958667755, 0.4547208547592163, 0.5806547403335571, 0.4433378279209137, 0.4347448945045471, 0.4132654666900635, 0.36105844378471375, 0.29363709688186646, 0.30436983704566956, 0.3109573721885681, 0.306117981672287, 0.31760460138320923, 0.31955650448799133, 0.3834928274154663, 0.40561196208000183, 0.3295101523399353, 0.38549402356147766, 0.38842278718948364, 0.36056527495384216, 0.322663813829422, 1475.626212488948, 915.3837520151948, 3301.7242716851633, 1805.8380246164545, 0.014055198598130841, 0.01167818515928504]"
processed_emodb\13b02Wa.wav,W,"[-205.54266357421875, 97.11376953125, -58.05957794189453, 14.569168090820312, -31.893123626708984, 3.7628190517425537, -23.853443145751953, -2.6864864826202393, -20.805728912353516, -6.286877632141113, -4.015953063964844, -0.8437879085540771, -2.1450142860412598, 96.02070617675781, 31.59950065612793, 42.15961456298828, 28.529645919799805, 31.436899185180664, 19.484840393066406, 19.247751235961914, 13.472631454467773, 15.313701629638672, 13.570242881774902, 11.495330810546875, 8.874665260314941, 11.823874473571777, 0.3537392020225525, 0.380155086517334, 0.44381383061408997, 0.49172714352607727, 0.4087963402271271, 0.3639615476131439, 0.29556983709335327, 0.26215142011642456, 0.2587318420410156, 0.2463778406381607, 0.22408567368984222, 0.24898332357406616, 0.34221187233924866, 0.3380548655986786, 0.3749631941318512, 0.36446574330329895, 0.3314242959022522, 0.3629489243030548, 0.3390786051750183, 0.30893492698669434, 0.34203919768333435, 0.32105109095573425, 0.2917417287826538, 0.274070143699646, 1727.8232064519727, 547.7901061077778, 3305.3466796875, 1275.383547555315, 0.07136887770432693, 0.03564074356178011]"
processed_emodb\08a05Fe.wav,F,"[-244.3650665283203, 100.87492370605469, -34.78995132446289, 42.190093994140625, -16.57883071899414, 12.55859375, -18.4689998626709, -2.2446107864379883, -16.20682716369629, -1.3768423795700073, -1.8301317691802979, -8.931406021118164, 1.8727298974990845, 102.20598602294922, 52.7754020690918, 39.655372619628906, 33.819087982177734, 31.31702423095703, 18.363985061645508, 15.231196403503418, 16.165416717529297, 17.177270889282227, 13.289105415344238, 10.170442581176758, 10.191513061523438, 10.140172958374023, 0.36243709921836853, 0.38603511452674866, 0.44258084893226624, 0.3887167274951935, 0.2837247848510742, 0.22438324987888336, 0.213540717959404, 0.260064959526062, 0.27204903960227966, 0.2944178581237793, 0.3337998688220978, 0.3595724403858185, 0.36103513836860657, 0.3424675464630127, 0.3764208257198334, 0.35740455985069275, 0.3039066791534424, 0.2857986390590668, 0.2762303054332733, 0.3217794895172119, 0.30871492624282837, 0.3146986961364746, 0.33653348684310913, 0.37088242173194885, 1790.7638673229444, 1164.7282875362698, 3215.1161307719217, 1769.4508717900799, 0.0834815181902985, 0.08971520974597355]"
processed_emodb\16b09Lb.wav,L,"[-235.696044921875, 94.23285675048828, -27.95391082763672, 66.54975891113281, -15.417535781860352, 5.219326019287109, -16.615568161010742, -2.4489548206329346, 2.9017200469970703, 7.51326322555542, 2.0971741676330566, -4.578717231750488, 0.7459452748298645, 97.15591430664062, 34.28880310058594, 39.01120376586914, 20.958568572998047, 18.848220825195312, 22.256385803222656, 20.915945053100586, 14.609082221984863, 11.409869194030762, 12.715688705444336, 10.347419738769531, 9.755561828613281, 12.522701263427734, 0.2862299084663391, 0.38073262572288513, 0.5284964442253113, 0.536695122718811, 0.41123291850090027, 0.394588828086853, 0.39169108867645264, 0.40167686343193054, 0.35340991616249084, 0.3552444279193878, 0.32831618189811707, 0.2835775911808014, 0.3170364499092102, 0.3489905893802643, 0.37974831461906433, 0.37170901894569397, 0.3518209457397461, 0.38172975182533264, 0.349120557308197, 0.38865697383880615, 0.34820079803466797, 0.3476670980453491, 0.3350553810596466, 0.31557992100715637, 1480.1749152525942, 884.8769959919495, 3213.1283967391305, 1668.7457029969914, 0.023366734601449276, 0.0245289663802637]"
processed_emodb\14b01Ac.wav,A,"[-205.40206909179688, 76.91678619384766, -36.001773834228516, 54.886966705322266, -26.69422721862793, 20.919784545898438, -21.997900009155273, -1.6022063493728638, -10.70851993560791, -6.973036766052246, -1.3364229202270508, -7.1250433921813965, 2.8766367435455322, 84.29436492919922, 48.919654846191406, 31.25389862060547, 23.948293685913086, 24.790407180786133, 18.271066665649414, 15.67617416381836, 16.052631378173828, 10.220612525939941, 12.188765525817871, 11.517637252807617, 8.572737693786621, 11.748952865600586, 0.2616844177246094, 0.29436129331588745, 0.32214075326919556, 0.45771026611328125, 0.6046779751777649, 0.599820077419281, 0.4672624170780182, 0.31886664032936096, 0.2654070258140564, 0.27175217866897583, 0.23532477021217346, 0.2257852852344513, 0.30538851022720337, 0.3403497040271759, 0.347230464220047, 0.3766782581806183, 0.3782634735107422, 0.36860811710357666, 0.38009780645370483, 0.3305886387825012, 0.33286377787590027, 0.3498225808143616, 0.2816457450389862, 0.271686851978302, 1666.6908951023865, 1046.0598580895817, 3544.450514387376, 1864.5994780426786, 0.023452003403465347, 0.019862794498875767]"
processed_emodb\15a05Na.wav,N,"[-234.5801239013672, 122.58029174804688, -25.98991584777832, 74.91590118408203, -7.196517467498779, 22.90403938293457, -0.970680296421051, 10.239753723144531, -14.266046524047852, 0.8149800896644592, 3.732419967651367, 0.38790106773376465, 8.177046775817871, 90.27091217041016, 60.927703857421875, 36.34602737426758, 32.86106491088867, 28.635112762451172, 23.563405990600586, 15.264643669128418, 12.137065887451172, 12.517114639282227, 11.3569917678833, 14.042442321777344, 8.513497352600098, 7.78542423248291, 0.43879666924476624, 0.4416874945163727, 0.49532437324523926, 0.44805049896240234, 0.452521413564682, 0.519239604473114, 0.5625439882278442, 0.5586116313934326, 0.5759247541427612, 0.5770856738090515, 0.5412200093269348, 0.5136203765869141, 0.273510605096817, 0.31628820300102234, 0.35544413328170776, 0.3307592272758484, 0.3327435851097107, 0.3277024030685425, 0.3138217329978943, 0.34607118368148804, 0.35737302899360657, 0.3285428285598755, 0.2740570604801178, 0.3010088801383972, 1175.530663526195, 849.3903904236887, 2674.9820963541665, 1791.7675821095079, 0.006792534722222222, 0.01043487088419824]"
processed_emodb\16b01Wb.wav,W,"[-233.44754028320312, 55.33036422729492, -75.74674987792969, 76.95919036865234, -38.27556610107422, 8.798850059509277, -23.40041160583496, -1.8157658576965332, -5.279303073883057, -9.056219100952148, -6.951148986816406, -0.003997130785137415, 2.792041540145874, 100.8251953125, 42.8593635559082, 54.39026641845703, 28.01739501953125, 25.75311279296875, 20.247533798217773, 16.87496566772461, 17.976016998291016, 16.32369613647461, 17.026958465576172, 14.663043975830078, 10.358209609985352, 12.057692527770996, 0.5031344890594482, 0.5522891283035278, 0.557547926902771, 0.45082709193229675, 0.49454379081726074, 0.4802399277687073, 0.4875170588493347, 0.41017410159111023, 0.40858519077301025, 0.4237115681171417, 0.40789395570755005, 0.4502202272415161, 0.30833810567855835, 0.3160642981529236, 0.3150799870491028, 0.32189565896987915, 0.3573654890060425, 0.31059178709983826, 0.3281383812427521, 0.3661886751651764, 0.3713182806968689, 0.3453296422958374, 0.3216741979122162, 0.3009527921676636, 1783.208279242981, 837.7694384412458, 3713.541312839674, 1553.2678684517168, 0.028082540760869565, 0.03198559742323514]"
processed_emodb\10b01Ea.wav,E,"[-211.18678283691406, 94.7673110961914, -28.501201629638672, 69.21586608886719, -2.2233822345733643, 31.670700073242188, -23.882184982299805, -8.526126861572266, -20.81117820739746, 9.737800598144531, -1.2185462713241577, -5.736643314361572, 10.933499336242676, 90.79322052001953, 53.49150466918945, 34.053199768066406, 26.482418060302734, 28.774377822875977, 23.877540588378906, 16.844188690185547, 15.239337921142578, 14.193255424499512, 13.142206192016602, 10.79460334777832, 10.01233196258545, 9.318156242370605, 0.39253583550453186, 0.4235707223415375, 0.44093459844589233, 0.38017040491104126, 0.3352900743484497, 0.27324938774108887, 0.3042457103729248, 0.3962023854255676, 0.5056279897689819, 0.5645550489425659, 0.45726731419563293, 0.36876440048217773, 0.31034353375434875, 0.3164518475532532, 0.32423409819602966, 0.31269732117652893, 0.3089431822299957, 0.2735300660133362, 0.300101637840271, 0.32405760884284973, 0.3221905827522278, 0.3610205352306366, 0.309781551361084, 0.28798457980155945, 2109.5536635071526, 1299.415067106676, 3938.0674491808254, 1905.746176242158, 0.10757357402912622, 0.10882638230546662]"
processed_emodb\15a07Ac.wav,A,"[-211.10446166992188, 94.81443786621094, -35.6429328918457, 62.90605545043945, -17.671497344970703, 27.492319107055664, -24.039506912231445, 6.748076438903809, -25.054384231567383, -12.428438186645508, -6.212584972381592, -11.38800048828125, 3.718290328979492, 85.30982971191406, 50.14724349975586, 39.911102294921875, 30.75728988647461, 27.240785598754883, 24.358285903930664, 15.401920318603516, 14.911429405212402, 15.262839317321777, 12.343488693237305, 12.081647872924805, 8.415656089782715, 10.086983680725098, 0.2521328926086426, 0.2660932242870331, 0.357827365398407, 0.35239484906196594, 0.3264557421207428, 0.3408567011356354, 0.40438202023506165, 0.5027415752410889, 0.4831845760345459, 0.3396231532096863, 0.26428359746932983, 0.2529231011867523, 0.29279443621635437, 0.27789539098739624, 0.341803640127182, 0.3215338885784149, 0.3248552978038788, 0.32033851742744446, 0.353172242641449, 0.35985299944877625, 0.3505362272262573, 0.31036874651908875, 0.28964507579803467, 0.28169724345207214, 2189.9967277755586, 1220.6219564294347, 4046.171687199519, 1699.9564027565611, 0.11603565705128205, 0.10400084891783327]"
processed_emodb\08b02Wd.wav,W,"[-259.940673828125, 88.73019409179688, -48.50102233886719, 29.89693260192871, -37.094940185546875, 17.42267417907715, -22.789196014404297, 6.281092643737793, -9.5870943069458, -8.615056037902832, -3.357365846633911, -3.2599687576293945, 3.1630187034606934, 131.0328369140625, 46.933292388916016, 48.46326446533203, 33.81375503540039, 34.063201904296875, 15.238399505615234, 23.008058547973633, 15.751130104064941, 13.795183181762695, 16.57530975341797, 12.377765655517578, 11.042908668518066, 13.37753963470459, 0.4608124792575836, 0.47009336948394775, 0.4553067982196808, 0.4172619581222534, 0.3973621726036072, 0.4119928181171417, 0.40167590975761414, 0.39846521615982056, 0.3892785906791687, 0.35013407468795776, 0.3788129985332489, 0.4251859486103058, 0.346270889043808, 0.35179078578948975, 0.34486591815948486, 0.3379599452018738, 0.3405844271183014, 0.3449051082134247, 0.333078533411026, 0.3465857207775116, 0.34805309772491455, 0.309735506772995, 0.33524638414382935, 0.33375659584999084, 2043.133426266908, 1073.1371977537488, 3752.4732232862902, 1847.183230117578, 0.09413747479838709, 0.07332401965765473]"
processed_emodb\14b02Na.wav,N,"[-244.33433532714844, 128.21261596679688, 1.0680969953536987, 46.6421012878418, -23.6832218170166, 23.465248107910156, -10.270132064819336, -4.949759483337402, -11.694697380065918, -12.548749923706055, 6.482830047607422, -3.979429006576538, -2.390777587890625, 82.22349548339844, 45.74324417114258, 33.39917755126953, 29.677490234375, 26.13607406616211, 21.81683349609375, 22.666595458984375, 17.208389282226562, 10.53199291229248, 13.243941307067871, 12.201600074768066, 8.324204444885254, 11.321393966674805, 0.3006649613380432, 0.30132368206977844, 0.38485026359558105, 0.4700566232204437, 0.39166104793548584, 0.3553605079650879, 0.2829403579235077, 0.2957113981246948, 0.372918963432312, 0.3388659358024597, 0.3494219481945038, 0.3241253197193146, 0.30924177169799805, 0.3139447271823883, 0.3268510699272156, 0.37359747290611267, 0.32557573914527893, 0.37884992361068726, 0.34073927998542786, 0.32984036207199097, 0.373712420463562, 0.3010886609554291, 0.3019707500934601, 0.33646735548973083, 1456.7543143845228, 1061.048796328231, 2866.7583984375, 1931.1790734763786, 0.05898046875, 0.06724851585367132]"
processed_emodb\14a05Fb.wav,F,"[-265.11053466796875, 89.99085235595703, -49.15300369262695, 50.43185806274414, -35.5394401550293, 17.38823127746582, -18.073984146118164, -5.159293174743652, -7.566122055053711, -8.270520210266113, -3.262815475463867, -2.7658369541168213, -2.9721643924713135, 117.64310455322266, 51.30276870727539, 45.803646087646484, 27.22136878967285, 40.827178955078125, 20.70646095275879, 17.940732955932617, 19.533977508544922, 10.632126808166504, 12.95142650604248, 13.145930290222168, 10.13817024230957, 14.55572509765625, 0.39131924510002136, 0.4507676064968109, 0.4663875997066498, 0.44479045271873474, 0.42335617542266846, 0.45340752601623535, 0.35004493594169617, 0.31800737977027893, 0.34434568881988525, 0.39825546741485596, 0.4123269319534302, 0.33706846833229065, 0.34543290734291077, 0.3539624512195587, 0.35057511925697327, 0.3604312539100647, 0.33342301845550537, 0.36513856053352356, 0.3244224190711975, 0.31004229187965393, 0.3421614468097687, 0.3414597809314728, 0.3386324942111969, 0.3080545961856842, 1996.224386609115, 1127.201036966534, 3859.1487630208335, 1713.7445755639374, 0.07247902199074074, 0.06910201372669492]"
processed_emodb\11b10Nc.wav,N,"[-240.3292236328125, 142.2176055908203, -18.144495010375977, 64.01978302001953, -6.05510950088501, 17.633302688598633, 2.7746291160583496, 3.538259744644165, -11.690729141235352, -7.552568435668945, -6.500374794006348, -4.511102199554443, -0.27623993158340454, 105.64923095703125, 49.26220703125, 34.95393371582031, 30.121355056762695, 27.205154418945312, 20.740501403808594, 16.75538444519043, 14.383944511413574, 15.82374095916748, 12.890044212341309, 11.84439754486084, 9.309182167053223, 8.724394798278809, 0.4188467562198639, 0.28906017541885376, 0.2348172515630722, 0.2869372069835663, 0.3607925772666931, 0.5021005868911743, 0.5602129101753235, 0.48821234703063965, 0.42632046341896057, 0.42500609159469604, 0.4476318657398224, 0.46350714564323425, 0.34191787242889404, 0.28783875703811646, 0.2567318081855774, 0.27442750334739685, 0.2680482268333435, 0.3355543911457062, 0.3152086138725281, 0.3388233482837677, 0.3045196533203125, 0.32766637206077576, 0.32498663663864136, 0.3286009728908539, 1345.8846314462917, 859.9166166215055, 2758.7075938349185, 1552.875568408648, 0.05699091372282609, 0.06096120375826727]"
processed_emodb\09a04Nb.wav,N,"[-216.13917541503906, 141.775634765625, -36.10428237915039, 54.000831604003906, -17.987646102905273, 26.5246639251709, -3.6336848735809326, -5.644384384155273, -7.7319817543029785, 4.722944736480713, 0.6065080165863037, -8.383588790893555, 3.209092855453491, 101.72344207763672, 49.306251525878906, 39.001644134521484, 29.58808135986328, 26.105838775634766, 19.02769660949707, 25.654460906982422, 17.454566955566406, 11.854329109191895, 12.607894897460938, 8.147482872009277, 10.514751434326172, 13.146467208862305, 0.33363601565361023, 0.3929837942123413, 0.4576151371002197, 0.495261549949646, 0.39854899048805237, 0.396334707736969, 0.5217288136482239, 0.6012866497039795, 0.4575658142566681, 0.3158579170703888, 0.3180534243583679, 0.2915645241737366, 0.3432435393333435, 0.326313316822052, 0.3253253996372223, 0.373974472284317, 0.3348446488380432, 0.3483516275882721, 0.34142646193504333, 0.3521589934825897, 0.3286284804344177, 0.2985868752002716, 0.30642277002334595, 0.2992398738861084, 1441.5007065900677, 960.9640996859155, 2819.171697443182, 1687.619665253625, 0.053806057224025976, 0.061611199045134686]"
processed_emodb\08b09Wa.wav,W,"[-260.4173583984375, 88.0905532836914, -36.01384353637695, 46.411720275878906, -25.185264587402344, 11.304256439208984, -21.044675827026367, 3.7319724559783936, -7.440698623657227, -10.912400245666504, -3.3478810787200928, -4.43186616897583, 1.5182933807373047, 131.4293975830078, 38.99775314331055, 52.05706787109375, 29.998254776000977, 37.53726577758789, 15.244108200073242, 20.534032821655273, 15.572652816772461, 12.510828018188477, 17.831504821777344, 10.938462257385254, 13.679034233093262, 15.910819053649902, 0.39830827713012695, 0.38662299513816833, 0.37967512011528015, 0.3891451060771942, 0.3588692247867584, 0.34280675649642944, 0.35277730226516724, 0.3826044201850891, 0.4135502576828003, 0.35400691628456116, 0.3482618033885956, 0.37906861305236816, 0.34508588910102844, 0.3547324240207672, 0.3578318655490875, 0.3608314096927643, 0.3573686480522156, 0.3563571572303772, 0.3681332468986511, 0.3776157796382904, 0.38981327414512634, 0.3465345501899719, 0.34191855788230896, 0.340591698884964, 1570.8212113018294, 952.5518899450211, 3074.5327469206204, 1857.5397663878473, 0.05034643020072993, 0.04901203102205703]"
processed_emodb\10a04Wa.wav,W,"[-187.21969604492188, 105.77881622314453, -61.920433044433594, 57.54551696777344, -34.49549865722656, 27.868745803833008, -16.43883514404297, 22.659576416015625, -16.31201171875, 1.5527758598327637, 1.8372539281845093, 0.669405460357666, 13.64733600616455, 110.28872680664062, 47.961177825927734, 34.572269439697266, 30.878459930419922, 30.31928825378418, 26.306150436401367, 23.116519927978516, 13.390369415283203, 13.191177368164062, 10.963109970092773, 13.1177978515625, 12.0093355178833, 8.433937072753906, 0.44538426399230957, 0.47387251257896423, 0.5507158041000366, 0.5225839018821716, 0.5639440417289734, 0.5309811234474182, 0.44422104954719543, 0.46450942754745483, 0.5177929997444153, 0.5139306783676147, 0.4780708849430084, 0.46742960810661316, 0.2938561737537384, 0.3222768306732178, 0.35116612911224365, 0.2945209741592407, 0.31264421343803406, 0.31936830282211304, 0.3004269599914551, 0.32982903718948364, 0.3405039310455322, 0.306964635848999, 0.3121543824672699, 0.3103720545768738, 2205.981702476811, 1253.916260745623, 3964.7353753810976, 1898.3685198925962, 0.10353547383130081, 0.09169141286747445]"
processed_emodb\11b02Fd.wav,F,"[-197.21739196777344, 126.42346954345703, -36.98828125, 39.78810119628906, -19.262144088745117, 17.329233169555664, -14.076833724975586, 15.417831420898438, -9.042632102966309, 0.33494868874549866, 1.140915036201477, -10.829801559448242, 1.6957322359085083, 110.19585418701172, 57.80009841918945, 40.540740966796875, 31.09231948852539, 28.621179580688477, 27.263898849487305, 23.30027961730957, 14.857600212097168, 14.49496078491211, 13.42873764038086, 12.47563648223877, 13.41099739074707, 9.623294830322266, 0.3491653800010681, 0.33511513471603394, 0.3573732376098633, 0.398476243019104, 0.4768321216106415, 0.4761327803134918, 0.48421427607536316, 0.477804958820343, 0.5244045257568359, 0.49316632747650146, 0.37141114473342896, 0.3737678825855255, 0.32214927673339844, 0.3307618796825409, 0.3248879015445709, 0.3172001242637634, 0.3550165593624115, 0.34456783533096313, 0.3466598689556122, 0.3515245318412781, 0.3519579768180847, 0.36749985814094543, 0.31407415866851807, 0.32150688767433167, 1606.255504701489, 1208.2794108426488, 2900.76171875, 1932.3013154178811, 0.058680555555555555, 0.061396740487520356]"
processed_emodb\08a07Fd.wav,F,"[-243.61532592773438, 91.57438659667969, -19.505821228027344, 39.388458251953125, -9.208708763122559, 12.221981048583984, -19.425413131713867, 2.4828357696533203, -18.640043258666992, 2.4870917797088623, 1.5928068161010742, -10.041420936584473, 2.0745177268981934, 109.37293243408203, 51.31348419189453, 46.630977630615234, 24.908058166503906, 25.958396911621094, 23.07861328125, 20.966331481933594, 15.454187393188477, 16.152963638305664, 12.54172420501709, 10.779353141784668, 9.36499309539795, 11.15412712097168, 0.2678877115249634, 0.30361154675483704, 0.3113698661327362, 0.2789287567138672, 0.25297796726226807, 0.3028135895729065, 0.32486575841903687, 0.403114378452301, 0.3978286385536194, 0.3878742456436157, 0.3569079339504242, 0.27013474702835083, 0.3304174244403839, 0.3563464879989624, 0.3546026349067688, 0.3539790213108063, 0.3325425088405609, 0.3641003370285034, 0.3597019910812378, 0.39624255895614624, 0.3785193860530853, 0.37890419363975525, 0.357736200094223, 0.2936231791973114, 1618.8940815595072, 1336.8425314336644, 3008.1884765625, 2348.115522498738, 0.06251148897058824, 0.06423284692177543]"
processed_emodb\13a07Wb.wav,W,"[-284.28826904296875, 72.68701934814453, -36.90822219848633, 40.26280212402344, -27.005573272705078, 7.762629508972168, -23.782175064086914, 1.540592074394226, -27.002328872680664, -11.70776081085205, -8.002500534057617, -5.749641418457031, -5.19271183013916, 109.5828857421875, 52.741878509521484, 46.29669189453125, 29.202333450317383, 31.096908569335938, 23.349512100219727, 14.278213500976562, 13.687469482421875, 15.425813674926758, 14.545560836791992, 8.191810607910156, 10.106040954589844, 14.550531387329102, 0.40809106826782227, 0.36731964349746704, 0.2801310122013092, 0.24947310984134674, 0.31028833985328674, 0.3291396200656891, 0.31737804412841797, 0.3617320656776428, 0.3396194875240326, 0.3030971586704254, 0.3357798457145691, 0.3284648656845093, 0.3524416983127594, 0.3470829725265503, 0.288875937461853, 0.24890084564685822, 0.30664414167404175, 0.315242201089859, 0.30601775646209717, 0.3525148928165436, 0.35863813757896423, 0.32840031385421753, 0.35980287194252014, 0.3148933947086334, 2201.4890132445194, 1114.6019171192474, 4144.921875, 1658.3469536076611, 0.11618602519132654, 0.1121253570696281]"
processed_emodb\15a05Lb.wav,L,"[-266.37237548828125, 119.5241470336914, -15.247628211975098, 59.59201431274414, 2.183342933654785, 20.844192504882812, 5.09940242767334, 8.839691162109375, -7.655573844909668, -1.979797601699829, 0.18605324625968933, 2.9614949226379395, 6.007771968841553, 92.55347442626953, 63.09443283081055, 37.77886199951172, 28.50009536743164, 33.4503173828125, 22.520570755004883, 15.626256942749023, 10.664165496826172, 11.318278312683105, 12.02365779876709, 10.569437980651855, 7.920142650604248, 8.555092811584473, 0.4059033691883087, 0.44587233662605286, 0.471935510635376, 0.5225579142570496, 0.5821542739868164, 0.5153052806854248, 0.4722253680229187, 0.45457032322883606, 0.4633951187133789, 0.4463224709033966, 0.4135648012161255, 0.41582220792770386, 0.29502058029174805, 0.28227686882019043, 0.3155410587787628, 0.33619678020477295, 0.3327406942844391, 0.3031136095523834, 0.33433040976524353, 0.3135404884815216, 0.3125993311405182, 0.32819244265556335, 0.2729865312576294, 0.32316017150878906, 1383.823795247122, 1131.0181568975086, 2632.9987639313813, 1954.4512705597078, 0.032991422639860137, 0.04065147876701475]"
processed_emodb\14a05Ac.wav,A,"[-244.70481872558594, 91.16505432128906, -39.73781967163086, 49.34592819213867, -21.891769409179688, 15.64697265625, -15.67129135131836, -2.2704055309295654, -7.983508110046387, -3.4171693325042725, 1.011374831199646, -7.451953887939453, 1.6334649324417114, 97.64948272705078, 43.460899353027344, 41.5813102722168, 23.51289939880371, 33.10527038574219, 20.12087059020996, 16.96861457824707, 15.135900497436523, 11.501333236694336, 12.213956832885742, 9.919567108154297, 11.145834922790527, 12.00623893737793, 0.37165939807891846, 0.4328839182853699, 0.4860469102859497, 0.4935848116874695, 0.46944695711135864, 0.474445104598999, 0.5410187244415283, 0.4764270782470703, 0.3794081509113312, 0.3652087152004242, 0.34682467579841614, 0.34211599826812744, 0.34815818071365356, 0.36053547263145447, 0.3765146732330322, 0.3644305169582367, 0.35576772689819336, 0.35882940888404846, 0.3895947337150574, 0.3892914056777954, 0.364702045917511, 0.37063685059547424, 0.3368685245513916, 0.34126511216163635, 1449.429906669406, 1007.9456351013883, 3029.733845338983, 1775.9530623963346, 0.02915618379237288, 0.03795652620532718]"
processed_emodb\11b10Ld.wav,L,"[-249.59228515625, 129.71804809570312, -5.2834272384643555, 62.34695053100586, 4.711637020111084, 26.41478157043457, 5.107101917266846, 5.2847466468811035, -2.320619821548462, -1.5457441806793213, 3.77317214012146, 4.095506191253662, 1.0442053079605103, 107.72259521484375, 54.91170883178711, 24.762157440185547, 30.396902084350586, 28.970264434814453, 19.147987365722656, 15.135459899902344, 15.374991416931152, 15.469674110412598, 9.863505363464355, 11.275580406188965, 8.043708801269531, 9.506309509277344, 0.39201533794403076, 0.3746243417263031, 0.4062323570251465, 0.45840761065483093, 0.5377161502838135, 0.6130239963531494, 0.5982514023780823, 0.6064090132713318, 0.6083060503005981, 0.5909754037857056, 0.5185682773590088, 0.4491499364376068, 0.32941287755966187, 0.3305547833442688, 0.33380523324012756, 0.3543411195278168, 0.36199823021888733, 0.3764638602733612, 0.3356778919696808, 0.3470170497894287, 0.32407793402671814, 0.34756770730018616, 0.3404673933982849, 0.3210203945636749, 848.5537128547996, 843.7110580462614, 1649.1592407226562, 1697.1563438591336, 0.015160454644097222, 0.028044033648129452]"
processed_emodb\13b10Fa.wav,F,"[-226.49671936035156, 104.83390808105469, -31.02739906311035, 43.13950729370117, -21.864768981933594, 12.638435363769531, -16.81892204284668, 6.867114543914795, -22.34908103942871, -2.9640581607818604, -4.348213195800781, -5.591924667358398, -1.0396910905838013, 102.80912017822266, 26.423351287841797, 44.813228607177734, 28.9998722076416, 22.73163414001465, 13.3679780960083, 19.596832275390625, 12.965909004211426, 16.51958465576172, 13.750619888305664, 10.075328826904297, 9.072993278503418, 8.838386535644531, 0.18387439846992493, 0.23855791985988617, 0.2904549539089203, 0.38361307978630066, 0.47057825326919556, 0.5748456120491028, 0.5054762363433838, 0.3257482945919037, 0.2560361325740814, 0.20681807398796082, 0.15846772491931915, 0.14047206938266754, 0.24270085990428925, 0.30232730507850647, 0.3348555564880371, 0.38153815269470215, 0.3653738498687744, 0.3852820098400116, 0.3741070032119751, 0.3489888906478882, 0.33938735723495483, 0.2984730005264282, 0.2509996294975281, 0.2379773110151291, 1233.7655142248145, 556.4867094530755, 2641.290480090726, 1500.0621427585343, 0.026708459341397848, 0.01991273950142861]"
processed_emodb\10a01Ac.wav,A,"[-250.1498260498047, 94.78388214111328, -43.716556549072266, 62.05787658691406, -10.466352462768555, 41.40967559814453, -11.872566223144531, -0.37143605947494507, -18.10531234741211, 8.707820892333984, 17.129127502441406, 0.3169211149215698, 11.346036911010742, 140.5093994140625, 36.09687805175781, 43.08551788330078, 24.384498596191406, 27.499563217163086, 19.683794021606445, 18.759428024291992, 12.33820915222168, 13.691076278686523, 8.614741325378418, 9.862713813781738, 10.507750511169434, 7.646093368530273, 0.5419846177101135, 0.5487085580825806, 0.5432660579681396, 0.5623807311058044, 0.6510875821113586, 0.6811408400535583, 0.6485171914100647, 0.6381335854530334, 0.5978550910949707, 0.5248350501060486, 0.5350778102874756, 0.5050385594367981, 0.28685495257377625, 0.32122132182121277, 0.31082117557525635, 0.31879380345344543, 0.3363712430000305, 0.3096243143081665, 0.3043150305747986, 0.30445876717567444, 0.3093342185020447, 0.2932965159416199, 0.3040913939476013, 0.27528852224349976, 1745.0032062667422, 1056.7166217428967, 3397.0840245077056, 1906.682808817952, 0.06508855950342465, 0.08900672231027153]"
processed_emodb\16b10Eb.wav,E,"[-252.69789123535156, 91.87675476074219, -44.98737716674805, 59.193416595458984, -12.962088584899902, 16.194732666015625, -25.998756408691406, -4.172994613647461, -20.03119468688965, -9.216379165649414, -2.0113165378570557, -4.705410957336426, -7.109763145446777, 108.32653045654297, 40.167701721191406, 39.535987854003906, 28.32275390625, 22.756006240844727, 20.073387145996094, 19.68451499938965, 15.908323287963867, 16.15479278564453, 15.679017066955566, 12.058442115783691, 7.654469966888428, 12.331572532653809, 0.2667207419872284, 0.24610701203346252, 0.25978314876556396, 0.27192750573158264, 0.3049561083316803, 0.32735565304756165, 0.32366424798965454, 0.367020845413208, 0.4038662612438202, 0.4182429313659668, 0.40935835242271423, 0.30776911973953247, 0.32568690180778503, 0.3154067397117615, 0.33540078997612, 0.3440018594264984, 0.3434024453163147, 0.3426186740398407, 0.3339494466781616, 0.3508600890636444, 0.3578912019729614, 0.35635459423065186, 0.368600994348526, 0.30184733867645264, 1932.9553903138487, 961.8127793524219, 3811.6867833857914, 1467.0504235454016, 0.08188722459532374, 0.08781798614124171]"
processed_emodb\10a07Wb.wav,W,"[-282.2173767089844, 87.36157989501953, -51.00874328613281, 44.68417739868164, -21.546878814697266, 23.206153869628906, -11.850361824035645, 15.302725791931152, -11.253805160522461, -4.014209270477295, -4.293501377105713, -4.062601089477539, 7.4831342697143555, 119.04950714111328, 53.417110443115234, 51.03539276123047, 27.659746170043945, 29.900875091552734, 24.677101135253906, 16.275114059448242, 12.757936477661133, 12.008419036865234, 12.478812217712402, 12.237828254699707, 9.29808235168457, 7.405280113220215, 0.4010041654109955, 0.45689958333969116, 0.48287495970726013, 0.44167277216911316, 0.44023507833480835, 0.5101497173309326, 0.5052933096885681, 0.5047791004180908, 0.4339969754219055, 0.4320566952228546, 0.3410862386226654, 0.3527521789073944, 0.28003737330436707, 0.3205063045024872, 0.2970256209373474, 0.3026321232318878, 0.29650643467903137, 0.32653218507766724, 0.30713576078414917, 0.31535881757736206, 0.29525426030158997, 0.32132309675216675, 0.2532283365726471, 0.27773168683052063, 2419.5486658232367, 1256.7612917269937, 4175.54141773897, 1680.9681311312083, 0.1651999080882353, 0.13750109316621412]"
processed_emodb\16b09Wb.wav,W,"[-290.5300598144531, 55.019981384277344, -73.11431884765625, 59.72428894042969, -44.253631591796875, 1.717705488204956, -9.721311569213867, 0.7521336674690247, -3.7789809703826904, -4.545535087585449, -3.8252482414245605, -1.1858006715774536, 2.8810577392578125, 117.93162536621094, 35.10514831542969, 56.619266510009766, 28.01313018798828, 30.800403594970703, 19.906225204467773, 15.144816398620605, 16.473648071289062, 17.098844528198242, 13.823465347290039, 10.4238920211792, 12.472846984863281, 14.87887191772461, 0.447058767080307, 0.48111581802368164, 0.4758705198764801, 0.5000776648521423, 0.5002977848052979, 0.530692458152771, 0.5412068963050842, 0.5307649970054626, 0.5091765522956848, 0.40091463923454285, 0.4108108878135681, 0.425669401884079, 0.2981121242046356, 0.3384513854980469, 0.3237226605415344, 0.34447190165519714, 0.3597712814807892, 0.3533860743045807, 0.33493706583976746, 0.3442085087299347, 0.36096009612083435, 0.32112154364585876, 0.30549558997154236, 0.29991576075553894, 1726.7903557050595, 843.186629177789, 3421.951006043632, 1486.8672896700111, 0.03668251277515723, 0.0459663970669314]"
processed_emodb\10b01Aa.wav,A,"[-156.90696716308594, 97.99732208251953, -33.425228118896484, 44.24053192138672, -28.74601173400879, 37.07249450683594, -11.330217361450195, 15.030341148376465, -22.144454956054688, -4.127095699310303, 1.4980765581130981, -13.1049165725708, 3.1764092445373535, 81.23979949951172, 45.39771270751953, 31.62529945373535, 25.196945190429688, 21.70528221130371, 18.588512420654297, 13.665619850158691, 9.886370658874512, 12.265034675598145, 13.861842155456543, 10.346674919128418, 12.221918106079102, 10.14069938659668, 0.2887665331363678, 0.30992746353149414, 0.33238983154296875, 0.3250627815723419, 0.30940377712249756, 0.3226662874221802, 0.41948598623275757, 0.5473865270614624, 0.6204752326011658, 0.5503813624382019, 0.45880380272865295, 0.3338327407836914, 0.31111398339271545, 0.3360641300678253, 0.36524704098701477, 0.35010844469070435, 0.32486701011657715, 0.3257436752319336, 0.3504409193992615, 0.35042062401771545, 0.335734099149704, 0.3150835633277893, 0.3550170361995697, 0.314547061920166, 1792.8848751524658, 1103.0806653574043, 3595.56640625, 1875.9149274877157, 0.0373046875, 0.0435947509553482]"
processed_emodb\15b10Ac.wav,A,"[-214.64413452148438, 102.02434539794922, -46.9755973815918, 61.44538879394531, -18.473329544067383, 25.683460235595703, -27.15202522277832, 5.163305282592773, -19.452041625976562, -8.644116401672363, -7.605010986328125, -11.915887832641602, 4.962992191314697, 102.36573028564453, 35.739017486572266, 37.12995147705078, 28.591556549072266, 29.764860153198242, 16.728349685668945, 17.084014892578125, 11.959814071655273, 15.00893783569336, 10.083305358886719, 15.490373611450195, 11.449509620666504, 8.401114463806152, 0.20388612151145935, 0.20181237161159515, 0.2701021730899811, 0.3461504280567169, 0.3457005023956299, 0.4026470482349396, 0.3645811080932617, 0.3201363980770111, 0.3429461717605591, 0.3486472964286804, 0.36679741740226746, 0.29826873540878296, 0.23729538917541504, 0.26935288310050964, 0.3011205792427063, 0.36588194966316223, 0.3150846064090729, 0.35519176721572876, 0.3313126266002655, 0.33992084860801697, 0.3500462770462036, 0.3078610599040985, 0.3476826548576355, 0.3257075548171997, 2008.303405968514, 872.7062015337794, 3937.1504350142045, 1299.06344445312, 0.09279563210227272, 0.08382059169258309]"
processed_emodb\10a04Wb.wav,W,"[-227.46026611328125, 97.86222839355469, -62.20759201049805, 26.755800247192383, -27.925138473510742, 16.574613571166992, -10.406330108642578, 9.557350158691406, -16.939516067504883, -1.1738696098327637, -2.8319613933563232, -3.200152635574341, 4.323666572570801, 143.05731201171875, 47.8967170715332, 56.96230697631836, 34.38016891479492, 28.194976806640625, 20.184734344482422, 17.838260650634766, 14.58328628540039, 14.397093772888184, 12.63382625579834, 11.18491268157959, 8.767264366149902, 9.41604995727539, 0.4703095853328705, 0.5102484226226807, 0.5173494219779968, 0.4165748953819275, 0.4227157235145569, 0.4861067831516266, 0.48091793060302734, 0.42886143922805786, 0.41656431555747986, 0.43067124485969543, 0.4200856685638428, 0.4099677801132202, 0.3184104859828949, 0.3129957318305969, 0.33882635831832886, 0.2888839542865753, 0.292064368724823, 0.32877546548843384, 0.3450234830379486, 0.3285757899284363, 0.32743868231773376, 0.30539366602897644, 0.30584853887557983, 0.2999996542930603, 2162.847461245126, 998.1841182575453, 3761.7688142800635, 1686.5482263242409, 0.1324910996835443, 0.09026065305026496]"
processed_emodb\14a04Ed.wav,E,"[-262.5798034667969, 87.95025634765625, -29.154870986938477, 45.095703125, -17.48009490966797, 30.73542594909668, -17.943485260009766, 1.9703465700149536, -9.142863273620605, -0.2683469355106354, 8.7911376953125, -2.2714617252349854, 2.777968406677246, 125.91195678710938, 40.64152145385742, 45.46087646484375, 24.751657485961914, 28.684383392333984, 17.97123146057129, 22.7535400390625, 14.335816383361816, 15.411103248596191, 14.763118743896484, 13.076053619384766, 9.56435775756836, 12.170780181884766, 0.48143914341926575, 0.38374999165534973, 0.35587236285209656, 0.3846432566642761, 0.39568519592285156, 0.44217726588249207, 0.4804435074329376, 0.4864860773086548, 0.5113200545310974, 0.48333603143692017, 0.5100861191749573, 0.5212008357048035, 0.3322032690048218, 0.34753552079200745, 0.34497976303100586, 0.363167405128479, 0.36761000752449036, 0.37409722805023193, 0.38322603702545166, 0.3660198152065277, 0.3822425603866577, 0.3591815233230591, 0.3414868712425232, 0.32071587443351746, 1427.1349528311084, 942.3867832905468, 3188.02490234375, 2132.8397864039016, 0.017880394345238096, 0.02072586836094661]"
processed_emodb\14b01Fa.wav,F,"[-269.0931091308594, 89.517578125, -29.536422729492188, 56.82217788696289, -16.0330867767334, 16.9777889251709, -19.908203125, -0.7269265055656433, -6.564772605895996, -11.186389923095703, -3.336311101913452, -3.0085039138793945, -0.8266242146492004, 102.88270568847656, 51.737117767333984, 42.287025451660156, 23.95134925842285, 26.446056365966797, 18.22564697265625, 17.311840057373047, 17.43509292602539, 10.04540729522705, 16.928674697875977, 10.902400016784668, 8.873297691345215, 13.879505157470703, 0.35461539030075073, 0.39582863450050354, 0.39608532190322876, 0.37931352853775024, 0.3984185755252838, 0.42851629853248596, 0.39947086572647095, 0.3662908673286438, 0.42412707209587097, 0.40775659680366516, 0.3491092622280121, 0.33505117893218994, 0.34465304017066956, 0.3651282787322998, 0.36376088857650757, 0.3694781959056854, 0.38061901926994324, 0.3799430727958679, 0.36090755462646484, 0.3559121787548065, 0.375814288854599, 0.3624413311481476, 0.32435524463653564, 0.320005863904953, 1444.82076593133, 977.5531815830844, 3054.319969383446, 1920.553416352973, 0.01829075168918919, 0.02065816390929082]"
processed_emodb\08a01Ab.wav,A,"[-234.448974609375, 101.41447448730469, -39.974754333496094, 36.512123107910156, -27.511852264404297, 28.636463165283203, -25.34891128540039, -3.845959424972534, -4.60323429107666, -9.360956192016602, -0.4517434239387512, -2.1771416664123535, -0.8735274076461792, 112.15116119384766, 47.00745391845703, 40.30366134643555, 34.080387115478516, 30.99032211303711, 18.315242767333984, 24.721569061279297, 14.43048095703125, 11.554176330566406, 16.943029403686523, 8.55971908569336, 10.055227279663086, 11.337374687194824, 0.42769351601600647, 0.4336002469062805, 0.46241697669029236, 0.4115424156188965, 0.32639017701148987, 0.30150508880615234, 0.32784026861190796, 0.3634335696697235, 0.3656578063964844, 0.30699363350868225, 0.31410589814186096, 0.3706033229827881, 0.35437875986099243, 0.33641505241394043, 0.37499693036079407, 0.34548240900039673, 0.34595417976379395, 0.33556297421455383, 0.36129623651504517, 0.36775630712509155, 0.38276970386505127, 0.3497724235057831, 0.3137671649456024, 0.31737297773361206, 1705.3969505744287, 1073.1385017234666, 3271.2973022460938, 1619.162684001341, 0.07476806640625, 0.10850902449415534]"
processed_emodb\15a02Wb.wav,W,"[-235.416748046875, 83.9476318359375, -58.04779052734375, 40.145084381103516, -22.058258056640625, 17.833263397216797, -20.02412986755371, 1.7295655012130737, -9.39367389678955, -10.512945175170898, -1.8670505285263062, 2.304576873779297, 4.4102678298950195, 116.47632598876953, 38.86172103881836, 56.00382614135742, 21.715007781982422, 36.66785430908203, 16.344942092895508, 30.56285858154297, 13.494924545288086, 13.79978084564209, 13.830330848693848, 12.451567649841309, 9.490307807922363, 9.464640617370605, 0.41970574855804443, 0.5047441720962524, 0.5849526524543762, 0.5845667123794556, 0.5771613717079163, 0.49656423926353455, 0.4802303910255432, 0.48116806149482727, 0.4159056842327118, 0.39046525955200195, 0.3869236707687378, 0.386115700006485, 0.31679341197013855, 0.29679635167121887, 0.32034188508987427, 0.3389449119567871, 0.3775668442249298, 0.36435893177986145, 0.3596271574497223, 0.3740326464176178, 0.3521220088005066, 0.3396627902984619, 0.32333049178123474, 0.30337417125701904, 1425.6981017811909, 700.291290700482, 3072.484412560096, 1564.1160557922663, 0.024376502403846152, 0.02555140397269503]"
processed_emodb\16b02Lb.wav,L,"[-207.84890747070312, 112.31757354736328, -37.803863525390625, 55.346195220947266, -19.079994201660156, 14.841185569763184, -11.779827117919922, -9.321015357971191, -9.29977798461914, 5.000462532043457, 8.012540817260742, -3.2804620265960693, 1.0430430173873901, 80.20452117919922, 37.97953796386719, 40.964847564697266, 28.264446258544922, 25.329851150512695, 18.284496307373047, 21.16444969177246, 15.223780632019043, 10.645828247070312, 15.402972221374512, 11.129786491394043, 8.722702980041504, 11.275300025939941, 0.33503928780555725, 0.3130883574485779, 0.2957797646522522, 0.34626516699790955, 0.4415796995162964, 0.3910291790962219, 0.34637972712516785, 0.3132080137729645, 0.303005188703537, 0.316773921251297, 0.36822789907455444, 0.3484571874141693, 0.3479657471179962, 0.3623599708080292, 0.33260172605514526, 0.322872132062912, 0.39756959676742554, 0.34629204869270325, 0.36379727721214294, 0.3535604774951935, 0.3418983817100525, 0.34364405274391174, 0.33968326449394226, 0.27786627411842346, 1269.7840178317608, 683.6080310699843, 2755.1513671875, 1618.8667999017482, 0.02587890625, 0.024816190265526568]"
processed_emodb\12a05Ta.wav,T,"[-269.2922668457031, 131.90841674804688, -13.74387264251709, 58.795631408691406, -13.269939422607422, 16.57377052307129, -5.538450717926025, 8.595026016235352, -12.294988632202148, 4.719895362854004, 8.268303871154785, -3.686760187149048, 4.1121978759765625, 127.10755920410156, 55.21467590332031, 36.086082458496094, 32.29252243041992, 23.494922637939453, 18.35003662109375, 17.54239845275879, 15.49267292022705, 16.823326110839844, 10.480545997619629, 11.820308685302734, 10.693255424499512, 7.146737575531006, 0.4308355450630188, 0.4316037893295288, 0.4139575660228729, 0.4577963054180145, 0.5266138911247253, 0.5150587558746338, 0.49445676803588867, 0.5473908185958862, 0.5916847586631775, 0.6443194150924683, 0.571601390838623, 0.46171507239341736, 0.31192460656166077, 0.3321371078491211, 0.33167025446891785, 0.3440023958683014, 0.33506402373313904, 0.32806888222694397, 0.33559897541999817, 0.33470025658607483, 0.3123759925365448, 0.28589025139808655, 0.29114285111427307, 0.273189902305603, 1298.8253691161333, 947.898821740632, 2387.2025923295455, 1684.056285566121, 0.0476761194534632, 0.07189320698577482]"
processed_emodb\15a01Nb.wav,N,"[-200.21644592285156, 137.2886962890625, -41.36723709106445, 64.26271057128906, -12.512883186340332, 27.715723037719727, -1.5602929592132568, 9.304444313049316, -11.022997856140137, 2.747804641723633, 7.706559181213379, 2.020249605178833, 11.182656288146973, 110.23918914794922, 56.605262756347656, 34.32745361328125, 27.997194290161133, 27.745203018188477, 17.06940269470215, 17.558576583862305, 11.23082447052002, 14.368583679199219, 11.34992790222168, 16.86634063720703, 10.790858268737793, 6.239091873168945, 0.4676584005355835, 0.4586363732814789, 0.5094850659370422, 0.541301965713501, 0.5861532092094421, 0.6308169960975647, 0.540142834186554, 0.463434636592865, 0.4606594145298004, 0.5263587236404419, 0.5971866846084595, 0.5421373248100281, 0.2663218379020691, 0.2962060272693634, 0.34529584646224976, 0.34699001908302307, 0.33913302421569824, 0.3182468116283417, 0.3133173882961273, 0.32176297903060913, 0.30139243602752686, 0.2952919602394104, 0.3215118944644928, 0.2650201916694641, 1294.9491000598139, 875.0478321977866, 2729.5609595070423, 1634.094219994286, 0.026346555897887324, 0.022165583811444886]"
processed_emodb\13b01Ec.wav,E,"[-176.7481689453125, 95.03107452392578, -22.52431869506836, 62.98863983154297, -15.673441886901855, 34.0100212097168, -25.65230369567871, 10.941134452819824, -13.606087684631348, -7.291689395904541, -1.048709511756897, -4.972796440124512, 3.0701472759246826, 106.49935913085938, 48.08525466918945, 34.5936393737793, 27.000078201293945, 22.890119552612305, 19.914628982543945, 20.807661056518555, 13.211345672607422, 12.871455192565918, 16.61768913269043, 11.911556243896484, 8.936575889587402, 13.403578758239746, 0.2615854740142822, 0.222761869430542, 0.23890173435211182, 0.28240832686424255, 0.35894614458084106, 0.37293270230293274, 0.34267401695251465, 0.390880286693573, 0.449772447347641, 0.5300527215003967, 0.5029687881469727, 0.37361153960227966, 0.2945181429386139, 0.28976964950561523, 0.30279654264450073, 0.32478126883506775, 0.36209428310394287, 0.3720061779022217, 0.3450879752635956, 0.36022141575813293, 0.3447216749191284, 0.35386350750923157, 0.3470701277256012, 0.3100106716156006, 2050.917923310102, 1311.2986998258746, 3841.7484112639927, 1965.7983577188209, 0.11074874650186567, 0.12722566406469862]"
processed_emodb\09b03Nb.wav,N,"[-211.15109252929688, 132.80979919433594, -21.497220993041992, 50.16965103149414, -16.808635711669922, 24.581405639648438, 0.18252220749855042, -13.25883674621582, -4.501640319824219, -0.11132405698299408, -4.662189483642578, -5.667688846588135, 2.061260938644409, 79.61639404296875, 49.71002960205078, 38.507911682128906, 33.4065055847168, 27.806398391723633, 24.72361946105957, 20.396465301513672, 15.224406242370605, 12.182100296020508, 16.74028205871582, 10.230781555175781, 10.827415466308594, 12.497915267944336, 0.22557583451271057, 0.2887190580368042, 0.33571454882621765, 0.465855211019516, 0.5063974857330322, 0.4786665439605713, 0.49187636375427246, 0.42675095796585083, 0.33282342553138733, 0.2771857976913452, 0.2887660264968872, 0.23295854032039642, 0.2720898389816284, 0.30233266949653625, 0.3058992624282837, 0.36535418033599854, 0.34133604168891907, 0.33560827374458313, 0.36589452624320984, 0.3622475564479828, 0.33570268750190735, 0.3103157877922058, 0.30415984988212585, 0.2695406973361969, 1512.5210878008916, 959.8939550934969, 2992.788973721591, 1752.2533857703747, 0.05638316761363636, 0.054327916312578974]"
processed_emodb\16a05Fc.wav,F,"[-260.1915588378906, 54.592498779296875, -67.86478424072266, 52.08720397949219, -33.38616943359375, 3.2412116527557373, -20.610855102539062, 0.19634509086608887, -7.339421272277832, -10.326484680175781, -5.024181842803955, -6.505294322967529, 3.0428831577301025, 89.3338851928711, 45.553863525390625, 46.048404693603516, 31.581392288208008, 26.279640197753906, 21.893798828125, 15.218619346618652, 18.32825469970703, 12.300230026245117, 13.24582290649414, 9.486568450927734, 11.831538200378418, 11.106843948364258, 0.3577582836151123, 0.347333699464798, 0.3591790795326233, 0.3909890353679657, 0.4429582357406616, 0.4135984182357788, 0.39830031991004944, 0.33029699325561523, 0.2592605948448181, 0.25599220395088196, 0.2893434166908264, 0.3517861068248749, 0.3237816393375397, 0.3365054130554199, 0.3353387117385864, 0.3393299877643585, 0.36688515543937683, 0.347523033618927, 0.34482765197753906, 0.3340415954589844, 0.2967755198478699, 0.30200740694999695, 0.2951655983924866, 0.334730327129364, 2323.4393554962066, 984.9114720321086, 4186.1375075120195, 1450.0788629983456, 0.10875212840544872, 0.08534138137550627]"
processed_emodb\14a01Wc.wav,W,"[-252.73851013183594, 95.51619720458984, -55.89640426635742, 44.692832946777344, -38.668800354003906, 22.45061492919922, -16.552818298339844, 0.740883469581604, -5.098999500274658, -7.954107284545898, 1.2671561241149902, -6.960294723510742, 0.9692949056625366, 141.35557556152344, 40.86692428588867, 57.57582092285156, 28.37357521057129, 36.87265396118164, 22.553110122680664, 17.481525421142578, 13.855724334716797, 13.542699813842773, 12.276394844055176, 11.275077819824219, 10.192214012145996, 14.645282745361328, 0.4251619279384613, 0.5138126015663147, 0.5224688053131104, 0.44511234760284424, 0.4260672926902771, 0.4113892912864685, 0.4122307300567627, 0.4066474437713623, 0.4657094478607178, 0.47040489315986633, 0.46973004937171936, 0.4411872327327728, 0.3339269459247589, 0.3339861333370209, 0.36274203658103943, 0.32060977816581726, 0.3701956272125244, 0.3538939654827118, 0.35452067852020264, 0.3499361276626587, 0.350571870803833, 0.33717024326324463, 0.33465349674224854, 0.33299580216407776, 1849.8208047139997, 1013.1819029430424, 3620.7447725183824, 1635.6280509087676, 0.07822840073529412, 0.09176527776870774]"
processed_emodb\13a04Ac.wav,A,"[-170.125732421875, 116.30986785888672, -29.816741943359375, 57.59016418457031, -27.066553115844727, 36.39922332763672, -14.79632568359375, 13.101665496826172, -8.164900779724121, 1.868182897567749, 2.2172067165374756, -5.368439674377441, 0.8329644203186035, 105.52902221679688, 33.07392120361328, 37.56973648071289, 26.311059951782227, 24.492286682128906, 16.763355255126953, 19.930091857910156, 9.518830299377441, 14.47795581817627, 11.175578117370605, 10.8158597946167, 9.402832984924316, 11.053296089172363, 0.523979663848877, 0.37737029790878296, 0.3116520941257477, 0.29384204745292664, 0.2928878962993622, 0.33554890751838684, 0.33991244435310364, 0.3968965709209442, 0.42107677459716797, 0.4180399179458618, 0.5608765482902527, 0.6273061633110046, 0.3251945674419403, 0.32473304867744446, 0.32554835081100464, 0.35261884331703186, 0.3487671911716461, 0.34979212284088135, 0.3360744118690491, 0.3644718825817108, 0.3737304210662842, 0.34090664982795715, 0.3343881666660309, 0.34145593643188477, 1454.2564507318, 909.9355725246141, 3183.977716619318, 2052.1302331002553, 0.01426373106060606, 0.011473748365754832]"
processed_emodb\16a07La.wav,L,"[-155.21575927734375, 86.6016845703125, -33.1081428527832, 72.65205383300781, -12.330161094665527, 21.758155822753906, -12.191752433776855, -6.903029441833496, -12.924097061157227, -1.3297877311706543, 6.04865837097168, -10.775359153747559, -2.878260612487793, 82.16765594482422, 45.02996826171875, 30.3286190032959, 24.05826187133789, 21.8879451751709, 22.26506996154785, 16.29648780822754, 18.677711486816406, 17.46169662475586, 11.440037727355957, 10.57215404510498, 9.754467964172363, 13.693170547485352, 0.24874387681484222, 0.26744744181632996, 0.2605952024459839, 0.2547116279602051, 0.26544618606567383, 0.32569023966789246, 0.4544403553009033, 0.49871060252189636, 0.5044320225715637, 0.45067253708839417, 0.26010948419570923, 0.21543695032596588, 0.3341825008392334, 0.3455874025821686, 0.3409598171710968, 0.3509562909603119, 0.34052854776382446, 0.3568664789199829, 0.39500758051872253, 0.37411588430404663, 0.38762232661247253, 0.3956161439418793, 0.2894304692745209, 0.28401583433151245, 1786.2980378549607, 1123.3702984009233, 3601.18896484375, 1672.156577741342, 0.05751953125, 0.06369874643329643]"
processed_emodb\13a02Wa.wav,W,"[-253.8917694091797, 103.2962417602539, -56.71778869628906, 35.45012664794922, -13.192526817321777, 14.44094181060791, -25.09136962890625, -1.0305562019348145, -21.254789352416992, -8.574448585510254, 1.789518117904663, 0.2859121561050415, -1.6547623872756958, 102.53732299804688, 32.04415512084961, 46.23043441772461, 27.562881469726562, 32.45546340942383, 22.950647354125977, 19.864089965820312, 12.336594581604004, 11.970858573913574, 12.779480934143066, 12.466262817382812, 8.315614700317383, 11.452997207641602, 0.3743113875389099, 0.4372051954269409, 0.42205822467803955, 0.4207512438297272, 0.5344493985176086, 0.5292010307312012, 0.3617841303348541, 0.33244389295578003, 0.3415691554546356, 0.29386746883392334, 0.25391143560409546, 0.28980565071105957, 0.3294658064842224, 0.345819890499115, 0.3432793617248535, 0.37267282605171204, 0.3627380132675171, 0.3815391957759857, 0.3456350266933441, 0.3624722957611084, 0.3394911587238312, 0.3174826204776764, 0.31042206287384033, 0.30260396003723145, 1557.6816075670279, 685.3432365743517, 2989.227294921875, 1449.9781894045461, 0.04836697048611111, 0.03591992680084613]"
processed_emodb\03b03Wc.wav,W,"[-245.58082580566406, 106.27884674072266, -50.08570861816406, 41.52854537963867, -33.69707107543945, 13.481908798217773, -16.331981658935547, -0.031229041516780853, -19.262054443359375, -8.43588924407959, 2.924769401550293, -10.116780281066895, 1.2846561670303345, 82.08548736572266, 40.66575622558594, 43.65764617919922, 31.940034866333008, 30.31928825378418, 21.86745262145996, 20.4952392578125, 15.846927642822266, 13.163002014160156, 15.272913932800293, 15.007183074951172, 10.650538444519043, 10.639480590820312, 0.384807825088501, 0.2860393822193146, 0.2508566379547119, 0.30354201793670654, 0.35517898201942444, 0.3690102696418762, 0.39427733421325684, 0.42080432176589966, 0.3770694136619568, 0.4132903814315796, 0.4488047957420349, 0.4439464211463928, 0.31646573543548584, 0.2670084238052368, 0.2738064229488373, 0.31128403544425964, 0.32136693596839905, 0.33728718757629395, 0.34240177273750305, 0.35334357619285583, 0.3377743661403656, 0.3524380028247833, 0.3232593238353729, 0.3366209864616394, 1640.9883125939664, 717.9813376999653, 3328.1122046780874, 1443.2034281289039, 0.0386683452560241, 0.02667112441129715]"
processed_emodb\09a07Eb.wav,E,"[-240.67457580566406, 90.16570281982422, -13.172439575195312, 36.77635192871094, -7.054920673370361, 5.551535129547119, -20.963529586791992, 0.7847743630409241, -8.85271167755127, 0.7925803065299988, 2.7938807010650635, -0.24121251702308655, 7.470366477966309, 97.50679016113281, 60.186370849609375, 36.71144485473633, 34.90752410888672, 23.404651641845703, 22.546300888061523, 18.05242156982422, 17.27918243408203, 12.852225303649902, 13.58151912689209, 8.991005897521973, 12.025120735168457, 7.709969520568848, 0.45091941952705383, 0.38645264506340027, 0.3576463460922241, 0.3745414614677429, 0.38150784373283386, 0.42182105779647827, 0.47455114126205444, 0.504643976688385, 0.5164817571640015, 0.5388633012771606, 0.5118038058280945, 0.508599042892456, 0.3157499432563782, 0.33797693252563477, 0.34174537658691406, 0.3699404299259186, 0.363418847322464, 0.37901970744132996, 0.39284348487854004, 0.3903166651725769, 0.38209831714630127, 0.36915817856788635, 0.328054815530777, 0.32967409491539, 1401.17389189452, 878.8236690114915, 2921.2388873922414, 2054.207444751112, 0.03041150323275862, 0.03704940812262761]"
processed_emodb\16b02Eb.wav,E,"[-196.1848907470703, 103.06513214111328, -45.95743179321289, 50.79563522338867, -18.523052215576172, 26.290369033813477, -21.948833465576172, -1.650111198425293, -15.67706298828125, -1.1483144760131836, 2.241744041442871, -1.2145572900772095, -3.527589797973633, 98.4083480834961, 49.82992935180664, 38.66346740722656, 32.192604064941406, 21.04035186767578, 22.296833038330078, 19.62068748474121, 16.693647384643555, 12.861408233642578, 15.532328605651855, 11.311951637268066, 8.887727737426758, 11.761472702026367, 0.29672878980636597, 0.30070358514785767, 0.26347675919532776, 0.2838209867477417, 0.2705295979976654, 0.28279945254325867, 0.30885621905326843, 0.4242192804813385, 0.5057986378669739, 0.4305025041103363, 0.36749520897865295, 0.30466023087501526, 0.32079583406448364, 0.35096320509910583, 0.2926754057407379, 0.3300069570541382, 0.34186214208602905, 0.3414068818092346, 0.33518919348716736, 0.37876325845718384, 0.387808233499527, 0.35405299067497253, 0.3484634459018707, 0.3129231333732605, 1693.9024483672652, 953.5528902309422, 3344.903530732044, 1843.5088607638306, 0.06048482821132597, 0.046473575027589]"
processed_emodb\13b09Na.wav,N,"[-208.0188446044922, 116.20550537109375, -11.042961120605469, 56.53810119628906, -5.606339931488037, 17.070144653320312, -11.769820213317871, 1.7892429828643799, -10.928766250610352, -6.2719645500183105, -0.2064274102449417, 2.518395185470581, -2.846869945526123, 82.51922607421875, 35.44145202636719, 30.73151969909668, 24.542526245117188, 20.92779541015625, 19.181562423706055, 15.32685661315918, 14.477071762084961, 12.900995254516602, 14.600981712341309, 10.24805736541748, 8.826712608337402, 12.608147621154785, 0.31845545768737793, 0.2996438145637512, 0.268419086933136, 0.28325155377388, 0.31034716963768005, 0.34781768918037415, 0.38802027702331543, 0.41012370586395264, 0.4879089593887329, 0.4464028477668762, 0.363028883934021, 0.35415077209472656, 0.3414357304573059, 0.3514915704727173, 0.3404186964035034, 0.34978020191192627, 0.36515337228775024, 0.3799649477005005, 0.38778063654899597, 0.3525089621543884, 0.39815351366996765, 0.3787609934806824, 0.3279798924922943, 0.3699359595775604, 1028.739896041306, 749.0697048603791, 2263.9564251077586, 1787.8990705573722, 0.012219659213362068, 0.00895504057770724]"
processed_emodb\03b02Tb.wav,T,"[-299.3033752441406, 114.38514709472656, -0.3865806758403778, 49.76585388183594, -10.007874488830566, 27.838716506958008, -2.3208091259002686, 4.390251636505127, -3.376697063446045, 7.908505439758301, 6.891891956329346, 1.10990309715271, 8.31194019317627, 149.39248657226562, 55.47956848144531, 35.42482376098633, 31.974639892578125, 27.900794982910156, 17.64386558532715, 21.58436393737793, 12.132762908935547, 12.73341178894043, 10.20424747467041, 10.23470687866211, 10.230117797851562, 8.123647689819336, 0.5380175709724426, 0.5246654748916626, 0.5458142757415771, 0.5696569681167603, 0.6054909229278564, 0.6508888602256775, 0.7050811648368835, 0.6857417821884155, 0.6309051513671875, 0.5879325270652771, 0.5485680103302002, 0.5007957816123962, 0.33297595381736755, 0.33435896039009094, 0.363937109708786, 0.3617077171802521, 0.3451460003852844, 0.335075706243515, 0.3360491096973419, 0.31071820855140686, 0.3120766580104828, 0.2995881140232086, 0.30290576815605164, 0.2885179817676544, 1006.8041456201505, 997.7600540284105, 1903.8372057055994, 1894.7418693977208, 0.02021616940045249, 0.04013972256328444]"
processed_emodb\08a07Wc.wav,W,"[-293.59283447265625, 72.37650299072266, -47.21232986450195, 38.444862365722656, -40.20907211303711, 18.926820755004883, -22.825515747070312, 2.850689649581909, -17.36023712158203, -12.544110298156738, -8.2928466796875, -13.29938793182373, -2.6051156520843506, 132.24452209472656, 36.322322845458984, 59.93893814086914, 22.1887264251709, 36.86903381347656, 19.713993072509766, 18.797300338745117, 12.87242603302002, 14.508819580078125, 17.91883659362793, 10.429214477539062, 11.609012603759766, 14.035914421081543, 0.3101573586463928, 0.28015705943107605, 0.2885899841785431, 0.3296531140804291, 0.303449422121048, 0.2840356230735779, 0.3126102387905121, 0.3522784411907196, 0.4520147144794464, 0.48443230986595154, 0.4335653781890869, 0.37919995188713074, 0.35861364006996155, 0.32824382185935974, 0.3267507255077362, 0.33870649337768555, 0.31463953852653503, 0.32858458161354065, 0.3290088474750519, 0.35652533173561096, 0.377125084400177, 0.38599005341529846, 0.36937326192855835, 0.3610098659992218, 2113.341980885203, 1079.6161282728165, 3985.5491638183594, 1879.462750667855, 0.10399881998697917, 0.09025277435377936]"
processed_emodb\03b03Tc.wav,T,"[-326.86114501953125, 125.93257904052734, 2.9735546112060547, 43.434627532958984, -7.021328926086426, 16.437204360961914, 4.257363796234131, 2.775695562362671, -8.794164657592773, 3.219578981399536, 7.054963111877441, -0.5637263059616089, 2.8532233238220215, 137.165283203125, 62.785888671875, 28.993484497070312, 34.53178024291992, 23.810840606689453, 16.478017807006836, 14.538117408752441, 12.558009147644043, 14.33774471282959, 10.986205101013184, 12.56264591217041, 11.486021995544434, 8.980547904968262, 0.48207029700279236, 0.48555800318717957, 0.5606197118759155, 0.6365174651145935, 0.5666723251342773, 0.5760456919670105, 0.6271517276763916, 0.6949423551559448, 0.7172455191612244, 0.6095079779624939, 0.5048266649246216, 0.48123204708099365, 0.3010351061820984, 0.3384212553501129, 0.33814504742622375, 0.3339177072048187, 0.3210996687412262, 0.32877272367477417, 0.3257404863834381, 0.29290810227394104, 0.2675558030605316, 0.25447550415992737, 0.2815851867198944, 0.29783734679222107, 1090.5333905293053, 901.9896299137956, 1893.8875289983625, 1625.5966143951725, 0.03826078056768559, 0.05762942519302194]"
processed_emodb\12a02Ac.wav,A,"[-164.640625, 115.0216293334961, -32.94209671020508, 56.00588607788086, -28.20891761779785, 19.680940628051758, -10.65699577331543, 10.71537971496582, -15.917830467224121, -1.669931411743164, 1.734198808670044, -7.530259132385254, 4.126166343688965, 98.43108367919922, 40.7575569152832, 30.510080337524414, 36.74065399169922, 25.509235382080078, 19.082216262817383, 17.73423957824707, 10.216463088989258, 15.245376586914062, 9.326664924621582, 11.352725982666016, 10.120433807373047, 7.508471488952637, 0.4669393002986908, 0.42535504698753357, 0.4459058344364166, 0.4514569044113159, 0.5273404121398926, 0.5540708899497986, 0.5153563618659973, 0.4777637720108032, 0.38500669598579407, 0.3532297611236572, 0.374584436416626, 0.46409177780151367, 0.35879719257354736, 0.3020968437194824, 0.3286401033401489, 0.3019845187664032, 0.3316543698310852, 0.3231523931026459, 0.3023416996002197, 0.27047377824783325, 0.27369436621665955, 0.3004320561885834, 0.3048627972602844, 0.35057178139686584, 1863.1334572993355, 852.2988571411761, 3614.734117040094, 1230.7063829595163, 0.07604289504716981, 0.06655857180650482]"
processed_emodb\09a05Lc.wav,L,"[-238.41160583496094, 121.81480407714844, -20.70826530456543, 66.18272399902344, -16.685932159423828, 19.13289451599121, -0.3295597434043884, -1.4502661228179932, -4.814316749572754, 3.367176055908203, 1.0189330577850342, -5.978229522705078, 9.12863826751709, 76.84352111816406, 60.89815902709961, 35.51876449584961, 30.299894332885742, 27.528047561645508, 18.618087768554688, 18.60239028930664, 20.50381088256836, 11.917156219482422, 12.725489616394043, 10.761269569396973, 10.494518280029297, 12.346433639526367, 0.3131723403930664, 0.4866214394569397, 0.46166563034057617, 0.38500910997390747, 0.3669555187225342, 0.3939553499221802, 0.42636510729789734, 0.4536469280719757, 0.4337673783302307, 0.2956245243549347, 0.25666236877441406, 0.24853405356407166, 0.28373831510543823, 0.3733122944831848, 0.34691348671913147, 0.3515353500843048, 0.34749847650527954, 0.35650771856307983, 0.36028122901916504, 0.3798307180404663, 0.39049074053764343, 0.2907601594924927, 0.2895868420600891, 0.2734096646308899, 1419.7599867866395, 1050.5293111433575, 2864.210991010274, 1877.4862747798684, 0.037888618364726026, 0.04566990120818537]"
processed_emodb\15a01Wa.wav,W,"[-246.6881866455078, 76.8792495727539, -64.4216079711914, 39.954811096191406, -33.826778411865234, 22.571435928344727, -25.70944595336914, 4.03146505355835, -5.571981430053711, -4.7774739265441895, 0.10321907699108124, 1.1386467218399048, 5.868798732757568, 134.61016845703125, 38.0317497253418, 55.50177001953125, 28.293846130371094, 39.577964782714844, 18.288793563842773, 23.540592193603516, 11.48027229309082, 13.848884582519531, 15.922138214111328, 12.535943984985352, 11.150731086730957, 9.46142578125, 0.43149277567863464, 0.5594363808631897, 0.5930941700935364, 0.5345593690872192, 0.5120071768760681, 0.529017984867096, 0.4909025728702545, 0.5183534026145935, 0.5528818368911743, 0.4809410572052002, 0.3819153308868408, 0.3891109526157379, 0.29360607266426086, 0.32788947224617004, 0.3260701894760132, 0.3513905704021454, 0.35322830080986023, 0.36051231622695923, 0.35037660598754883, 0.36944079399108887, 0.3740023374557495, 0.34623101353645325, 0.32079803943634033, 0.28958582878112793, 1645.7382765727775, 948.3343582610247, 3299.4863775712024, 1788.6328016503487, 0.04017503955696203, 0.04878786764530359]"
processed_emodb\11b02Ab.wav,A,"[-195.62060546875, 116.80155181884766, -20.436840057373047, 55.230464935302734, -25.082374572753906, 23.29365348815918, -4.7425994873046875, 7.5155158042907715, -5.540731906890869, -0.563931941986084, 2.575108051300049, -6.774286270141602, 2.5577123165130615, 91.78217315673828, 55.594844818115234, 34.098365783691406, 30.638578414916992, 22.32956886291504, 28.622182846069336, 19.82864761352539, 13.350215911865234, 13.46996021270752, 9.631528854370117, 12.52452278137207, 11.002325057983398, 8.593345642089844, 0.39701417088508606, 0.43369489908218384, 0.4946422874927521, 0.5372412204742432, 0.5220310688018799, 0.5258782505989075, 0.48108482360839844, 0.43698886036872864, 0.3714918792247772, 0.38776934146881104, 0.3383333683013916, 0.33875539898872375, 0.33977779746055603, 0.29815763235092163, 0.3495909571647644, 0.33244436979293823, 0.3282722234725952, 0.3426939845085144, 0.3170851469039917, 0.3488335609436035, 0.3323531448841095, 0.32710644602775574, 0.2988239526748657, 0.3130577802658081, 1583.147661297997, 1096.9451277644814, 3134.7757975260415, 1792.4790862019884, 0.038777669270833336, 0.03820059707484551]"
processed_emodb\03b01Nb.wav,N,"[-243.54103088378906, 130.34103393554688, -26.120067596435547, 64.10037994384766, 6.3635454177856445, 16.014514923095703, -12.742525100708008, -3.4406116008758545, -13.795731544494629, 0.19797955453395844, 0.6740694642066956, -10.198248863220215, 0.11981995403766632, 104.88884735107422, 64.42599487304688, 35.851165771484375, 30.400285720825195, 31.961557388305664, 24.983129501342773, 17.840808868408203, 18.46021842956543, 16.099960327148438, 12.431434631347656, 11.97496509552002, 11.85212230682373, 12.95565128326416, 0.3607731759548187, 0.3872899115085602, 0.4975229799747467, 0.4935859143733978, 0.38395336270332336, 0.32020506262779236, 0.3573565185070038, 0.49591463804244995, 0.5352104902267456, 0.4516052305698395, 0.34463945031166077, 0.3226936459541321, 0.35017603635787964, 0.3006882965564728, 0.33812397718429565, 0.32329046726226807, 0.3276515007019043, 0.29112786054611206, 0.27540478110313416, 0.33171170949935913, 0.3383965492248535, 0.3157445788383484, 0.27898797392845154, 0.3007863461971283, 1565.0455528704822, 1193.4107852384927, 2866.0066178701454, 1815.1932969049953, 0.08328276699029126, 0.10204246037106142]"
processed_emodb\15b09La.wav,L,"[-238.70196533203125, 129.05429077148438, -20.30143165588379, 61.76508331298828, 6.804218292236328, 25.822908401489258, 3.059880256652832, 12.310185432434082, -6.622805595397949, -1.5456194877624512, 5.672792911529541, 3.3852992057800293, 4.380405426025391, 85.7914047241211, 48.80535888671875, 26.708070755004883, 20.81722640991211, 28.665483474731445, 17.697776794433594, 14.42514419555664, 10.400635719299316, 12.675734519958496, 10.695002555847168, 11.674835205078125, 9.489267349243164, 8.997270584106445, 0.3541736602783203, 0.40751543641090393, 0.466846227645874, 0.5486571192741394, 0.644443154335022, 0.6689505577087402, 0.5677958726882935, 0.5136083960533142, 0.47886157035827637, 0.4384382963180542, 0.3918314576148987, 0.35948503017425537, 0.31107139587402344, 0.33587998151779175, 0.354798287153244, 0.36881545186042786, 0.34629395604133606, 0.33127930760383606, 0.31795191764831543, 0.3431363105773926, 0.33233407139778137, 0.3522326648235321, 0.3322448134422302, 0.30352044105529785, 919.2350555368188, 682.3387402860966, 1967.1897833295864, 1533.4180221054567, 0.00918249775179856, 0.01033262198659522]"
processed_emodb\16a04La.wav,L,"[-231.62664794921875, 115.73326873779297, -43.36201477050781, 58.54476547241211, -10.223031044006348, 23.684654235839844, -11.181578636169434, -15.206125259399414, -7.056351184844971, 4.586866855621338, 7.773193836212158, -8.91702938079834, 1.4621142148971558, 97.66694641113281, 45.020660400390625, 41.869659423828125, 36.9747200012207, 24.70506477355957, 13.118292808532715, 18.325511932373047, 18.12275505065918, 11.031861305236816, 11.775540351867676, 13.200477600097656, 8.685562133789062, 11.082754135131836, 0.28760549426078796, 0.3172164559364319, 0.5064743757247925, 0.5940973162651062, 0.5301279425621033, 0.4559367895126343, 0.4323420822620392, 0.37847983837127686, 0.34979572892189026, 0.29372504353523254, 0.30621787905693054, 0.2984974682331085, 0.3179168999195099, 0.31061023473739624, 0.3568062484264374, 0.37312188744544983, 0.35082343220710754, 0.3570859730243683, 0.380839079618454, 0.3581341505050659, 0.3524053394794464, 0.26886600255966187, 0.28183263540267944, 0.32230815291404724, 1274.3131534484503, 715.7710133781471, 2596.586192737926, 1542.7174444524494, 0.025645862926136364, 0.03104375728868488]"
processed_emodb\13b01Wa.wav,W,"[-225.28428649902344, 92.9434814453125, -47.71684265136719, 41.84580993652344, -19.90612030029297, 12.382555961608887, -33.87591552734375, -2.0886752605438232, -20.612302780151367, -12.510640144348145, -4.935421943664551, -1.6901681423187256, -3.0157206058502197, 104.53736114501953, 45.02951431274414, 38.92916488647461, 26.551158905029297, 23.108095169067383, 17.92011070251465, 17.514686584472656, 16.05466079711914, 13.180940628051758, 15.457331657409668, 12.147456169128418, 10.422698974609375, 11.70429801940918, 0.2619672417640686, 0.3697655200958252, 0.36831390857696533, 0.3004307448863983, 0.33422717452049255, 0.3135361969470978, 0.3653932511806488, 0.334927499294281, 0.29097241163253784, 0.22991520166397095, 0.23036983609199524, 0.2533615231513977, 0.30535316467285156, 0.3683113753795624, 0.35604310035705566, 0.3196399509906769, 0.3751600980758667, 0.32155418395996094, 0.37681183218955994, 0.3673914670944214, 0.3401542901992798, 0.28440675139427185, 0.3064398169517517, 0.31610533595085144, 1911.5458023090011, 1022.7255034066653, 3556.530384181701, 1577.5886444100927, 0.10397873711340207, 0.09969637708898307]"
processed_emodb\09a04Wa.wav,W,"[-285.4663391113281, 94.0263442993164, -59.662193298339844, 37.54407501220703, -10.127367973327637, 10.83138656616211, -9.37434196472168, -8.385873794555664, -4.813124656677246, -2.5300774574279785, 0.3520672917366028, -0.37315744161605835, 1.3313310146331787, 97.83385467529297, 25.651586532592773, 66.57672119140625, 22.81327247619629, 26.510536193847656, 15.582709312438965, 17.46169662475586, 17.78460121154785, 13.559454917907715, 15.799222946166992, 8.34968090057373, 8.989985466003418, 12.872990608215332, 0.6070660352706909, 0.5725592374801636, 0.49985527992248535, 0.4529697000980377, 0.43313050270080566, 0.38007649779319763, 0.43338292837142944, 0.4491465985774994, 0.4232996106147766, 0.44829726219177246, 0.4844109117984772, 0.5552566051483154, 0.30866363644599915, 0.3366512656211853, 0.33239006996154785, 0.3536163866519928, 0.36147835850715637, 0.3489799201488495, 0.3478841781616211, 0.3469143211841583, 0.3389301002025604, 0.31782957911491394, 0.29378998279571533, 0.3070501983165741, 1222.1823222974722, 588.1184013708737, 2574.1598510742188, 1329.9054186985186, 0.016162109375, 0.02849902362154872]"
processed_emodb\14a05Aa.wav,A,"[-213.1336669921875, 96.3109130859375, -30.866374969482422, 52.3604736328125, -25.928464889526367, 24.50761604309082, -18.8067684173584, -1.1418105363845825, -11.789017677307129, -7.071315765380859, 1.2904367446899414, -5.584724426269531, 4.4996442794799805, 65.1761474609375, 51.99691390991211, 28.372922897338867, 26.304731369018555, 27.38417625427246, 21.292102813720703, 15.255650520324707, 16.07466697692871, 10.471250534057617, 13.278712272644043, 11.544855117797852, 8.157930374145508, 12.972254753112793, 0.5029969215393066, 0.3566663861274719, 0.2844034731388092, 0.24985738098621368, 0.24785086512565613, 0.2625638544559479, 0.2732340395450592, 0.29200050234794617, 0.3785841166973114, 0.4461711049079895, 0.510997474193573, 0.5768133997917175, 0.36097443103790283, 0.31638938188552856, 0.3149416446685791, 0.28796467185020447, 0.2821893095970154, 0.32726436853408813, 0.32652655243873596, 0.321201890707016, 0.3585032522678375, 0.3639305830001831, 0.32279908657073975, 0.3253634572029114, 2022.9716344453143, 1232.2307132045275, 3930.8670043945312, 1708.5405274662783, 0.09328787667410714, 0.09491020546430583]"
processed_emodb\16b02Fd.wav,F,"[-215.5108184814453, 75.77863311767578, -72.0173110961914, 52.689369201660156, -35.90288162231445, 12.66508674621582, -12.40108585357666, 1.677681565284729, -11.208149909973145, -4.384067058563232, 2.1273624897003174, -4.063080787658691, 1.8806489706039429, 70.99984741210938, 39.83900833129883, 43.98767852783203, 26.47550392150879, 26.292490005493164, 21.456539154052734, 17.899703979492188, 17.884029388427734, 14.713680267333984, 15.49123477935791, 9.515447616577148, 9.214886665344238, 12.44360637664795, 0.417382150888443, 0.4107588827610016, 0.4071473777294159, 0.473885715007782, 0.4675009250640869, 0.42602789402008057, 0.46299469470977783, 0.48195070028305054, 0.4395953416824341, 0.3902689516544342, 0.37075987458229065, 0.3729134202003479, 0.34586212038993835, 0.32041141390800476, 0.3285806179046631, 0.3571252226829529, 0.3552006185054779, 0.3421158194541931, 0.3582741916179657, 0.37140780687332153, 0.34767740964889526, 0.35542768239974976, 0.3411152958869934, 0.30570554733276367, 1499.442485238193, 552.5841086947395, 3446.0865693933824, 1347.8602218031685, 0.017249412785947712, 0.025852719467848645]"
processed_emodb\13b02Lc.wav,L,"[-233.91806030273438, 114.50516510009766, 6.007465362548828, 45.949378967285156, -16.17690086364746, 21.898616790771484, 3.282111883163452, 3.805699348449707, -4.553712368011475, -5.1502885818481445, 1.837602138519287, 2.662482500076294, -0.7479057908058167, 81.64022827148438, 45.178035736083984, 35.845149993896484, 26.42070198059082, 25.871234893798828, 22.73379898071289, 20.344810485839844, 14.972509384155273, 12.860387802124023, 13.065766334533691, 13.443000793457031, 7.745622158050537, 13.081659317016602, 0.3872673511505127, 0.4118933379650116, 0.38733530044555664, 0.3735048174858093, 0.43614885210990906, 0.41768646240234375, 0.3339744806289673, 0.36721110343933105, 0.3642544746398926, 0.2630869746208191, 0.2474004626274109, 0.2853497266769409, 0.357798308134079, 0.3800922930240631, 0.35400646924972534, 0.3478986918926239, 0.3842373490333557, 0.3942342698574066, 0.36169829964637756, 0.3894399404525757, 0.37049028277397156, 0.2979450523853302, 0.284714937210083, 0.2977924644947052, 1033.4318689239042, 951.6354865458705, 2096.7300042873476, 1870.1398096392081, 0.020210080030487805, 0.030512195228156746]"
processed_emodb\03a02Nc.wav,N,"[-233.28443908691406, 138.73284912109375, -20.54726219177246, 55.269718170166016, -2.502534866333008, 17.11141586303711, -9.539911270141602, -1.1629931926727295, -14.150465965270996, -1.8022211790084839, 4.10981559753418, -5.112770080566406, 6.567960739135742, 110.25568389892578, 53.992069244384766, 32.697933197021484, 35.670326232910156, 30.773717880249023, 21.78155517578125, 22.44329261779785, 15.259989738464355, 13.98460578918457, 10.691983222961426, 11.03200912475586, 12.715801239013672, 9.217702865600586, 0.5352492928504944, 0.6615167260169983, 0.568069338798523, 0.44649258255958557, 0.44428175687789917, 0.4687441885471344, 0.48288843035697937, 0.5114256739616394, 0.5230472087860107, 0.462395042181015, 0.38168036937713623, 0.41295483708381653, 0.30733445286750793, 0.29247036576271057, 0.317136287689209, 0.35409441590309143, 0.3779192864894867, 0.3900259733200073, 0.37977513670921326, 0.3190779387950897, 0.3146643340587616, 0.3313702940940857, 0.3109024167060852, 0.3192763924598694, 1224.5805278639148, 821.2728025336653, 2479.052734375, 1721.1366860206797, 0.027886284722222224, 0.02985477992940889]"
processed_emodb\11b03Lc.wav,L,"[-267.2575988769531, 143.4644775390625, -12.727511405944824, 49.24444580078125, -15.038298606872559, 17.255578994750977, 15.251103401184082, -0.11545670032501221, -10.991924285888672, 1.2234469652175903, 0.5954491496086121, 0.41850557923316956, 0.7747462391853333, 78.2786865234375, 59.99217987060547, 33.41666030883789, 27.547054290771484, 29.459510803222656, 24.28887367248535, 17.736129760742188, 11.910497665405273, 12.736030578613281, 10.893592834472656, 11.354928970336914, 10.049154281616211, 10.823119163513184, 0.37095925211906433, 0.347320556640625, 0.34936556220054626, 0.3284270465373993, 0.32595789432525635, 0.3800869882106781, 0.42106351256370544, 0.5189235806465149, 0.5359976887702942, 0.5284732580184937, 0.48143473267555237, 0.42755091190338135, 0.299015074968338, 0.3024393916130066, 0.2758195400238037, 0.28369325399398804, 0.28118380904197693, 0.3306240141391754, 0.32209011912345886, 0.35415056347846985, 0.2940114736557007, 0.31904909014701843, 0.32635894417762756, 0.31640756130218506, 1393.1842371655414, 1048.8077790344862, 2618.3029174804688, 1758.5981217920325, 0.06438191731770833, 0.07652685734371185]"
processed_emodb\10b02Wb.wav,W,"[-255.57028198242188, 98.38297271728516, -48.448585510253906, 36.022377014160156, -22.28740882873535, 11.795994758605957, -7.812155723571777, 9.40710735321045, -18.718093872070312, -4.202096462249756, 2.2930171489715576, -4.007734298706055, 6.895330429077148, 97.59819030761719, 50.73928451538086, 49.29152297973633, 36.69472122192383, 26.528974533081055, 21.221149444580078, 19.409107208251953, 11.887612342834473, 14.919449806213379, 11.803537368774414, 13.678035736083984, 10.828838348388672, 9.491788864135742, 0.3330175578594208, 0.3800753355026245, 0.4107440412044525, 0.4676719009876251, 0.522061288356781, 0.5234442949295044, 0.4455568790435791, 0.3911761939525604, 0.4015726149082184, 0.42583519220352173, 0.4159320294857025, 0.3900695741176605, 0.275199830532074, 0.3151671886444092, 0.2974439263343811, 0.3182123303413391, 0.32702013850212097, 0.3541267216205597, 0.34178322553634644, 0.31940707564353943, 0.3341083526611328, 0.3497406244277954, 0.31624144315719604, 0.3438010811805725, 1905.4115248096682, 1038.9976209235854, 3463.7199155745966, 1713.5924618059476, 0.08025926159274194, 0.06264818122978452]"
processed_emodb\08b10La.wav,L,"[-218.4022979736328, 111.99832153320312, 1.5533725023269653, 51.34708786010742, -0.11105956882238388, 16.401355743408203, -15.26542854309082, 11.31761360168457, -11.878719329833984, -11.758316993713379, 0.869712233543396, -9.010597229003906, 0.40663790702819824, 76.381103515625, 38.152252197265625, 33.28704071044922, 32.83302307128906, 26.635913848876953, 17.387306213378906, 22.848543167114258, 12.030317306518555, 12.51850414276123, 14.160301208496094, 11.40414810180664, 7.573861122131348, 8.819942474365234, 0.1893976926803589, 0.3333071172237396, 0.4144325852394104, 0.35560426115989685, 0.26971280574798584, 0.2788538932800293, 0.3215949535369873, 0.3462863266468048, 0.2815247178077698, 0.22133393585681915, 0.1864895224571228, 0.17332936823368073, 0.24233074486255646, 0.3736957013607025, 0.35116779804229736, 0.3772781193256378, 0.3290773928165436, 0.35763120651245117, 0.367972731590271, 0.3853819966316223, 0.3219020962715149, 0.2999403476715088, 0.2860416769981384, 0.2670179009437561, 1146.2888400768672, 973.0800366622854, 2280.4729871513427, 1755.538321923575, 0.024155798037190084, 0.02450115811286534]"
processed_emodb\12a02Nb.wav,N,"[-194.0830841064453, 130.49398803710938, -30.61655616760254, 60.81178283691406, -11.247122764587402, 15.176053047180176, -4.5978007316589355, 7.760955333709717, -19.23088836669922, -1.7998930215835571, 0.5871574282646179, -4.046514987945557, 9.309045791625977, 112.4942626953125, 51.619869232177734, 33.443511962890625, 35.42156219482422, 31.33121681213379, 25.011079788208008, 22.042612075805664, 11.263680458068848, 16.630834579467773, 9.50717544555664, 13.083841323852539, 11.319927215576172, 7.205626010894775, 0.41330575942993164, 0.5792742967605591, 0.621551513671875, 0.586948573589325, 0.49893102049827576, 0.4395633339881897, 0.39457058906555176, 0.358815461397171, 0.4140241742134094, 0.41266193985939026, 0.3907715976238251, 0.37724271416664124, 0.30497607588768005, 0.359385222196579, 0.3083063066005707, 0.34197571873664856, 0.36209622025489807, 0.3608991503715515, 0.3818954527378082, 0.3366501033306122, 0.34394094347953796, 0.31786102056503296, 0.311379611492157, 0.2960432469844818, 1358.6004940153318, 915.2347585699548, 2722.2275390625, 1621.2448018722318, 0.03571614583333333, 0.03707892573876666]"
processed_emodb\08a07Tb.wav,T,"[-273.8269958496094, 91.24195098876953, 15.771069526672363, 42.92243194580078, 3.5737857818603516, 28.762319564819336, -2.5293378829956055, 10.477829933166504, 2.5317673683166504, -1.046563982963562, 3.7113192081451416, -0.7499221563339233, 0.845947802066803, 124.67291259765625, 48.54132843017578, 31.43581771850586, 26.8267765045166, 26.905845642089844, 15.651618003845215, 20.30790901184082, 10.355550765991211, 12.167292594909668, 16.097299575805664, 8.795772552490234, 9.825948715209961, 11.056336402893066, 0.46979281306266785, 0.5460739731788635, 0.6203415989875793, 0.6755750179290771, 0.6473054885864258, 0.6068499088287354, 0.5909500122070312, 0.5549880862236023, 0.48700451850891113, 0.4548470973968506, 0.437032014131546, 0.4062313139438629, 0.3280111849308014, 0.3410812020301819, 0.3535188138484955, 0.3630344271659851, 0.36437809467315674, 0.36744964122772217, 0.35751137137413025, 0.3450387716293335, 0.33570295572280884, 0.3287751376628876, 0.321302592754364, 0.301913857460022, 1369.5883588416802, 1246.4402782009752, 2507.5043776939656, 1996.5578015229462, 0.05664343121408046, 0.10035663589985026]"
processed_emodb\03b09Nc.wav,N,"[-239.49803161621094, 129.9599609375, -13.944283485412598, 54.92856979370117, 5.071397304534912, 11.969685554504395, -9.578818321228027, 0.6450240015983582, -11.425389289855957, -7.981822490692139, 4.069612979888916, -7.126535892486572, 2.8450236320495605, 96.24251556396484, 56.68126678466797, 35.35847091674805, 34.40552520751953, 27.929466247558594, 21.90924835205078, 16.01515007019043, 13.851566314697266, 14.969531059265137, 14.220541954040527, 13.455938339233398, 10.209005355834961, 9.688199043273926, 0.4214363992214203, 0.43521031737327576, 0.5155775547027588, 0.5086814165115356, 0.40668824315071106, 0.3933020234107971, 0.44523701071739197, 0.4851437211036682, 0.42542245984077454, 0.42437925934791565, 0.5038913488388062, 0.4732072651386261, 0.33869388699531555, 0.3109537363052368, 0.3319098949432373, 0.3581711947917938, 0.32870224118232727, 0.3202150762081146, 0.3311983346939087, 0.36747559905052185, 0.32736897468566895, 0.3138761520385742, 0.3266792893409729, 0.30399152636528015, 1224.6825473772556, 942.712065083354, 2440.7501220703125, 1665.008298145015, 0.030992780412946428, 0.036142647473083454]"
processed_emodb\10b09Wb.wav,W,"[-268.2779846191406, 99.65833282470703, -51.58845138549805, 40.894805908203125, -10.518343925476074, 7.922893047332764, -15.654557228088379, 2.5797693729400635, -22.447107315063477, -11.042211532592773, -1.0401946306228638, -5.831407070159912, 3.557534694671631, 116.03484344482422, 43.47502136230469, 48.66851806640625, 29.7432861328125, 26.786474227905273, 23.30198860168457, 18.408601760864258, 13.492868423461914, 13.631298065185547, 13.718082427978516, 14.066208839416504, 11.485794067382812, 9.117183685302734, 0.4180081784725189, 0.38921141624450684, 0.44668930768966675, 0.5207597017288208, 0.43151918053627014, 0.3828553557395935, 0.3603939116001129, 0.39397382736206055, 0.39577263593673706, 0.3437776267528534, 0.3302002549171448, 0.3815464973449707, 0.35213956236839294, 0.29221823811531067, 0.32742875814437866, 0.34348422288894653, 0.27284660935401917, 0.3123285472393036, 0.29498302936553955, 0.3142647445201874, 0.3407057523727417, 0.3160472512245178, 0.28583499789237976, 0.3194810450077057, 2008.7234150803758, 959.1839476184455, 3581.4828996178057, 1403.9730072483537, 0.11837483138489209, 0.08537787984217046]"
processed_emodb\12a02Ec.wav,E,"[-294.9163513183594, 106.45877075195312, -5.022881984710693, 54.327842712402344, -8.418740272521973, 17.81874656677246, 0.5802655220031738, 4.491104602813721, -11.438397407531738, -1.1947396993637085, 1.497458577156067, -6.534979820251465, 4.159453392028809, 132.29266357421875, 61.07834243774414, 37.97775650024414, 37.763973236083984, 36.844879150390625, 26.00522804260254, 17.99746322631836, 12.828291893005371, 15.947693824768066, 11.373719215393066, 12.871131896972656, 11.83215045928955, 7.794916152954102, 0.44246792793273926, 0.4220868647098541, 0.4944005608558655, 0.5608100891113281, 0.5082258582115173, 0.5293892025947571, 0.520884096622467, 0.4827049672603607, 0.5197001099586487, 0.4607768654823303, 0.4205450415611267, 0.4252164959907532, 0.31214138865470886, 0.3151533901691437, 0.34446707367897034, 0.3439815640449524, 0.3284347951412201, 0.3460853397846222, 0.3336637616157532, 0.29718756675720215, 0.316618949174881, 0.30612635612487793, 0.3173682689666748, 0.3217136859893799, 1632.7943995240878, 1135.5473307810971, 3048.3130226672533, 1616.611921323879, 0.07292927486795775, 0.0976565825387249]"
processed_emodb\09a01Fa.wav,F,"[-245.39801025390625, 71.38768005371094, -88.05976867675781, 46.05842590332031, -32.625572204589844, 7.606983184814453, -16.611976623535156, -2.4993200302124023, 1.489638328552246, -0.18016882240772247, 1.0993866920471191, -1.129658818244934, 7.232510089874268, 86.8161392211914, 35.6474609375, 61.723548889160156, 23.689273834228516, 28.9440860748291, 24.74306869506836, 16.611602783203125, 12.837813377380371, 14.673722267150879, 16.028261184692383, 10.268091201782227, 12.273207664489746, 13.478760719299316, 0.3764793574810028, 0.3645320236682892, 0.3776839077472687, 0.38578978180885315, 0.36349135637283325, 0.3590203821659088, 0.4146586060523987, 0.5309796333312988, 0.47835269570350647, 0.4321029782295227, 0.4372648298740387, 0.3887782096862793, 0.3503364622592926, 0.34458422660827637, 0.362895667552948, 0.3423420190811157, 0.3617342412471771, 0.3696956932544708, 0.36560335755348206, 0.38014593720436096, 0.3594701886177063, 0.34955963492393494, 0.35925501585006714, 0.3042167127132416, 1484.8409920190377, 745.5699840277672, 2983.0300632911394, 1426.7736881053074, 0.025557505933544302, 0.03573985748082047]"
processed_emodb\11b03Td.wav,T,"[-317.6949157714844, 129.80714416503906, -6.228889465332031, 45.10309600830078, -4.537774562835693, 28.30960464477539, 9.365957260131836, -0.9414734840393066, -6.236043930053711, 5.400871753692627, 7.9022746086120605, 1.6538282632827759, 0.2883819043636322, 124.44762420654297, 55.828487396240234, 29.958120346069336, 24.3010196685791, 26.327072143554688, 16.791276931762695, 15.04644775390625, 13.136285781860352, 12.5325927734375, 11.110194206237793, 9.47372817993164, 7.6145710945129395, 10.321623802185059, 0.4375499188899994, 0.41685786843299866, 0.41858530044555664, 0.46537068486213684, 0.5404484868049622, 0.5559561252593994, 0.5731459259986877, 0.6462183594703674, 0.6765085458755493, 0.6701397895812988, 0.6092582941055298, 0.5173640251159668, 0.30396682024002075, 0.33192166686058044, 0.34053710103034973, 0.34903326630592346, 0.36154642701148987, 0.3545703589916229, 0.34488773345947266, 0.3475681245326996, 0.301177442073822, 0.28155288100242615, 0.2929832935333252, 0.3082025945186615, 1058.18262511028, 796.6622573699532, 2057.4342256433824, 1509.198574429199, 0.027556295955882354, 0.04848647981034533]"
processed_emodb\11a02Ld.wav,L,"[-209.9008026123047, 135.63499450683594, -9.987700462341309, 62.203956604003906, -2.672734022140503, 26.13011360168457, -2.413379669189453, -5.942042827606201, -12.520695686340332, 3.0782809257507324, 6.881006717681885, -2.310239315032959, 6.127900123596191, 96.65934753417969, 45.5887451171875, 26.22383689880371, 23.853281021118164, 28.85219955444336, 24.1444034576416, 21.010562896728516, 12.82514476776123, 12.935937881469727, 9.788684844970703, 9.573331832885742, 10.312857627868652, 7.2736711502075195, 0.46121084690093994, 0.4242301285266876, 0.46211498975753784, 0.5040261745452881, 0.4082147181034088, 0.42339658737182617, 0.44305306673049927, 0.5107296109199524, 0.5674243569374084, 0.49874642491340637, 0.44315701723098755, 0.44129350781440735, 0.3303234279155731, 0.32912132143974304, 0.33443984389305115, 0.36135628819465637, 0.33520764112472534, 0.36541879177093506, 0.35775226354599, 0.34631744027137756, 0.33680060505867004, 0.3176582455635071, 0.3275339603424072, 0.31702476739883423, 993.7315746522584, 669.0075765524061, 2092.56591796875, 1567.2161729591423, 0.016392299107142856, 0.014871252622541138]"
processed_emodb\14a05Fa.wav,F,"[-252.9755096435547, 91.21437072753906, -46.23197937011719, 49.71681594848633, -37.10889434814453, 16.235586166381836, -19.131441116333008, -0.9127082824707031, -8.193028450012207, -8.479133605957031, 0.9879076480865479, -9.441230773925781, 1.7094924449920654, 109.0680160522461, 53.07273483276367, 44.52952194213867, 29.02070426940918, 37.286643981933594, 20.960384368896484, 18.20087432861328, 16.706066131591797, 12.453893661499023, 14.95772933959961, 11.948863983154297, 12.319111824035645, 12.779281616210938, 0.3701532781124115, 0.39789092540740967, 0.4655211269855499, 0.5404427647590637, 0.5111148953437805, 0.44102704524993896, 0.3948790431022644, 0.3844917118549347, 0.34466803073883057, 0.3232411742210388, 0.3198205530643463, 0.330189049243927, 0.33638179302215576, 0.35635605454444885, 0.35359007120132446, 0.3664504587650299, 0.3605464696884155, 0.34134751558303833, 0.364602267742157, 0.3587479591369629, 0.350170373916626, 0.3472421169281006, 0.3153362572193146, 0.30845266580581665, 1727.2040502139373, 1072.7736970038918, 3409.3212890625, 1776.3600405775248, 0.049068777901785716, 0.053820546148488344]"
processed_emodb\16a07Fa.wav,F,"[-240.06259155273438, 52.2056884765625, -63.10006332397461, 50.23198699951172, -25.93245506286621, 7.311366558074951, -18.056262969970703, -6.597741603851318, -7.125393867492676, -4.464437961578369, 4.888643741607666, -5.031301975250244, -2.4571356773376465, 95.01587677001953, 39.90805435180664, 52.59531021118164, 20.474689483642578, 29.92181968688965, 19.44637107849121, 17.18812370300293, 15.718995094299316, 19.3800106048584, 11.990150451660156, 9.636319160461426, 11.50793743133545, 10.936356544494629, 0.35039058327674866, 0.3677113950252533, 0.32996657490730286, 0.37787923216819763, 0.4175521731376648, 0.4043823480606079, 0.46459701657295227, 0.4476970434188843, 0.4327981173992157, 0.39223596453666687, 0.3629610240459442, 0.30991408228874207, 0.32267269492149353, 0.3463248610496521, 0.3211367130279541, 0.36362510919570923, 0.3829940855503082, 0.32991307973861694, 0.347648948431015, 0.33920642733573914, 0.3667292594909668, 0.3455965220928192, 0.3363198935985565, 0.29040199518203735, 1516.968657050699, 749.3805121798906, 3350.608218294903, 1549.6459298628897, 0.02691235588592233, 0.03660053282094904]"
processed_emodb\11b03Wb.wav,W,"[-277.6312561035156, 102.51548767089844, -35.743316650390625, 23.838775634765625, -17.225404739379883, 5.650570392608643, -9.093660354614258, 3.641958475112915, -13.480010986328125, -5.901777267456055, 0.7281506061553955, -9.38103199005127, 1.1030076742172241, 113.70580291748047, 43.265953063964844, 52.445457458496094, 28.71058464050293, 31.553699493408203, 23.46656608581543, 20.161510467529297, 14.86938190460205, 15.752046585083008, 14.305286407470703, 10.513880729675293, 12.367018699645996, 9.831517219543457, 0.3733239471912384, 0.36689239740371704, 0.3482285141944885, 0.3457806706428528, 0.34133169054985046, 0.3440791964530945, 0.35984379053115845, 0.40950778126716614, 0.4339084327220917, 0.42930710315704346, 0.4207970201969147, 0.3951794505119324, 0.3169574439525604, 0.3200729489326477, 0.3185920715332031, 0.3333266079425812, 0.32645028829574585, 0.3393612802028656, 0.33206436038017273, 0.34521523118019104, 0.3500051200389862, 0.34603869915008545, 0.34225770831108093, 0.3309783339500427, 1560.2033490551987, 848.0993593475099, 2900.666015625, 1628.6003383567258, 0.06563368055555556, 0.05153442778608394]"
processed_emodb\08b01Fd.wav,F,"[-220.26736450195312, 92.92185974121094, -27.134319305419922, 64.44158172607422, -8.474603652954102, 19.852596282958984, -27.709197998046875, 4.037999629974365, -11.982283592224121, -6.740643501281738, -1.8166429996490479, -6.172574520111084, 4.33258581161499, 117.76276397705078, 48.517112731933594, 41.91405487060547, 28.490982055664062, 30.250019073486328, 20.011640548706055, 21.91221046447754, 12.984376907348633, 15.22182846069336, 17.111129760742188, 11.395051956176758, 11.734776496887207, 11.412758827209473, 0.338142067193985, 0.31504714488983154, 0.31448841094970703, 0.381707102060318, 0.37438371777534485, 0.30766454339027405, 0.2967444658279419, 0.3524952232837677, 0.4607807397842407, 0.40709996223449707, 0.35760581493377686, 0.3509959280490875, 0.35554030537605286, 0.35355523228645325, 0.35648006200790405, 0.3826669752597809, 0.3888208270072937, 0.3475019335746765, 0.33328887820243835, 0.35675567388534546, 0.40789467096328735, 0.35809794068336487, 0.33035609126091003, 0.34428873658180237, 1720.430441153956, 1250.4888610906394, 3208.0447758469627, 2032.055745194419, 0.072530300817757, 0.08819647993372222]"
processed_emodb\11b02Na.wav,N,"[-237.7000732421875, 144.69883728027344, -21.691343307495117, 61.898780822753906, -21.19205665588379, 18.69204330444336, 8.331710815429688, 7.632500171661377, -9.895615577697754, 4.215703010559082, -0.5101697444915771, -1.176600694656372, 9.094250679016113, 88.78453826904297, 69.1881332397461, 39.30777359008789, 32.95261001586914, 27.134233474731445, 31.644237518310547, 20.621837615966797, 12.7876558303833, 16.585229873657227, 11.012945175170898, 15.00780963897705, 9.718576431274414, 8.995357513427734, 0.40798768401145935, 0.43455415964126587, 0.47691619396209717, 0.5208600759506226, 0.5140728950500488, 0.49904146790504456, 0.528999924659729, 0.6094902753829956, 0.621200680732727, 0.5861067771911621, 0.48141223192214966, 0.4146512746810913, 0.28193625807762146, 0.310512900352478, 0.2989659309387207, 0.32230323553085327, 0.31298965215682983, 0.33463072776794434, 0.3263914883136749, 0.3252609968185425, 0.2947421371936798, 0.2811673879623413, 0.29530471563339233, 0.2705267071723938, 1032.7215537950015, 816.3347892462812, 2245.526592548077, 1756.7153857895764, 0.00630592280982906, 0.008221123332417197]"
processed_emodb\16a07Ea.wav,E,"[-220.2333221435547, 87.0121078491211, -29.480091094970703, 52.92348861694336, -4.276028156280518, 21.52197265625, -23.33934783935547, -3.8545382022857666, -16.845584869384766, -4.725780010223389, 2.4145753383636475, -5.340956687927246, -6.676259994506836, 89.74518585205078, 50.32827377319336, 36.77042770385742, 22.06437873840332, 21.765071868896484, 20.292686462402344, 15.357989311218262, 17.966108322143555, 15.539130210876465, 14.647994995117188, 9.167510986328125, 10.698936462402344, 15.39525318145752, 0.2242937684059143, 0.25709298253059387, 0.24208679795265198, 0.19733944535255432, 0.19127675890922546, 0.22957786917686462, 0.34951749444007874, 0.4420925974845886, 0.4825628697872162, 0.43582192063331604, 0.3794279396533966, 0.26769641041755676, 0.2946685552597046, 0.3343355357646942, 0.2944878041744232, 0.29129353165626526, 0.2849264144897461, 0.30097535252571106, 0.37519580125808716, 0.36373621225357056, 0.3861495554447174, 0.3567422032356262, 0.38474026322364807, 0.3146710991859436, 1694.4157546677568, 1122.967992658004, 3381.126990685096, 1943.4101945149705, 0.05318509615384615, 0.06320211609783676]"
processed_emodb\15b02Wc.wav,W,"[-225.3683624267578, 85.89442443847656, -45.5052604675293, 31.437950134277344, -34.97889709472656, 17.453275680541992, -22.41070556640625, 5.919946193695068, -12.100260734558105, -8.466329574584961, 2.300391435623169, -5.121164321899414, 4.311329364776611, 106.93206787109375, 42.65470504760742, 51.57785415649414, 27.993927001953125, 35.00402069091797, 23.11223030090332, 22.19075584411621, 14.957443237304688, 15.25504207611084, 12.478521347045898, 13.445364952087402, 12.799180030822754, 10.17035961151123, 0.3664613664150238, 0.32269954681396484, 0.39098262786865234, 0.42567741870880127, 0.43023332953453064, 0.4073871374130249, 0.477337121963501, 0.46258246898651123, 0.42723190784454346, 0.4087872803211212, 0.3767704367637634, 0.3916431963443756, 0.31121742725372314, 0.2828899025917053, 0.3060494661331177, 0.3279101252555847, 0.3426554799079895, 0.31908687949180603, 0.3634246289730072, 0.33570948243141174, 0.33833321928977966, 0.3375058174133301, 0.3120407164096832, 0.31028714776039124, 2051.6277540813203, 803.9132927333886, 4172.391584278208, 1520.8666446960458, 0.08114975110619468, 0.04470260235587129]"
processed_emodb\08a05Nb.wav,N,"[-248.88182067871094, 111.00643920898438, -3.4289164543151855, 56.45046615600586, -12.668169975280762, 24.687143325805664, -16.307926177978516, 3.620492696762085, -12.3328857421875, -5.176440715789795, 2.7910943031311035, -3.6866321563720703, 1.682450532913208, 81.17222595214844, 57.44185256958008, 39.12297821044922, 33.085899353027344, 31.908584594726562, 17.009191513061523, 18.830303192138672, 16.460159301757812, 12.375877380371094, 14.58730697631836, 12.980575561523438, 10.1610689163208, 11.194977760314941, 0.35828959941864014, 0.32885029911994934, 0.3127152919769287, 0.3384304344654083, 0.3558011054992676, 0.40469303727149963, 0.43183237314224243, 0.47738805413246155, 0.5104156732559204, 0.4556419849395752, 0.38730746507644653, 0.3414950668811798, 0.35797011852264404, 0.35578444600105286, 0.335099995136261, 0.3547303080558777, 0.34652799367904663, 0.3866216242313385, 0.36606478691101074, 0.369903028011322, 0.34616053104400635, 0.3445632755756378, 0.31794866919517517, 0.3093380033969879, 1312.082333400334, 1083.9485693897284, 2552.8299534574467, 1994.9442723934135, 0.029019835992907802, 0.038731695784443014]"
processed_emodb\16a05Ab.wav,A,"[-195.46441650390625, 78.96288299560547, -70.10741424560547, 62.98093795776367, -39.73420333862305, 18.781404495239258, -24.698801040649414, -4.4645676612854, -14.27646255493164, -6.1564106941223145, 1.4912395477294922, -5.335958957672119, 1.8299459218978882, 81.45730590820312, 44.44282913208008, 36.63120651245117, 28.95318603515625, 27.821468353271484, 20.20824432373047, 18.7700138092041, 19.154022216796875, 12.891247749328613, 14.809558868408203, 10.068174362182617, 9.240179061889648, 13.14551067352295, 0.3074227571487427, 0.3805845379829407, 0.4657318592071533, 0.4724958837032318, 0.46698668599128723, 0.44793829321861267, 0.4008249044418335, 0.31786760687828064, 0.288425087928772, 0.28843778371810913, 0.3311862647533417, 0.32604333758354187, 0.2952754497528076, 0.3441789150238037, 0.36116823554039, 0.36733341217041016, 0.37420082092285156, 0.34541717171669006, 0.36109650135040283, 0.3340042531490326, 0.34386464953422546, 0.33578118681907654, 0.3381231129169464, 0.2905164957046509, 1966.5611361167523, 933.0182266588978, 4004.83125, 1548.5370250515648, 0.052328125, 0.04280075183814131]"
processed_emodb\11a05Na.wav,N,"[-235.06103515625, 141.0713653564453, -8.324040412902832, 52.05498504638672, -2.313612937927246, 16.478519439697266, 4.985320091247559, 0.2942117154598236, -13.369670867919922, -5.190120220184326, 4.194539546966553, 0.8934996724128723, 1.5169000625610352, 92.94943237304688, 63.634273529052734, 39.92177963256836, 29.59821891784668, 25.240402221679688, 25.20531463623047, 15.71444034576416, 12.612592697143555, 13.173565864562988, 10.610465049743652, 14.091506004333496, 10.05754280090332, 7.832249641418457, 0.38672927021980286, 0.3557293117046356, 0.41595137119293213, 0.4737667441368103, 0.47077831625938416, 0.4932996928691864, 0.4855242967605591, 0.5388462543487549, 0.568604588508606, 0.5767355561256409, 0.5080035924911499, 0.4351687431335449, 0.32890474796295166, 0.30111220479011536, 0.2947757840156555, 0.3181014955043793, 0.31210511922836304, 0.32409051060676575, 0.31071609258651733, 0.3366091847419739, 0.30833375453948975, 0.31932225823402405, 0.31080031394958496, 0.3003068268299103, 1217.7882937014037, 983.6950164089546, 2308.6135864257812, 1766.4927725714167, 0.04012722439236111, 0.05373690669870132]"
processed_emodb\15a02Na.wav,N,"[-246.8347930908203, 122.5196304321289, -27.036088943481445, 73.8499755859375, -9.304630279541016, 31.609365463256836, -3.9799256324768066, 11.750537872314453, -10.203149795532227, -1.497545599937439, 5.671101093292236, -0.38827601075172424, 9.463483810424805, 97.6672592163086, 48.669830322265625, 26.239429473876953, 28.64913558959961, 33.26931381225586, 20.605802536010742, 16.08599853515625, 13.73263931274414, 13.811445236206055, 9.32116985321045, 13.546411514282227, 9.556998252868652, 5.485947132110596, 0.4852948784828186, 0.5232139229774475, 0.567848801612854, 0.5936131477355957, 0.6355751752853394, 0.6648196578025818, 0.6371068954467773, 0.6136886477470398, 0.4965394139289856, 0.42916056513786316, 0.4175427556037903, 0.4318423271179199, 0.33955299854278564, 0.32161223888397217, 0.341164231300354, 0.37523210048675537, 0.3555489480495453, 0.3399047255516052, 0.3081128001213074, 0.33383241295814514, 0.3119475245475769, 0.30379563570022583, 0.3201994299888611, 0.32304760813713074, 1206.995399919876, 833.9545969936083, 2621.2060546875, 1751.4741538479643, 0.012834821428571428, 0.012269134118689113]"
processed_emodb\10a05Wb.wav,W,"[-304.7552185058594, 96.10257720947266, -37.70718765258789, 42.258331298828125, -15.431010246276855, 17.863636016845703, -4.047732353210449, 9.062027931213379, -21.215604782104492, -3.821249008178711, 6.3494744300842285, -3.398730516433716, 7.939290523529053, 118.42178344726562, 49.65613555908203, 42.92348098754883, 26.32025909423828, 30.311525344848633, 21.633955001831055, 19.793018341064453, 13.363094329833984, 16.228612899780273, 13.245973587036133, 12.734347343444824, 12.423172950744629, 9.324851036071777, 0.46371152997016907, 0.5123550295829773, 0.5184701085090637, 0.5321105122566223, 0.5190033316612244, 0.5273467898368835, 0.5382505655288696, 0.5420001149177551, 0.5004628300666809, 0.45660415291786194, 0.41423478722572327, 0.4083171486854553, 0.32344338297843933, 0.3302559554576874, 0.34677430987358093, 0.3787071108818054, 0.35358926653862, 0.3496076464653015, 0.34890496730804443, 0.3491295278072357, 0.33966660499572754, 0.3383806347846985, 0.2959750294685364, 0.2971452474594116, 1577.9348123654547, 1032.5047508615198, 3076.3902452256943, 1829.5866710425673, 0.03965627411265432, 0.04670227374958965]"
processed_emodb\14a05Tc.wav,T,"[-270.46905517578125, 107.37311553955078, -5.71276330947876, 59.850120544433594, -12.014388084411621, 32.28227996826172, -4.442722320556641, 8.1914701461792, -7.315767288208008, -0.21196454763412476, 5.203619003295898, -4.405094146728516, 7.183136940002441, 125.12395477294922, 54.72706604003906, 33.51213836669922, 27.681140899658203, 30.732967376708984, 17.801631927490234, 20.77771759033203, 13.342182159423828, 15.28761100769043, 12.628510475158691, 9.513951301574707, 10.117600440979004, 8.823456764221191, 0.5041783452033997, 0.5225928425788879, 0.5572493672370911, 0.5915072560310364, 0.5932022929191589, 0.5404608845710754, 0.5201119780540466, 0.5084710717201233, 0.47923916578292847, 0.49566540122032166, 0.5059877634048462, 0.4906080365180969, 0.316855251789093, 0.3370099365711212, 0.3510846495628357, 0.369846910238266, 0.3693832457065582, 0.3731224536895752, 0.37751534581184387, 0.3829682171344757, 0.3493139445781708, 0.32364943623542786, 0.31138119101524353, 0.29221951961517334, 1422.8698474186137, 1254.3722841859246, 2685.6468939012098, 2112.2977316339807, 0.048929381480414744, 0.07638545225681016]"
processed_emodb\13b01Fc.wav,F,"[-218.05599975585938, 77.69720458984375, -24.607616424560547, 41.32128143310547, -15.050958633422852, 9.844486236572266, -25.84379768371582, 3.4406611919403076, -15.693108558654785, -13.801905632019043, -3.3955113887786865, -5.968931198120117, 0.859283983707428, 97.52784729003906, 43.024295806884766, 37.03792953491211, 23.11525535583496, 21.697370529174805, 18.36208152770996, 17.040464401245117, 12.735541343688965, 13.217552185058594, 15.15408706665039, 13.752068519592285, 13.059776306152344, 12.906464576721191, 0.27574434876441956, 0.2801952064037323, 0.24467045068740845, 0.2601364850997925, 0.2871040403842926, 0.32864800095558167, 0.3491816222667694, 0.366075724363327, 0.378028929233551, 0.2750096619129181, 0.23846949636936188, 0.2406671792268753, 0.315541535615921, 0.32919833064079285, 0.2981582581996918, 0.31689149141311646, 0.33716410398483276, 0.36131516098976135, 0.34887146949768066, 0.3650687038898468, 0.39037132263183594, 0.3115135729312897, 0.3084769546985626, 0.30994197726249695, 1961.313755319988, 1139.1202394715438, 3741.39404296875, 1716.185464125185, 0.10123697916666667, 0.11528080294110966]"
processed_emodb\11b10Ae.wav,A,"[-250.81723022460938, 104.06722259521484, -10.609847068786621, 63.51771545410156, -9.739677429199219, 24.825197219848633, -1.6670873165130615, 10.65846061706543, -3.9370474815368652, 1.948608160018921, 0.5137565732002258, -4.34544563293457, 4.812708377838135, 131.09498596191406, 47.5859260559082, 25.52341651916504, 34.4981575012207, 27.28383445739746, 21.90618324279785, 17.675628662109375, 14.02005386352539, 15.231413841247559, 12.122910499572754, 10.714510917663574, 9.581965446472168, 7.630101680755615, 0.4892759919166565, 0.5535746812820435, 0.5460984706878662, 0.4959838092327118, 0.49397721886634827, 0.5052589774131775, 0.5206684470176697, 0.5818983912467957, 0.6011808514595032, 0.5516677498817444, 0.46826043725013733, 0.4245140850543976, 0.34094518423080444, 0.35377058386802673, 0.3638538718223572, 0.3827977776527405, 0.39952483773231506, 0.4242480993270874, 0.40425658226013184, 0.37632665038108826, 0.3630787134170532, 0.3616115152835846, 0.32838666439056396, 0.3110587000846863, 1177.0956338980745, 1041.7698346933528, 2415.8727931225394, 1964.8946455226737, 0.02767055241141732, 0.054342205102842954]"
processed_emodb\08b02Tc.wav,T,"[-307.4227294921875, 96.08702087402344, 10.809414863586426, 41.35365295410156, -5.178713798522949, 29.491674423217773, -0.7255774736404419, 10.895695686340332, 1.9825177192687988, 3.7108519077301025, 7.2399749755859375, 2.524113893508911, 5.5822834968566895, 136.81651306152344, 43.350955963134766, 34.054786682128906, 28.456254959106445, 27.86894989013672, 15.380457878112793, 21.19412612915039, 9.538122177124023, 13.485160827636719, 11.87535285949707, 10.240296363830566, 9.535881042480469, 8.477103233337402, 0.49522897601127625, 0.5611985325813293, 0.6510231494903564, 0.7497734427452087, 0.8047962188720703, 0.7560644149780273, 0.6265292763710022, 0.5437653064727783, 0.5164219737052917, 0.47514644265174866, 0.4455258846282959, 0.435963898897171, 0.28785136342048645, 0.3122677206993103, 0.31287503242492676, 0.2936328947544098, 0.27358296513557434, 0.31714916229248047, 0.350784569978714, 0.3704472482204437, 0.35835349559783936, 0.3267155587673187, 0.3013193607330322, 0.27322348952293396, 1166.810843442121, 1051.5177162393888, 1943.7781757458458, 1933.2388934132719, 0.0390433227907855, 0.07474468915986401]"
processed_emodb\13b01Ab.wav,A,"[-169.49732971191406, 92.5805892944336, -29.1656551361084, 58.08518600463867, -16.25191307067871, 26.998046875, -20.934812545776367, 1.9650726318359375, -12.637367248535156, -5.236173629760742, -0.7851591110229492, 0.11835921555757523, 1.7874765396118164, 89.70191192626953, 44.99846649169922, 28.652162551879883, 28.877260208129883, 21.644262313842773, 19.305648803710938, 16.713388442993164, 14.431055068969727, 11.55250072479248, 14.158415794372559, 10.333284378051758, 7.843071937561035, 13.401863098144531, 0.4281524419784546, 0.4236302077770233, 0.4050317704677582, 0.3680388033390045, 0.3262403905391693, 0.2759975790977478, 0.25130394101142883, 0.25925713777542114, 0.28036418557167053, 0.3013603985309601, 0.3683960735797882, 0.4124562740325928, 0.3655795454978943, 0.3428744673728943, 0.3734297752380371, 0.35993489623069763, 0.36051875352859497, 0.33069613575935364, 0.3384648561477661, 0.3400501608848572, 0.3444800078868866, 0.34329742193222046, 0.35812845826148987, 0.37576550245285034, 1764.2684434446344, 1150.973364781876, 3504.52880859375, 1958.1838296936098, 0.038548787434895836, 0.032995763516358245]"
processed_emodb\11a05Ad.wav,A,"[-231.92263793945312, 110.05615997314453, -29.677017211914062, 56.18877410888672, -14.195099830627441, 19.394004821777344, -9.607449531555176, 7.652451515197754, -13.221495628356934, -2.2735073566436768, -0.1704142540693283, -9.953694343566895, 7.035810470581055, 93.2544937133789, 52.99890899658203, 33.13439178466797, 28.050090789794922, 28.091142654418945, 23.761707305908203, 16.360029220581055, 13.616591453552246, 15.863570213317871, 9.592635154724121, 10.991189002990723, 12.326003074645996, 9.670333862304688, 0.33332395553588867, 0.3792906403541565, 0.4347268342971802, 0.48983827233314514, 0.5170491337776184, 0.5186795592308044, 0.5125524997711182, 0.4982752501964569, 0.4374921917915344, 0.40808549523353577, 0.37658801674842834, 0.34866246581077576, 0.3097921311855316, 0.3387756645679474, 0.34935230016708374, 0.3589792847633362, 0.35429972410202026, 0.3443829119205475, 0.3478334844112396, 0.35640230774879456, 0.34045884013175964, 0.3379947245121002, 0.30395978689193726, 0.29903554916381836, 1638.9803596717456, 1062.4484166537432, 3259.80224609375, 1651.1046788729454, 0.05153692336309524, 0.06266295993050941]"
processed_emodb\03a04Wc.wav,W,"[-242.42242431640625, 87.20018768310547, -49.436927795410156, 32.9942741394043, -30.32122039794922, 17.033994674682617, -13.347681999206543, -0.6097056269645691, -8.393766403198242, -11.02025032043457, -0.09784261137247086, -0.6674861907958984, -2.2767348289489746, 106.28961181640625, 49.703163146972656, 50.97738265991211, 34.29536056518555, 33.10311508178711, 12.947837829589844, 23.310340881347656, 18.96897315979004, 13.531149864196777, 15.919087409973145, 13.948149681091309, 10.887526512145996, 11.998688697814941, 0.4577499032020569, 0.5035471320152283, 0.4854896068572998, 0.4126141667366028, 0.44675686955451965, 0.4545886814594269, 0.3553379774093628, 0.34746113419532776, 0.34444093704223633, 0.34865695238113403, 0.3731069564819336, 0.419694185256958, 0.3298732042312622, 0.3433685302734375, 0.3679618239402771, 0.34986549615859985, 0.3757811188697815, 0.37679800391197205, 0.3308042585849762, 0.3326665759086609, 0.31618160009384155, 0.326170414686203, 0.32243821024894714, 0.33603811264038086, 1851.5120305519845, 1009.3494051803865, 3552.252677317416, 1738.8411126444205, 0.05698077598314607, 0.04454275799499459]"
processed_emodb\08a07La.wav,L,"[-215.195068359375, 107.92567443847656, 11.279778480529785, 42.70525360107422, -0.8433329463005066, 19.888225555419922, -13.759482383728027, 9.168429374694824, -9.240617752075195, -8.301316261291504, -0.7824932932853699, -6.205147743225098, -1.8155301809310913, 87.3597183227539, 54.3891716003418, 32.45849609375, 26.041282653808594, 25.82627296447754, 18.543405532836914, 20.939409255981445, 11.58408260345459, 14.41878604888916, 15.637815475463867, 10.182021141052246, 8.2896089553833, 9.881841659545898, 0.43091055750846863, 0.4789729714393616, 0.44643014669418335, 0.3638745844364166, 0.3362603783607483, 0.3551112413406372, 0.3749150037765503, 0.3298633396625519, 0.27557310461997986, 0.21791139245033264, 0.2502054274082184, 0.348440945148468, 0.34308597445487976, 0.37825849652290344, 0.36290261149406433, 0.37003013491630554, 0.3513023555278778, 0.3657470643520355, 0.3938441872596741, 0.35883474349975586, 0.35342392325401306, 0.2930581867694855, 0.30726176500320435, 0.34299540519714355, 1330.445831731501, 1249.9709012328942, 2406.5823896215597, 2239.814291961416, 0.04333608084862385, 0.05865662376375092]"
processed_emodb\15a01Ea.wav,E,"[-190.8125762939453, 108.29984283447266, -44.19300079345703, 61.535369873046875, -20.509613037109375, 35.84446334838867, -20.757503509521484, 5.025674819946289, -7.2441606521606445, 1.0703190565109253, 4.1212873458862305, -4.782553195953369, 11.937919616699219, 102.67985534667969, 48.202938079833984, 40.47480392456055, 36.085914611816406, 25.452926635742188, 20.151546478271484, 21.90298843383789, 18.241153717041016, 14.645414352416992, 14.849479675292969, 14.848470687866211, 10.077455520629883, 8.752785682678223, 0.44696885347366333, 0.408297061920166, 0.4220503270626068, 0.46427804231643677, 0.5168609023094177, 0.5397504568099976, 0.5067520141601562, 0.511868417263031, 0.5075018405914307, 0.5521310567855835, 0.546025812625885, 0.45359188318252563, 0.34128203988075256, 0.31057989597320557, 0.31878548860549927, 0.3370276987552643, 0.3524995744228363, 0.3512044847011566, 0.3404867649078369, 0.33822181820869446, 0.3343471884727478, 0.32938018441200256, 0.3033309280872345, 0.2832173705101013, 1734.906261815392, 1050.1130836037983, 3500.7115589488635, 1864.1347979852972, 0.042768998579545456, 0.05268298571010471]"
processed_emodb\16b01Tb.wav,T,"[-264.35980224609375, 70.09317016601562, -11.449732780456543, 55.41246032714844, 2.8018105030059814, 26.300783157348633, 0.5928435325622559, 0.13640493154525757, -0.33430469036102295, 6.713876247406006, 2.2235302925109863, -1.2721730470657349, 1.3738768100738525, 97.69554138183594, 38.83616638183594, 28.004301071166992, 21.817602157592773, 22.214637756347656, 15.41191291809082, 12.275623321533203, 10.371976852416992, 11.184860229492188, 9.800463676452637, 9.846702575683594, 7.5341796875, 11.650403022766113, 0.3315522372722626, 0.36208638548851013, 0.3392868936061859, 0.32144495844841003, 0.32076603174209595, 0.42068949341773987, 0.6250423192977905, 0.7353271842002869, 0.6402960419654846, 0.46878287196159363, 0.37757545709609985, 0.3339307904243469, 0.291530966758728, 0.342337429523468, 0.32963070273399353, 0.32915639877319336, 0.3125254511833191, 0.30943626165390015, 0.32723620533943176, 0.3128586709499359, 0.3455278277397156, 0.34140223264694214, 0.3221506178379059, 0.28804582357406616, 1704.423271603422, 1095.8682836971036, 3668.7337239583335, 1305.2775327357044, 0.05903552827380952, 0.09183787397801045]"
processed_emodb\08b10Nc.wav,N,"[-250.796875, 113.31233215332031, -4.075597286224365, 56.132545471191406, -4.570072174072266, 19.93275260925293, -17.394407272338867, 10.169024467468262, -9.668935775756836, -14.210570335388184, -0.22744351625442505, -4.343378067016602, -3.9124209880828857, 95.71306610107422, 39.59634780883789, 34.01063919067383, 29.932239532470703, 26.498620986938477, 16.034162521362305, 23.829120635986328, 16.941200256347656, 12.13780403137207, 17.240140914916992, 11.232462882995605, 7.9397735595703125, 9.921792984008789, 0.3176634609699249, 0.4638383686542511, 0.3703669607639313, 0.3929344415664673, 0.3478371202945709, 0.2501659095287323, 0.2964766025543213, 0.4456633925437927, 0.522577702999115, 0.31985563039779663, 0.191254124045372, 0.1910044401884079, 0.33712151646614075, 0.436454713344574, 0.3546673655509949, 0.4000454545021057, 0.3804810047149658, 0.33566853404045105, 0.35117536783218384, 0.39211875200271606, 0.4037052392959595, 0.301059365272522, 0.26597654819488525, 0.2719061076641083, 1157.287168628011, 955.2352467028724, 2418.9313277457522, 1780.7166764691847, 0.02225709192961165, 0.026414421586724596]"
processed_emodb\15a01Fb.wav,F,"[-213.0621337890625, 105.5472640991211, -54.71155548095703, 41.98999786376953, -22.5559024810791, 20.183162689208984, -11.094943046569824, 1.4320155382156372, -13.19105052947998, 1.3702802658081055, 5.345550537109375, 1.6063746213912964, 6.115174770355225, 127.43067169189453, 46.599674224853516, 47.75422668457031, 31.890810012817383, 35.57410430908203, 17.869792938232422, 23.746431350708008, 15.063243865966797, 14.352564811706543, 14.528563499450684, 12.536831855773926, 11.580073356628418, 10.379145622253418, 0.44764307141304016, 0.4542326033115387, 0.5263291001319885, 0.5722361207008362, 0.6237218976020813, 0.5977456569671631, 0.5778490304946899, 0.5568820238113403, 0.5006291270256042, 0.4726701080799103, 0.435806006193161, 0.43326157331466675, 0.32752174139022827, 0.32123976945877075, 0.3400973379611969, 0.3225911855697632, 0.33463603258132935, 0.3453340530395508, 0.35651659965515137, 0.3417884409427643, 0.3340153098106384, 0.32612207531929016, 0.31496283411979675, 0.3180864155292511, 1172.8572407473953, 735.8542850989345, 2523.4791070642605, 1684.4532086209856, 0.008912852112676057, 0.012376469941988237]"
processed_emodb\12a01Lb.wav,L,"[-212.34701538085938, 139.4314727783203, -27.275644302368164, 46.94287109375, -17.5203800201416, 16.195903778076172, 0.601084291934967, 1.2810132503509521, -13.33807373046875, 0.4814544916152954, 8.395468711853027, 3.6366398334503174, 3.6550304889678955, 118.13877868652344, 57.472652435302734, 34.22208023071289, 26.549373626708984, 23.350601196289062, 15.896228790283203, 15.625332832336426, 13.718174934387207, 15.698874473571777, 8.725605964660645, 13.588983535766602, 11.346503257751465, 8.885252952575684, 0.47978299856185913, 0.5509775280952454, 0.5533896684646606, 0.6071367263793945, 0.6113706231117249, 0.5632549524307251, 0.48515525460243225, 0.4544525742530823, 0.5164164304733276, 0.5513933300971985, 0.4409097731113434, 0.38066911697387695, 0.30890390276908875, 0.32833003997802734, 0.32111260294914246, 0.32011133432388306, 0.326815664768219, 0.3574261963367462, 0.3535029888153076, 0.33746644854545593, 0.338179349899292, 0.34426912665367126, 0.3080970048904419, 0.2636570334434509, 1122.0608133069534, 677.7412773921164, 2334.383038776677, 1478.3932791838024, 0.025628810975609755, 0.024489005105635293]"
processed_emodb\10b02Aa.wav,A,"[-174.32225036621094, 104.44336700439453, -32.610328674316406, 61.05299377441406, -27.648704528808594, 32.76509475708008, -14.390486717224121, 10.169146537780762, -19.777809143066406, 0.13909156620502472, -0.7858222126960754, -9.420662879943848, 8.10832405090332, 110.75389099121094, 48.31275939941406, 30.039127349853516, 24.730751037597656, 22.03053855895996, 20.582704544067383, 21.50816535949707, 14.078652381896973, 13.612250328063965, 11.76909065246582, 14.13471794128418, 10.415674209594727, 8.699074745178223, 0.2852432131767273, 0.2996733486652374, 0.32949742674827576, 0.4232133626937866, 0.49125656485557556, 0.5540081262588501, 0.5186466574668884, 0.4855998456478119, 0.3887622058391571, 0.27715766429901123, 0.23963318765163422, 0.23497124016284943, 0.2996560037136078, 0.2949541509151459, 0.31576019525527954, 0.3548567593097687, 0.3487221300601959, 0.3507322072982788, 0.3176981508731842, 0.35191887617111206, 0.33412495255470276, 0.2717309296131134, 0.2851678431034088, 0.2597859799861908, 2138.4759101703794, 1174.194182397231, 4051.5627281688085, 1507.1829175261757, 0.10151230286214953, 0.09545437559412802]"
processed_emodb\09a07Wd.wav,W,"[-253.60552978515625, 94.54052734375, -50.060707092285156, 48.7340087890625, -15.444816589355469, 13.554068565368652, -12.47446060180664, -8.359716415405273, -15.354538917541504, -2.113471508026123, -7.522243022918701, 0.341715931892395, -0.5268512964248657, 116.76742553710938, 43.66118240356445, 53.00907516479492, 28.81291389465332, 27.512218475341797, 21.606136322021484, 18.496051788330078, 15.462303161621094, 17.293804168701172, 17.147747039794922, 9.801224708557129, 10.361945152282715, 12.904001235961914, 0.4479428231716156, 0.3948849141597748, 0.41773664951324463, 0.34166058897972107, 0.32284069061279297, 0.35755455493927, 0.35179030895233154, 0.3950643241405487, 0.44172805547714233, 0.39337703585624695, 0.38280653953552246, 0.3752252459526062, 0.38059908151626587, 0.32984042167663574, 0.37926432490348816, 0.3431006968021393, 0.37299883365631104, 0.3837193548679352, 0.36869657039642334, 0.37448230385780334, 0.4149273633956909, 0.366423636674881, 0.35900622606277466, 0.3260810673236847, 1247.4896935222243, 814.4992611236626, 2654.505615234375, 1748.2397549271027, 0.026279296875, 0.027260736502691736]"
processed_emodb\09a02La.wav,L,"[-222.10316467285156, 122.54171752929688, -19.83164405822754, 51.70866012573242, -6.629180908203125, 14.763945579528809, 5.564791202545166, -13.602204322814941, -0.4404444098472595, 1.1070241928100586, -3.1093783378601074, -2.1783008575439453, -0.1343999058008194, 91.260498046875, 47.85713195800781, 31.74167251586914, 31.688005447387695, 33.873931884765625, 20.044363021850586, 19.999874114990234, 19.136579513549805, 11.44145393371582, 9.696603775024414, 10.013809204101562, 7.561923027038574, 10.682217597961426, 0.3484521508216858, 0.5151389241218567, 0.6121850609779358, 0.5175401568412781, 0.4664035737514496, 0.43348443508148193, 0.42442935705184937, 0.362118124961853, 0.3138861656188965, 0.3405178189277649, 0.34475091099739075, 0.3164125382900238, 0.33293139934539795, 0.37276986241340637, 0.3884444534778595, 0.38104483485221863, 0.39992406964302063, 0.39912649989128113, 0.4127737879753113, 0.39229652285575867, 0.3500862717628479, 0.3480914831161499, 0.35096418857574463, 0.3309454023838043, 1040.029804872553, 771.1000443538178, 2214.983575994318, 1696.3893417507782, 0.016268643465909092, 0.016860687807887728]"
processed_emodb\08b01Lb.wav,L,"[-188.15390014648438, 93.58039093017578, -11.666912078857422, 67.4295883178711, -13.088519096374512, 22.79352569580078, -20.8977108001709, 14.391433715820312, -8.422698020935059, -7.026312351226807, 0.5851089954376221, -7.559087753295898, 5.258667945861816, 92.20823669433594, 56.330509185791016, 41.22861862182617, 31.553682327270508, 31.182775497436523, 17.44032096862793, 20.43060874938965, 13.59126091003418, 11.943440437316895, 14.550113677978516, 9.851409912109375, 9.86427116394043, 11.040538787841797, 0.2823968529701233, 0.3925921320915222, 0.5174509286880493, 0.4157874882221222, 0.3064250349998474, 0.3200943171977997, 0.37734776735305786, 0.4083839952945709, 0.3984664976596832, 0.36571958661079407, 0.29665958881378174, 0.249820277094841, 0.3254978656768799, 0.3376280665397644, 0.39980337023735046, 0.3478086590766907, 0.3268095850944519, 0.35453808307647705, 0.372247576713562, 0.3712657392024994, 0.3660511374473572, 0.3382345736026764, 0.32439857721328735, 0.3078760504722595, 1489.3936762399244, 1191.531162341101, 2909.192783785182, 2102.8346665369345, 0.02580129863410596, 0.025164323887949577]"
processed_emodb\03a02Wb.wav,W,"[-214.68479919433594, 88.23101043701172, -47.868412017822266, 58.46135330200195, -22.040325164794922, 27.0256290435791, -17.699403762817383, 10.415526390075684, -18.532093048095703, -11.286730766296387, 1.0505306720733643, -5.166587829589844, 3.398298501968384, 109.41867065429688, 44.87489700317383, 38.49456787109375, 35.56365203857422, 35.35035705566406, 19.638042449951172, 23.238712310791016, 12.0311918258667, 15.288796424865723, 16.77887725830078, 12.061965942382812, 11.389503479003906, 8.200935363769531, 0.3449115455150604, 0.42820286750793457, 0.4538441002368927, 0.4794839322566986, 0.5652691125869751, 0.5800354480743408, 0.5872501134872437, 0.5160719752311707, 0.4750822186470032, 0.4099048972129822, 0.4083581566810608, 0.3727577030658722, 0.29893699288368225, 0.3342033922672272, 0.3442840874195099, 0.336868017911911, 0.3483116626739502, 0.3298811912536621, 0.35762494802474976, 0.3496207296848297, 0.352481871843338, 0.34393978118896484, 0.33708012104034424, 0.32030215859413147, 1698.902447283087, 938.1166084873197, 3550.286865234375, 1820.7820568158045, 0.026765242866847828, 0.029045903463485668]"
processed_emodb\14a07Lc.wav,L,"[-265.6226501464844, 94.36640167236328, 2.0535078048706055, 51.33638381958008, -8.671523094177246, 22.70134162902832, -4.503901481628418, -8.427252769470215, -5.8720574378967285, -2.6640987396240234, 3.1436948776245117, -5.387360095977783, 1.7793595790863037, 119.64031219482422, 57.106971740722656, 27.809581756591797, 21.881114959716797, 27.73154067993164, 19.115591049194336, 20.08047103881836, 20.55512046813965, 14.028703689575195, 12.448042869567871, 9.179262161254883, 10.914506912231445, 10.59755802154541, 0.4267885684967041, 0.41846659779548645, 0.3684988021850586, 0.3859650194644928, 0.41985058784484863, 0.40787920355796814, 0.4494055509567261, 0.48635274171829224, 0.5145273208618164, 0.52436363697052, 0.5381021499633789, 0.46570733189582825, 0.3649311661720276, 0.38370031118392944, 0.35071051120758057, 0.38403546810150146, 0.4070132076740265, 0.3949587047100067, 0.39234092831611633, 0.3737095892429352, 0.3627571165561676, 0.32565680146217346, 0.35428503155708313, 0.34378862380981445, 1327.4151619005302, 1125.1940732090122, 2605.6845021802324, 2001.1941212509173, 0.044524436773255814, 0.0736945706858571]"
processed_emodb\11a07Wc.wav,W,"[-266.33251953125, 98.90811157226562, -44.49028015136719, 31.73871612548828, -19.950992584228516, 1.8079476356506348, -10.257984161376953, 9.773256301879883, -16.276758193969727, -4.240728855133057, 1.398684024810791, -11.470778465270996, 3.449211835861206, 119.03659057617188, 41.764469146728516, 56.68035888671875, 28.862293243408203, 31.504234313964844, 24.57294273376465, 15.649056434631348, 13.603691101074219, 19.53660011291504, 13.752334594726562, 11.213419914245605, 9.580399513244629, 11.106404304504395, 0.4493849575519562, 0.5047118067741394, 0.5243083834648132, 0.5032588839530945, 0.368150919675827, 0.3543405532836914, 0.3637342154979706, 0.36455225944519043, 0.3961324095726013, 0.39118894934654236, 0.33467963337898254, 0.35869377851486206, 0.35655730962753296, 0.3347536325454712, 0.3457235097885132, 0.3733031451702118, 0.3060588538646698, 0.342363566160202, 0.3585038483142853, 0.3530106246471405, 0.3508165180683136, 0.3378351330757141, 0.3014530539512634, 0.32727277278900146, 1423.8066483129728, 858.765212244407, 2816.298777786727, 1752.878135679752, 0.033978334407216496, 0.030727521858637974]"
processed_emodb\14a02La.wav,L,"[-233.1222381591797, 127.175048828125, 0.018067169934511185, 51.283329010009766, -12.249356269836426, 21.681915283203125, -6.374878883361816, 0.7782819867134094, -2.954371452331543, -3.7716171741485596, 7.127688407897949, -7.071786880493164, 5.675086498260498, 89.29588317871094, 42.62009811401367, 30.35369110107422, 24.675180435180664, 31.700889587402344, 19.981035232543945, 20.91434669494629, 15.58477783203125, 11.81844425201416, 15.375992774963379, 12.77741527557373, 9.07619857788086, 8.93195915222168, 0.48835787177085876, 0.5599647760391235, 0.5629813075065613, 0.5521724224090576, 0.5022530555725098, 0.5067735314369202, 0.495516300201416, 0.48700395226478577, 0.47103169560432434, 0.41797202825546265, 0.4124146103858948, 0.39939597249031067, 0.35316386818885803, 0.34889882802963257, 0.357087641954422, 0.3657926619052887, 0.37600404024124146, 0.37314337491989136, 0.36312219500541687, 0.3656589686870575, 0.3610934019088745, 0.318144291639328, 0.33811962604522705, 0.31798243522644043, 897.515098003832, 734.3017111748126, 1891.501895680147, 1796.2017306592088, 0.010569852941176471, 0.010425409961730407]"
processed_emodb\13b10Wa.wav,W,"[-224.44052124023438, 102.46019744873047, -54.338558197021484, 26.146455764770508, -21.942153930664062, 3.7786149978637695, -23.2989559173584, 1.860541582107544, -24.57979965209961, -13.32290267944336, -7.906262397766113, -5.438206672668457, -4.640635967254639, 107.46184539794922, 30.676090240478516, 45.12289810180664, 31.061965942382812, 25.6923770904541, 18.541282653808594, 19.407855987548828, 11.051533699035645, 13.861162185668945, 13.673004150390625, 11.213068008422852, 9.386244773864746, 8.45244026184082, 0.3010445833206177, 0.2903822660446167, 0.31191590428352356, 0.36123839020729065, 0.3834722936153412, 0.41016915440559387, 0.3649826943874359, 0.30918192863464355, 0.25905194878578186, 0.24083633720874786, 0.22513985633850098, 0.2565493881702423, 0.32947272062301636, 0.29581451416015625, 0.34019872546195984, 0.35820630192756653, 0.3626176416873932, 0.375559538602829, 0.3586941063404083, 0.368577241897583, 0.3458889424800873, 0.3325832486152649, 0.2941380739212036, 0.3041932284832001, 1605.720366178615, 476.1446837855456, 3099.421258223684, 1171.6935485574918, 0.06515213815789474, 0.03737230830691105]"
processed_emodb\14a05Na.wav,N,"[-235.52566528320312, 122.55830383300781, -9.707098007202148, 58.116973876953125, -15.637850761413574, 24.164716720581055, -10.925557136535645, -5.386220455169678, -9.054777145385742, -7.655689716339111, 2.6366372108459473, -2.2799856662750244, 3.4693944454193115, 91.03837585449219, 54.81486511230469, 33.12064743041992, 27.219768524169922, 27.669734954833984, 19.203641891479492, 18.153228759765625, 16.20103645324707, 10.624143600463867, 12.282512664794922, 10.875959396362305, 8.102776527404785, 10.60283088684082, 0.3431840240955353, 0.3759443461894989, 0.38633614778518677, 0.43597763776779175, 0.48907458782196045, 0.5058121681213379, 0.47762730717658997, 0.4202124774456024, 0.36790767312049866, 0.3593849241733551, 0.3871591091156006, 0.3587662875652313, 0.3075089156627655, 0.3223969340324402, 0.32156068086624146, 0.3533490002155304, 0.3441680669784546, 0.35274237394332886, 0.37295058369636536, 0.37760838866233826, 0.35961589217185974, 0.3388010561466217, 0.35106298327445984, 0.32396838068962097, 1444.5834816878269, 1103.465323307253, 2761.4701704545455, 1848.4058834089801, 0.049797289299242424, 0.06938010384305358]"
processed_emodb\15b02Nd.wav,N,"[-225.9700164794922, 135.91209411621094, -25.674772262573242, 70.07111358642578, -14.67078971862793, 32.710296630859375, -0.10651510208845139, 13.876482963562012, -9.297582626342773, -0.4140307307243347, 5.499804496765137, 3.898320198059082, 9.116719245910645, 110.19843292236328, 55.12937927246094, 38.66698455810547, 28.196292877197266, 29.415451049804688, 26.353147506713867, 18.447031021118164, 10.57787799835205, 14.281797409057617, 11.073369026184082, 15.412558555603027, 9.555864334106445, 8.501099586486816, 0.43596118688583374, 0.4315102994441986, 0.4808404743671417, 0.5881599187850952, 0.5674502849578857, 0.6189097762107849, 0.6481627225875854, 0.5917675495147705, 0.5276484489440918, 0.44599974155426025, 0.43997135758399963, 0.4624670147895813, 0.2647550106048584, 0.27444714307785034, 0.30547434091567993, 0.35246574878692627, 0.3208320140838623, 0.31779828667640686, 0.27519214153289795, 0.3187556862831116, 0.3160988986492157, 0.28562313318252563, 0.3022204041481018, 0.2821716070175171, 1089.8192299289135, 758.5202033284575, 2461.458669615186, 1684.0382414678347, 0.007388784865702479, 0.009560891040488361]"
processed_emodb\08a01Wa.wav,W,"[-273.6583251953125, 81.1253890991211, -63.8961067199707, 47.848567962646484, -37.80752944946289, 24.283538818359375, -24.04072380065918, 1.074129343032837, -3.6379058361053467, -4.0532307624816895, 3.1315112113952637, -2.186587333679199, 6.729272365570068, 142.24168395996094, 34.90243148803711, 57.219642639160156, 24.202831268310547, 39.80446243286133, 14.478066444396973, 27.775697708129883, 12.437626838684082, 14.116461753845215, 14.858600616455078, 8.435630798339844, 10.773848533630371, 9.063800811767578, 0.49790310859680176, 0.5353529453277588, 0.5176225304603577, 0.5169605612754822, 0.5894546508789062, 0.6112733483314514, 0.5455884337425232, 0.4628196060657501, 0.4337349236011505, 0.4102049171924591, 0.423280268907547, 0.4099569618701935, 0.33900997042655945, 0.3620346486568451, 0.37674480676651, 0.36854302883148193, 0.3769644796848297, 0.3622742295265198, 0.3768787384033203, 0.3397112190723419, 0.3488016426563263, 0.3643353581428528, 0.3451341986656189, 0.30203813314437866, 1375.7214844356918, 854.1395498308999, 2939.12841796875, 1846.5571354926742, 0.017466517857142858, 0.023326965015356516]"
processed_emodb\15b09Ta.wav,T,"[-248.02059936523438, 117.447998046875, -11.651650428771973, 68.4190673828125, 10.404387474060059, 30.492429733276367, 7.78024435043335, 10.737090110778809, -3.4687910079956055, -4.645759582519531, 2.2129902839660645, 4.728835105895996, 3.3762712478637695, 111.65672302246094, 54.347232818603516, 39.2454719543457, 26.919557571411133, 30.867603302001953, 18.446691513061523, 14.137717247009277, 11.606409072875977, 15.448808670043945, 12.680586814880371, 12.092724800109863, 9.762991905212402, 10.950018882751465, 0.39458876848220825, 0.41355815529823303, 0.44864076375961304, 0.45184245705604553, 0.47949519753456116, 0.5084976553916931, 0.5096163153648376, 0.5544573068618774, 0.5622363686561584, 0.5760738253593445, 0.5228960514068604, 0.4524182081222534, 0.31570157408714294, 0.34407293796539307, 0.3596915304660797, 0.36640504002571106, 0.3691919147968292, 0.3625812232494354, 0.3285263776779175, 0.34341299533843994, 0.30215999484062195, 0.3147420585155487, 0.32126665115356445, 0.32912299036979675, 1041.3550317742313, 946.7061463193716, 2054.865031159682, 1800.3066233108082, 0.01653664649566474, 0.022287422041654858]"
processed_emodb\10a02Ab.wav,A,"[-232.78488159179688, 81.34536743164062, -30.925100326538086, 65.82746887207031, -19.507049560546875, 34.044307708740234, -19.93431854248047, 6.445571422576904, -20.306827545166016, -1.1408368349075317, -1.9140474796295166, -3.165839672088623, 15.581930160522461, 169.97286987304688, 52.62129211425781, 37.6935920715332, 34.21627426147461, 29.14828109741211, 21.89430046081543, 23.324752807617188, 11.26375675201416, 17.008317947387695, 9.231308937072754, 9.552935600280762, 12.905611991882324, 7.020515441894531, 0.373435914516449, 0.4478563964366913, 0.49180367588996887, 0.5801922678947449, 0.5922835469245911, 0.5956177711486816, 0.6167528629302979, 0.5854752063751221, 0.5524293184280396, 0.5514458417892456, 0.4814247786998749, 0.3817431628704071, 0.29882511496543884, 0.3432934284210205, 0.3374049961566925, 0.33152976632118225, 0.31981587409973145, 0.3146103322505951, 0.29948291182518005, 0.3097427785396576, 0.30921220779418945, 0.34904220700263977, 0.32665231823921204, 0.29389819502830505, 2323.9365835409944, 1243.540603100659, 4453.83544921875, 1493.3837158410652, 0.13387974330357144, 0.11905503906105237]"
processed_emodb\16a04Ab.wav,A,"[-199.5074462890625, 91.96743774414062, -66.70513916015625, 55.41928482055664, -39.8306999206543, 24.415088653564453, -24.721755981445312, 2.9261527061462402, -8.497234344482422, -5.074283123016357, 1.141052484512329, -9.950912475585938, -4.543428421020508, 84.38932800292969, 30.779409408569336, 49.89536666870117, 31.33625602722168, 21.505708694458008, 12.66016674041748, 21.862321853637695, 11.810699462890625, 13.646461486816406, 13.811112403869629, 9.42215633392334, 7.850361347198486, 7.607989311218262, 0.26650187373161316, 0.3344297707080841, 0.40288278460502625, 0.5695845484733582, 0.6339825987815857, 0.3171825706958771, 0.22428995370864868, 0.26588907837867737, 0.3087461292743683, 0.2749563753604889, 0.3205191493034363, 0.3221803605556488, 0.29506537318229675, 0.3606261909008026, 0.34872058033943176, 0.3382827937602997, 0.37959524989128113, 0.3013502061367035, 0.3062029778957367, 0.31511184573173523, 0.33107516169548035, 0.32765763998031616, 0.3284597098827362, 0.29647576808929443, 1566.2143980651008, 722.2667111098784, 3413.6856079101562, 1684.2730786294758, 0.02129364013671875, 0.02466252614830212]"
processed_emodb\11b10Td.wav,T,"[-249.5517578125, 117.96300506591797, -5.536862373352051, 58.83443832397461, 2.1397602558135986, 31.26816749572754, 8.446300506591797, 9.139690399169922, -1.8942655324935913, 2.374643564224243, 7.658504009246826, 6.67117166519165, 3.7804782390594482, 110.99642181396484, 54.51219940185547, 29.359365463256836, 29.722658157348633, 27.450084686279297, 17.872493743896484, 12.726197242736816, 11.938759803771973, 15.322039604187012, 11.467437744140625, 9.398810386657715, 7.251269340515137, 8.398429870605469, 0.4042876958847046, 0.3974551260471344, 0.4118155539035797, 0.4547644257545471, 0.49297669529914856, 0.5120688080787659, 0.5699568390846252, 0.6936089396476746, 0.739349365234375, 0.7565978765487671, 0.6281542778015137, 0.48349571228027344, 0.3309866786003113, 0.35912972688674927, 0.3737942576408386, 0.37902751564979553, 0.35771915316581726, 0.3593256175518036, 0.341012179851532, 0.3258974254131317, 0.2574101686477661, 0.25467556715011597, 0.26589128375053406, 0.3188827335834503, 912.3801926255226, 902.0714413066263, 1786.48681640625, 1787.0750059981597, 0.013020833333333334, 0.016097302608340733]"
processed_emodb\15a04Nc.wav,N,"[-241.9117431640625, 138.70675659179688, -41.10187911987305, 65.7011489868164, -21.796268463134766, 27.427608489990234, -5.150786876678467, 13.989544868469238, -11.355489730834961, -5.067241191864014, 7.966486930847168, -0.7193710207939148, 2.975313663482666, 125.44255065917969, 55.45232391357422, 36.247657775878906, 36.94306182861328, 24.33177947998047, 20.652324676513672, 17.829343795776367, 13.305572509765625, 14.63257122039795, 10.279006958007812, 15.882636070251465, 10.886982917785645, 7.833263397216797, 0.3939334750175476, 0.4085492193698883, 0.4843471646308899, 0.552623450756073, 0.514100193977356, 0.5196059942245483, 0.5090580582618713, 0.49906474351882935, 0.46871158480644226, 0.5077748894691467, 0.5302629470825195, 0.45791780948638916, 0.2818796932697296, 0.26976460218429565, 0.30850276350975037, 0.35443252325057983, 0.2935830354690552, 0.24025264382362366, 0.2741643488407135, 0.3203694522380829, 0.28753161430358887, 0.3027866780757904, 0.32024723291397095, 0.2883951961994171, 1724.5725302996993, 1012.1366651206095, 3373.2926652238175, 1299.540616477703, 0.08515229096283784, 0.0889853658532977]"
processed_emodb\03a07Fb.wav,F,"[-208.4608154296875, 87.31177520751953, -38.30427932739258, 57.61503982543945, -24.4510498046875, 25.941421508789062, -27.021236419677734, 10.573509216308594, -15.065513610839844, -10.248712539672852, -1.0382276773452759, -9.663392066955566, 2.41691255569458, 85.12264251708984, 45.121971130371094, 38.272010803222656, 27.20444107055664, 21.898649215698242, 23.50191307067871, 22.314579010009766, 12.066018104553223, 13.863746643066406, 12.111059188842773, 15.139774322509766, 8.939741134643555, 8.913289070129395, 0.3200865387916565, 0.3256229758262634, 0.35164520144462585, 0.35261836647987366, 0.2919309139251709, 0.2856377959251404, 0.2620808184146881, 0.2695781886577606, 0.37046629190444946, 0.3509376049041748, 0.30034470558166504, 0.2961374521255493, 0.3586200475692749, 0.3540210723876953, 0.36546775698661804, 0.381774365901947, 0.34638696908950806, 0.34058815240859985, 0.32512593269348145, 0.3187831938266754, 0.3860768973827362, 0.34999966621398926, 0.3273185193538666, 0.32697004079818726, 1709.5829328610005, 1085.2248970621838, 3428.6547390919814, 1980.6285549991105, 0.03705870430424528, 0.03431536893916967]"
processed_emodb\16b10Fb.wav,F,"[-251.62635803222656, 54.62201690673828, -68.29095458984375, 54.46176528930664, -23.692119598388672, 5.230722904205322, -17.53016471862793, 2.3591339588165283, -8.651300430297852, -3.164991617202759, -3.869682550430298, 1.233227014541626, 3.8402938842773438, 98.73509216308594, 29.90131378173828, 55.083316802978516, 28.65755271911621, 24.031335830688477, 17.653221130371094, 17.587722778320312, 14.567327499389648, 13.883332252502441, 11.142072677612305, 11.850095748901367, 13.976311683654785, 16.695192337036133, 0.43233823776245117, 0.45690879225730896, 0.43936339020729065, 0.46430253982543945, 0.44081345200538635, 0.40752193331718445, 0.4405636787414551, 0.4428476393222809, 0.5030514597892761, 0.5303676724433899, 0.4145676791667938, 0.3813631236553192, 0.3364025354385376, 0.32376155257225037, 0.3562227189540863, 0.37654921412467957, 0.3643762767314911, 0.3601725697517395, 0.3558644950389862, 0.353597491979599, 0.35013458132743835, 0.3763149380683899, 0.3232848346233368, 0.32343530654907227, 1300.5045625947027, 641.3972370063866, 2784.2239379882812, 1398.9048261745659, 0.007917131696428572, 0.014876049233062554]"
processed_emodb\10b02Na.wav,N,"[-178.28228759765625, 148.83401489257812, -26.42198371887207, 57.1943359375, -14.034921646118164, 25.773420333862305, 6.273399829864502, 4.447362899780273, -15.66350269317627, -6.379237651824951, -8.777655601501465, 1.7925035953521729, 7.570671081542969, 67.04399108886719, 56.72599792480469, 29.66724967956543, 25.868408203125, 27.48112678527832, 24.58017921447754, 12.205253601074219, 12.578269004821777, 17.078516006469727, 12.168228149414062, 12.961285591125488, 10.449295043945312, 7.385018825531006, 0.36050477623939514, 0.32856982946395874, 0.3667394816875458, 0.45149657130241394, 0.42662614583969116, 0.41279250383377075, 0.4306429326534271, 0.4800214171409607, 0.49316564202308655, 0.5044876933097839, 0.47929680347442627, 0.44513145089149475, 0.2808114290237427, 0.2736966013908386, 0.29206037521362305, 0.34237903356552124, 0.2875511348247528, 0.2972409725189209, 0.2963380813598633, 0.33861246705055237, 0.2962974011898041, 0.28000733256340027, 0.29848888516426086, 0.333074688911438, 1383.0006149496535, 962.1557732978081, 2685.7196355270125, 1559.4961073490388, 0.052837824417372885, 0.05375067941234431]"
processed_emodb\10b03Wb.wav,W,"[-249.08612060546875, 97.5132064819336, -39.90110397338867, 20.995264053344727, -9.930503845214844, 10.250664710998535, -3.1749565601348877, 4.519733428955078, -18.602235794067383, -4.813172817230225, 4.23666524887085, -4.566394805908203, 1.7464427947998047, 95.4953384399414, 37.103702545166016, 54.6357536315918, 28.74626922607422, 27.818069458007812, 22.553424835205078, 18.246084213256836, 15.922907829284668, 15.433444023132324, 12.571309089660645, 13.334847450256348, 12.874774932861328, 9.933999061584473, 0.3791704773902893, 0.43279793858528137, 0.4221124053001404, 0.4272810220718384, 0.4409363865852356, 0.45416706800460815, 0.44848939776420593, 0.4170972406864166, 0.401163250207901, 0.3785223960876465, 0.3579838275909424, 0.3409366309642792, 0.301571249961853, 0.3225993514060974, 0.3232131600379944, 0.32146868109703064, 0.30781713128089905, 0.3190966844558716, 0.32896703481674194, 0.3532029092311859, 0.3534639775753021, 0.33277153968811035, 0.303334504365921, 0.2987470328807831, 1742.4455404966684, 819.4433268521997, 3328.433825306057, 1546.401194242038, 0.07115818298969072, 0.05290520255103197]"
processed_emodb\03a05Nd.wav,N,"[-225.36459350585938, 122.43099975585938, -20.013626098632812, 60.45976257324219, -8.196666717529297, 20.3391170501709, -12.879862785339355, 2.021625518798828, -16.9405574798584, -2.5040955543518066, 5.284718036651611, -5.519261837005615, 1.8539491891860962, 96.74996948242188, 57.95560836791992, 34.7663688659668, 32.48152542114258, 28.58568572998047, 21.061399459838867, 18.181825637817383, 15.708842277526855, 14.938360214233398, 10.881082534790039, 11.885600090026855, 11.512690544128418, 9.07589340209961, 0.4082646369934082, 0.444703608751297, 0.42289939522743225, 0.3893737196922302, 0.4233599901199341, 0.43266749382019043, 0.460435688495636, 0.46287843585014343, 0.429226279258728, 0.4864976406097412, 0.47462156414985657, 0.40735599398612976, 0.30913129448890686, 0.3300667107105255, 0.34619396924972534, 0.3260340094566345, 0.3222191631793976, 0.3106241524219513, 0.3234519362449646, 0.35747697949409485, 0.3094588816165924, 0.33439645171165466, 0.3127383291721344, 0.2839912176132202, 1563.0911670564706, 1106.087073731974, 2952.327889769617, 1815.0906142633055, 0.05974138914233577, 0.07072178853922037]"
